/*******************************************************************************
 * Size: 34 px
 * Bpp: 4
 * Opts: --font tools/fonts/sg700.ttf --size 34 --bpp 4 --format lvgl -r 0x20-0x7F --no-compress --lv-font-name lv_font_grotesk_34 -o glazia_hub/main/ui/lv_font_grotesk_34.c
 ******************************************************************************/

#define LV_LVGL_H_INCLUDE_SIMPLE
#include "lvgl.h"

#ifndef LV_FONT_GROTESK_34
#define LV_FONT_GROTESK_34 1
#endif

#if LV_FONT_GROTESK_34

/*-----------------
 *    BITMAPS
 *----------------*/

/*Store the image of the glyphs*/
static LV_ATTRIBUTE_LARGE_CONST const uint8_t glyph_bitmap[] = {
    /* U+0020 " " */

    /* U+0021 "!" */
    0x1, 0xff, 0xff, 0x30, 0x1, 0xff, 0xff, 0x30,
    0x1, 0xff, 0xff, 0x30, 0x1, 0xff, 0xff, 0x30,
    0x1, 0xff, 0xff, 0x30, 0x1, 0xff, 0xff, 0x30,
    0x1, 0xff, 0xff, 0x30, 0x1, 0xff, 0xff, 0x30,
    0x1, 0xff, 0xff, 0x30, 0x1, 0xff, 0xff, 0x30,
    0x1, 0xff, 0xff, 0x30, 0x1, 0xff, 0xff, 0x30,
    0x1, 0xff, 0xff, 0x30, 0x1, 0xff, 0xff, 0x30,
    0x1, 0xff, 0xff, 0x30, 0x1, 0xaa, 0xaa, 0x20,
    0x0, 0x3, 0x40, 0x0, 0x2, 0xdf, 0xfe, 0x40,
    0xd, 0xff, 0xff, 0xe0, 0x1f, 0xff, 0xff, 0xf3,
    0xf, 0xff, 0xff, 0xf2, 0xa, 0xff, 0xff, 0xc0,
    0x0, 0x9e, 0xea, 0x10,

    /* U+0022 "\"" */
    0x1, 0x9e, 0xe9, 0x0, 0x5, 0xdf, 0xc4, 0x0,
    0xbf, 0xff, 0xfa, 0x3, 0xff, 0xff, 0xf2, 0x1f,
    0xff, 0xff, 0xf0, 0x9f, 0xff, 0xff, 0x81, 0xff,
    0xff, 0xff, 0x29, 0xff, 0xff, 0xfa, 0xa, 0xff,
    0xff, 0xf2, 0x3f, 0xff, 0xff, 0xa0, 0x7, 0xce,
    0xff, 0x20, 0x3a, 0xcf, 0xfa, 0x0, 0x0, 0x6f,
    0xf2, 0x0, 0x0, 0xff, 0xa0, 0x0, 0x7, 0xff,
    0x10, 0x0, 0xf, 0xf9, 0x1, 0x45, 0xef, 0xf0,
    0x3, 0x4a, 0xff, 0x70, 0x5f, 0xff, 0xf8, 0x0,
    0xdf, 0xff, 0xe1, 0x5, 0xff, 0xd7, 0x0, 0xd,
    0xfe, 0xb2, 0x0,

    /* U+0023 "#" */
    0x0, 0x0, 0xff, 0xfe, 0x0, 0x4, 0xff, 0xf9,
    0x0, 0x0, 0x0, 0x0, 0xff, 0xfe, 0x0, 0x4,
    0xff, 0xf9, 0x0, 0x0, 0x0, 0x0, 0xff, 0xfe,
    0x0, 0x4, 0xff, 0xf9, 0x0, 0x0, 0x0, 0x0,
    0xff, 0xfe, 0x0, 0x4, 0xff, 0xf9, 0x0, 0x0,
    0x0, 0x0, 0xff, 0xfe, 0x0, 0x4, 0xff, 0xf9,
    0x0, 0x0, 0x0, 0x0, 0xff, 0xfe, 0x0, 0x4,
    0xff, 0xf9, 0x0, 0x0, 0xaf, 0xff, 0xff, 0xff,
    0xff, 0xff, 0xff, 0xff, 0xff, 0xf4, 0xaf, 0xff,
    0xff, 0xff, 0xff, 0xff, 0xff, 0xff, 0xff, 0xf4,
    0xaf, 0xff, 0xff, 0xff, 0xff, 0xff, 0xff, 0xff,
    0xff, 0xf4, 0x69, 0x99, 0xff, 0xff, 0x99, 0x9b,
    0xff, 0xfd, 0x99, 0x92, 0x0, 0x0, 0xff, 0xfe,
    0x0, 0x4, 0xff, 0xf9, 0x0, 0x0, 0x0, 0x0,
    0xff, 0xfe, 0x0, 0x4, 0xff, 0xf9, 0x0, 0x0,
    0x0, 0x0, 0xff, 0xfe, 0x0, 0x4, 0xff, 0xf9,
    0x0, 0x0, 0xaf, 0xff, 0xff, 0xff, 0xff, 0xff,
    0xff, 0xff, 0xff, 0xf4, 0xaf, 0xff, 0xff, 0xff,
    0xff, 0xff, 0xff, 0xff, 0xff, 0xf4, 0xaf, 0xff,
    0xff, 0xff, 0xff, 0xff, 0xff, 0xff, 0xff, 0xf4,
    0x69, 0x99, 0xff, 0xff, 0x99, 0x9b, 0xff, 0xfd,
    0x99, 0x92, 0x0, 0x0, 0xff, 0xfe, 0x0, 0x4,
    0xff, 0xf9, 0x0, 0x0, 0x0, 0x0, 0xff, 0xfe,
    0x0, 0x4, 0xff, 0xf9, 0x0, 0x0, 0x0, 0x0,
    0xff, 0xfe, 0x0, 0x4, 0xff, 0xf9, 0x0, 0x0,
    0x0, 0x0, 0xff, 0xfe, 0x0, 0x4, 0xff, 0xf9,
    0x0, 0x0, 0x0, 0x0, 0xff, 0xfe, 0x0, 0x4,
    0xff, 0xf9, 0x0, 0x0, 0x0, 0x0, 0xff, 0xfe,
    0x0, 0x4, 0xff, 0xf9, 0x0, 0x0,

    /* U+0024 "$" */
    0x0, 0x0, 0x0, 0x4, 0x88, 0x84, 0x0, 0x0,
    0x0, 0x0, 0x0, 0x0, 0x0, 0x9f, 0xff, 0x80,
    0x0, 0x0, 0x0, 0x0, 0x0, 0x0, 0x9, 0xff,
    0xf8, 0x0, 0x0, 0x0, 0x0, 0x0, 0x0, 0x0,
    0x9f, 0xff, 0x80, 0x0, 0x0, 0x0, 0x0, 0x0,
    0x0, 0x9, 0xff, 0xf8, 0x0, 0x0, 0x0, 0x0,
    0x0, 0x2, 0x7b, 0xff, 0xff, 0xf8, 0x30, 0x0,
    0x0, 0x0, 0x8, 0xff, 0xff, 0xff, 0xff, 0xff,
    0xb2, 0x0, 0x0, 0xb, 0xff, 0xff, 0xff, 0xff,
    0xff, 0xff, 0xe3, 0x0, 0x8, 0xff, 0xff, 0xff,
    0xff, 0xff, 0xff, 0xff, 0xe1, 0x0, 0xef, 0xff,
    0xf6, 0x9f, 0xff, 0xcc, 0xff, 0xff, 0x70, 0x2f,
    0xff, 0xf7, 0x9, 0xff, 0xf8, 0xe, 0xff, 0xfc,
    0x3, 0xff, 0xff, 0x30, 0x9f, 0xff, 0x80, 0x8f,
    0xff, 0xe0, 0x1f, 0xff, 0xf7, 0x9, 0xff, 0xf8,
    0x7, 0xff, 0xff, 0x0, 0xdf, 0xff, 0xf7, 0x9f,
    0xff, 0x80, 0x13, 0x33, 0x30, 0x5, 0xff, 0xff,
    0xff, 0xff, 0xf9, 0x0, 0x0, 0x0, 0x0, 0x6,
    0xff, 0xff, 0xff, 0xff, 0xfc, 0x71, 0x0, 0x0,
    0x0, 0x2, 0xaf, 0xff, 0xff, 0xff, 0xff, 0xf9,
    0x10, 0x0, 0x0, 0x0, 0x16, 0xff, 0xff, 0xff,
    0xff, 0xfd, 0x10, 0x0, 0x0, 0x0, 0x9, 0xff,
    0xff, 0xef, 0xff, 0xfc, 0x8, 0x99, 0x95, 0x0,
    0x9f, 0xff, 0x80, 0xaf, 0xff, 0xf4, 0xdf, 0xff,
    0x90, 0x9, 0xff, 0xf8, 0x0, 0xff, 0xff, 0x7b,
    0xff, 0xfc, 0x0, 0x9f, 0xff, 0x80, 0xf, 0xff,
    0xf7, 0x8f, 0xff, 0xf4, 0x9, 0xff, 0xf8, 0x5,
    0xff, 0xff, 0x62, 0xff, 0xff, 0xf9, 0xbf, 0xff,
    0x97, 0xff, 0xff, 0xf1, 0x8, 0xff, 0xff, 0xff,
    0xff, 0xff, 0xff, 0xff, 0xf8, 0x0, 0xa, 0xff,
    0xff, 0xff, 0xff, 0xff, 0xff, 0xfa, 0x0, 0x0,
    0x6, 0xef, 0xff, 0xff, 0xff, 0xff, 0xe7, 0x0,
    0x0, 0x0, 0x0, 0x5a, 0xff, 0xff, 0xfa, 0x51,
    0x0, 0x0, 0x0, 0x0, 0x0, 0x9, 0xff, 0xf8,
    0x0, 0x0, 0x0, 0x0, 0x0, 0x0, 0x0, 0x9f,
    0xff, 0x80, 0x0, 0x0, 0x0, 0x0, 0x0, 0x0,
    0x9, 0xff, 0xf8, 0x0, 0x0, 0x0, 0x0, 0x0,
    0x0, 0x0, 0x48, 0x88, 0x40, 0x0, 0x0, 0x0,

    /* U+0025 "%" */
    0x0, 0x0, 0x0, 0x0, 0x0, 0x0, 0x0, 0x0,
    0x0, 0x0, 0x0, 0x0, 0x0, 0x0, 0x7c, 0xff,
    0xeb, 0x50, 0x0, 0x0, 0x0, 0x0, 0xc, 0x80,
    0x0, 0x2, 0xef, 0xff, 0xff, 0xff, 0xb0, 0x0,
    0x0, 0x0, 0xa, 0xff, 0xb0, 0x0, 0xbf, 0xff,
    0xec, 0xef, 0xff, 0x70, 0x0, 0x0, 0x8, 0xff,
    0xfc, 0x0, 0xf, 0xff, 0x90, 0x0, 0xcf, 0xfd,
    0x0, 0x0, 0x6, 0xff, 0xfe, 0x10, 0x1, 0xff,
    0xf4, 0x0, 0x8, 0xff, 0xe0, 0x0, 0x4, 0xff,
    0xff, 0x20, 0x0, 0xf, 0xff, 0xb2, 0x3, 0xef,
    0xfc, 0x0, 0x2, 0xff, 0xff, 0x40, 0x0, 0x0,
    0x9f, 0xff, 0xff, 0xff, 0xff, 0x50, 0x1, 0xef,
    0xff, 0x60, 0x0, 0x0, 0x0, 0xaf, 0xff, 0xff,
    0xff, 0x80, 0x0, 0xcf, 0xff, 0x80, 0x0, 0x0,
    0x0, 0x0, 0x38, 0xab, 0xa7, 0x20, 0x0, 0xbf,
    0xff, 0xa0, 0x0, 0x0, 0x0, 0x0, 0x0, 0x0,
    0x0, 0x0, 0x0, 0x9f, 0xff, 0xc0, 0x0, 0x0,
    0x0, 0x0, 0x0, 0x0, 0x0, 0x0, 0x0, 0x6f,
    0xff, 0xd1, 0x0, 0x0, 0x0, 0x0, 0x0, 0x0,
    0x0, 0x0, 0x0, 0x4f, 0xff, 0xe2, 0x0, 0x0,
    0x0, 0x0, 0x0, 0x0, 0x0, 0x0, 0x0, 0x3f,
    0xff, 0xf3, 0x0, 0x0, 0x0, 0x0, 0x0, 0x0,
    0x0, 0x0, 0x0, 0x1e, 0xff, 0xf5, 0x0, 0x6c,
    0xff, 0xeb, 0x40, 0x0, 0x0, 0x0, 0x0, 0xd,
    0xff, 0xf7, 0x0, 0xcf, 0xff, 0xff, 0xff, 0x80,
    0x0, 0x0, 0x0, 0xb, 0xff, 0xf9, 0x0, 0x8f,
    0xff, 0xec, 0xff, 0xff, 0x40, 0x0, 0x0, 0x9,
    0xff, 0xfb, 0x0, 0xe, 0xff, 0xb0, 0x1, 0xef,
    0xfb, 0x0, 0x0, 0x7, 0xff, 0xfd, 0x0, 0x1,
    0xff, 0xf5, 0x0, 0x9, 0xff, 0xd0, 0x0, 0x5,
    0xff, 0xfe, 0x10, 0x0, 0x1f, 0xff, 0x50, 0x0,
    0x9f, 0xfd, 0x0, 0x3, 0xff, 0xff, 0x30, 0x0,
    0x0, 0xef, 0xfb, 0x0, 0x1e, 0xff, 0xb0, 0x2,
    0xef, 0xff, 0x40, 0x0, 0x0, 0x9, 0xff, 0xfe,
    0xcf, 0xff, 0xf5, 0x0, 0x2d, 0xff, 0x60, 0x0,
    0x0, 0x0, 0xc, 0xff, 0xff, 0xff, 0xf9, 0x0,
    0x0, 0xa, 0x80, 0x0, 0x0, 0x0, 0x0, 0x6,
    0xcf, 0xfe, 0xb4, 0x0, 0x0, 0x0, 0x0, 0x0,
    0x0, 0x0, 0x0, 0x0, 0x0, 0x0, 0x0, 0x0,
    0x0,

    /* U+0026 "&" */
    0x0, 0x0, 0x49, 0xdf, 0xff, 0xfd, 0x0, 0x0,
    0x0, 0x0, 0x0, 0xa, 0xff, 0xff, 0xff, 0xfd,
    0x0, 0x0, 0x0, 0x0, 0x0, 0xbf, 0xff, 0xff,
    0xff, 0xfd, 0x0, 0x0, 0x0, 0x0, 0x5, 0xff,
    0xff, 0xfb, 0x87, 0x76, 0x0, 0x0, 0x0, 0x0,
    0xb, 0xff, 0xff, 0x30, 0x0, 0x0, 0x0, 0x0,
    0x0, 0x0, 0xd, 0xff, 0xf9, 0x0, 0x0, 0x0,
    0x0, 0x0, 0x0, 0x0, 0xe, 0xff, 0xf6, 0x0,
    0x0, 0x0, 0xcf, 0xff, 0x70, 0x0, 0xb, 0xff,
    0xf8, 0x0, 0x0, 0x0, 0xcf, 0xff, 0x70, 0x0,
    0x5, 0xff, 0xff, 0x30, 0x0, 0x0, 0xcf, 0xff,
    0x70, 0x0, 0x0, 0x9f, 0xff, 0xfb, 0x87, 0x77,
    0xef, 0xff, 0xb7, 0x74, 0x0, 0x5, 0xcf, 0xff,
    0xff, 0xff, 0xff, 0xff, 0xff, 0xfa, 0x0, 0x0,
    0x5f, 0xff, 0xff, 0xff, 0xff, 0xff, 0xff, 0xfa,
    0x0, 0x2d, 0xff, 0xff, 0xff, 0xff, 0xff, 0xff,
    0xff, 0xfa, 0x1, 0xef, 0xff, 0xb3, 0x0, 0x0,
    0xcf, 0xff, 0x70, 0x0, 0x9, 0xff, 0xfb, 0x0,
    0x0, 0x0, 0xcf, 0xff, 0x70, 0x0, 0xe, 0xff,
    0xf5, 0x0, 0x0, 0x0, 0xcf, 0xff, 0x70, 0x0,
    0xf, 0xff, 0xf4, 0x0, 0x0, 0x0, 0xcf, 0xff,
    0x70, 0x0, 0xf, 0xff, 0xf7, 0x0, 0x0, 0x0,
    0xcf, 0xff, 0x70, 0x0, 0xc, 0xff, 0xfe, 0x30,
    0x0, 0x0, 0xcf, 0xff, 0x70, 0x0, 0x6, 0xff,
    0xff, 0xfb, 0x87, 0x77, 0xef, 0xff, 0x70, 0x0,
    0x0, 0xcf, 0xff, 0xff, 0xff, 0xff, 0xff, 0xff,
    0x70, 0x0, 0x0, 0x1b, 0xff, 0xff, 0xff, 0xff,
    0xff, 0xff, 0x70, 0x0, 0x0, 0x0, 0x5a, 0xdf,
    0xff, 0xff, 0xff, 0xff, 0x70, 0x0,

    /* U+0027 "'" */
    0x1, 0x9e, 0xe9, 0x0, 0xb, 0xff, 0xff, 0xa0,
    0x1f, 0xff, 0xff, 0xf0, 0x1f, 0xff, 0xff, 0xf2,
    0xa, 0xff, 0xff, 0xf2, 0x0, 0x7c, 0xef, 0xf2,
    0x0, 0x0, 0x6f, 0xf2, 0x0, 0x0, 0x7f, 0xf1,
    0x1, 0x45, 0xef, 0xf0, 0x5, 0xff, 0xff, 0x80,
    0x5, 0xff, 0xd7, 0x0,

    /* U+0028 "(" */
    0x0, 0x0, 0x0, 0x0, 0x25, 0x88, 0x20, 0x0,
    0x0, 0x18, 0xef, 0xff, 0xf4, 0x0, 0x0, 0x6f,
    0xff, 0xff, 0xff, 0x40, 0x0, 0x7f, 0xff, 0xff,
    0xff, 0xf4, 0x0, 0x4f, 0xff, 0xff, 0xc6, 0x20,
    0x0, 0xd, 0xff, 0xff, 0x60, 0x0, 0x0, 0x5,
    0xff, 0xff, 0x60, 0x0, 0x0, 0x0, 0xaf, 0xff,
    0xc0, 0x0, 0x0, 0x0, 0xe, 0xff, 0xf6, 0x0,
    0x0, 0x0, 0x1, 0xff, 0xff, 0x20, 0x0, 0x0,
    0x0, 0x3f, 0xff, 0xf0, 0x0, 0x0, 0x0, 0x4,
    0xff, 0xfe, 0x0, 0x0, 0x0, 0x0, 0x4f, 0xff,
    0xd0, 0x0, 0x0, 0x0, 0x4, 0xff, 0xfd, 0x0,
    0x0, 0x0, 0x0, 0x4f, 0xff, 0xd0, 0x0, 0x0,
    0x0, 0x4, 0xff, 0xfd, 0x0, 0x0, 0x0, 0x0,
    0x4f, 0xff, 0xd0, 0x0, 0x0, 0x0, 0x4, 0xff,
    0xfd, 0x0, 0x0, 0x0, 0x0, 0x4f, 0xff, 0xd0,
    0x0, 0x0, 0x0, 0x4, 0xff, 0xfd, 0x0, 0x0,
    0x0, 0x0, 0x4f, 0xff, 0xd0, 0x0, 0x0, 0x0,
    0x4, 0xff, 0xfd, 0x0, 0x0, 0x0, 0x0, 0x4f,
    0xff, 0xe0, 0x0, 0x0, 0x0, 0x3, 0xff, 0xff,
    0x0, 0x0, 0x0, 0x0, 0x2f, 0xff, 0xf1, 0x0,
    0x0, 0x0, 0x0, 0xff, 0xff, 0x40, 0x0, 0x0,
    0x0, 0xc, 0xff, 0xfa, 0x0, 0x0, 0x0, 0x0,
    0x7f, 0xff, 0xf2, 0x0, 0x0, 0x0, 0x1, 0xff,
    0xff, 0xd1, 0x0, 0x0, 0x0, 0x8, 0xff, 0xff,
    0xe6, 0x0, 0x0, 0x0, 0xc, 0xff, 0xff, 0xff,
    0xca, 0x20, 0x0, 0x1c, 0xff, 0xff, 0xff, 0xf4,
    0x0, 0x0, 0x7, 0xef, 0xff, 0xff, 0x40, 0x0,
    0x0, 0x0, 0x59, 0xce, 0xf4,

    /* U+0029 ")" */
    0x98, 0x63, 0x0, 0x0, 0x0, 0x0, 0xff, 0xff,
    0xfa, 0x30, 0x0, 0x0, 0xff, 0xff, 0xff, 0xf9,
    0x0, 0x0, 0xff, 0xff, 0xff, 0xff, 0xb0, 0x0,
    0x1, 0x5a, 0xff, 0xff, 0xf8, 0x0, 0x0, 0x0,
    0x3e, 0xff, 0xff, 0x20, 0x0, 0x0, 0x3, 0xff,
    0xff, 0x90, 0x0, 0x0, 0x0, 0x9f, 0xff, 0xe0,
    0x0, 0x0, 0x0, 0x2f, 0xff, 0xf2, 0x0, 0x0,
    0x0, 0xe, 0xff, 0xf5, 0x0, 0x0, 0x0, 0xb,
    0xff, 0xf7, 0x0, 0x0, 0x0, 0xa, 0xff, 0xf8,
    0x0, 0x0, 0x0, 0x9, 0xff, 0xf8, 0x0, 0x0,
    0x0, 0x9, 0xff, 0xf9, 0x0, 0x0, 0x0, 0x9,
    0xff, 0xf9, 0x0, 0x0, 0x0, 0x9, 0xff, 0xf9,
    0x0, 0x0, 0x0, 0x9, 0xff, 0xf9, 0x0, 0x0,
    0x0, 0x9, 0xff, 0xf9, 0x0, 0x0, 0x0, 0x9,
    0xff, 0xf9, 0x0, 0x0, 0x0, 0x9, 0xff, 0xf9,
    0x0, 0x0, 0x0, 0x9, 0xff, 0xf9, 0x0, 0x0,
    0x0, 0x9, 0xff, 0xf8, 0x0, 0x0, 0x0, 0xa,
    0xff, 0xf8, 0x0, 0x0, 0x0, 0xb, 0xff, 0xf7,
    0x0, 0x0, 0x0, 0xd, 0xff, 0xf6, 0x0, 0x0,
    0x0, 0xf, 0xff, 0xf3, 0x0, 0x0, 0x0, 0x6f,
    0xff, 0xf0, 0x0, 0x0, 0x0, 0xdf, 0xff, 0xb0,
    0x0, 0x0, 0xa, 0xff, 0xff, 0x50, 0x0, 0x4,
    0xcf, 0xff, 0xfc, 0x0, 0xab, 0xef, 0xff, 0xff,
    0xe2, 0x0, 0xff, 0xff, 0xff, 0xfe, 0x30, 0x0,
    0xff, 0xff, 0xff, 0x91, 0x0, 0x0, 0xfe, 0xda,
    0x61, 0x0, 0x0, 0x0,

    /* U+002A "*" */
    0x0, 0x0, 0x0, 0x1f, 0xf7, 0x0, 0x0, 0x0,
    0x0, 0x5, 0x0, 0x1f, 0xf7, 0x0, 0x50, 0x0,
    0x0, 0x7f, 0xb0, 0x1f, 0xf6, 0x6, 0xfc, 0x0,
    0x0, 0xcf, 0xfa, 0xe, 0xf4, 0x4f, 0xff, 0x30,
    0x0, 0x1c, 0xff, 0x5c, 0xf3, 0xef, 0xf4, 0x0,
    0x0, 0x1, 0xaf, 0xee, 0xfd, 0xfd, 0x30, 0x0,
    0x37, 0x76, 0x38, 0xff, 0xff, 0xc3, 0x57, 0x76,
    0x8f, 0xff, 0xff, 0xff, 0xff, 0xff, 0xff, 0xfd,
    0x8f, 0xfe, 0xcb, 0xff, 0xff, 0xdb, 0xef, 0xfd,
    0x0, 0x0, 0x3d, 0xff, 0xff, 0xf6, 0x0, 0x0,
    0x0, 0x7, 0xff, 0xac, 0xf6, 0xff, 0xb0, 0x0,
    0x0, 0x8f, 0xfd, 0xe, 0xf3, 0x8f, 0xfc, 0x10,
    0x0, 0xbf, 0xd2, 0xf, 0xf6, 0xa, 0xfe, 0x20,
    0x0, 0x8, 0x10, 0x1f, 0xf7, 0x0, 0x72, 0x0,
    0x0, 0x0, 0x0, 0x1f, 0xf7, 0x0, 0x0, 0x0,
    0x0, 0x0, 0x0, 0x1, 0x10, 0x0, 0x0, 0x0,

    /* U+002B "+" */
    0x0, 0x0, 0x6, 0xee, 0xe8, 0x0, 0x0, 0x0,
    0x0, 0x0, 0x7f, 0xff, 0x80, 0x0, 0x0, 0x0,
    0x0, 0x7, 0xff, 0xf8, 0x0, 0x0, 0x0, 0x0,
    0x0, 0x7f, 0xff, 0x80, 0x0, 0x0, 0x0, 0x0,
    0x7, 0xff, 0xf8, 0x0, 0x0, 0x7, 0xcc, 0xcc,
    0xef, 0xff, 0xec, 0xcc, 0xc8, 0x9f, 0xff, 0xff,
    0xff, 0xff, 0xff, 0xff, 0xa9, 0xff, 0xff, 0xff,
    0xff, 0xff, 0xff, 0xfa, 0x9f, 0xff, 0xff, 0xff,
    0xff, 0xff, 0xff, 0xa0, 0x0, 0x0, 0x7f, 0xff,
    0x80, 0x0, 0x0, 0x0, 0x0, 0x7, 0xff, 0xf8,
    0x0, 0x0, 0x0, 0x0, 0x0, 0x7f, 0xff, 0x80,
    0x0, 0x0, 0x0, 0x0, 0x7, 0xff, 0xf8, 0x0,
    0x0, 0x0, 0x0, 0x0, 0x7f, 0xff, 0x80, 0x0,
    0x0,

    /* U+002C "," */
    0x0, 0x7b, 0xb7, 0x0, 0x9, 0xff, 0xff, 0x90,
    0xf, 0xff, 0xff, 0xf0, 0x1f, 0xff, 0xff, 0xf2,
    0xc, 0xff, 0xff, 0xf2, 0x1, 0xae, 0xff, 0xf2,
    0x0, 0x0, 0x6f, 0xf2, 0x0, 0x0, 0x7f, 0xf1,
    0x1, 0x45, 0xef, 0xf0, 0x5, 0xff, 0xff, 0x80,
    0x5, 0xff, 0xd7, 0x0,

    /* U+002D "-" */
    0x8c, 0xcc, 0xcc, 0xcc, 0xcc, 0x4b, 0xff, 0xff,
    0xff, 0xff, 0xf6, 0xbf, 0xff, 0xff, 0xff, 0xff,
    0x6b, 0xff, 0xff, 0xff, 0xff, 0xf6,

    /* U+002E "." */
    0x0, 0x3, 0x40, 0x0, 0x2, 0xdf, 0xfe, 0x40,
    0xd, 0xff, 0xff, 0xe0, 0x1f, 0xff, 0xff, 0xf3,
    0xf, 0xff, 0xff, 0xf2, 0xa, 0xff, 0xff, 0xc0,
    0x0, 0x9e, 0xea, 0x10,

    /* U+002F "/" */
    0x0, 0x0, 0x0, 0x0, 0x0, 0xbf, 0xff, 0x90,
    0x0, 0x0, 0x0, 0x0, 0x1f, 0xff, 0xf3, 0x0,
    0x0, 0x0, 0x0, 0x6, 0xff, 0xfe, 0x0, 0x0,
    0x0, 0x0, 0x0, 0xbf, 0xff, 0x90, 0x0, 0x0,
    0x0, 0x0, 0x1f, 0xff, 0xf3, 0x0, 0x0, 0x0,
    0x0, 0x6, 0xff, 0xfe, 0x0, 0x0, 0x0, 0x0,
    0x0, 0xbf, 0xff, 0x90, 0x0, 0x0, 0x0, 0x0,
    0x1f, 0xff, 0xf3, 0x0, 0x0, 0x0, 0x0, 0x6,
    0xff, 0xfe, 0x0, 0x0, 0x0, 0x0, 0x0, 0xbf,
    0xff, 0x90, 0x0, 0x0, 0x0, 0x0, 0x1f, 0xff,
    0xf3, 0x0, 0x0, 0x0, 0x0, 0x6, 0xff, 0xfe,
    0x0, 0x0, 0x0, 0x0, 0x0, 0xbf, 0xff, 0x90,
    0x0, 0x0, 0x0, 0x0, 0x1f, 0xff, 0xf3, 0x0,
    0x0, 0x0, 0x0, 0x6, 0xff, 0xfe, 0x0, 0x0,
    0x0, 0x0, 0x0, 0xbf, 0xff, 0x90, 0x0, 0x0,
    0x0, 0x0, 0x1f, 0xff, 0xf3, 0x0, 0x0, 0x0,
    0x0, 0x6, 0xff, 0xfe, 0x0, 0x0, 0x0, 0x0,
    0x0, 0xbf, 0xff, 0x90, 0x0, 0x0, 0x0, 0x0,
    0x1f, 0xff, 0xf3, 0x0, 0x0, 0x0, 0x0, 0x6,
    0xff, 0xfe, 0x0, 0x0, 0x0, 0x0, 0x0, 0xbf,
    0xff, 0x90, 0x0, 0x0, 0x0, 0x0, 0x1f, 0xff,
    0xf3, 0x0, 0x0, 0x0, 0x0, 0x6, 0xff, 0xfe,
    0x0, 0x0, 0x0, 0x0, 0x0, 0xbf, 0xff, 0x90,
    0x0, 0x0, 0x0, 0x0, 0x1f, 0xff, 0xf3, 0x0,
    0x0, 0x0, 0x0, 0x6, 0xff, 0xfe, 0x0, 0x0,
    0x0, 0x0, 0x0, 0xbf, 0xff, 0x90, 0x0, 0x0,
    0x0, 0x0, 0x1f, 0xff, 0xf3, 0x0, 0x0, 0x0,
    0x0, 0x6, 0xff, 0xfe, 0x0, 0x0, 0x0, 0x0,
    0x0,

    /* U+0030 "0" */
    0x0, 0x0, 0x2, 0x8b, 0xef, 0xfe, 0xb8, 0x20,
    0x0, 0x0, 0x0, 0x1, 0xaf, 0xff, 0xff, 0xff,
    0xff, 0xfa, 0x10, 0x0, 0x0, 0x1d, 0xff, 0xff,
    0xff, 0xff, 0xff, 0xff, 0xe2, 0x0, 0x0, 0xdf,
    0xff, 0xff, 0xfd, 0xdf, 0xff, 0xff, 0xfd, 0x0,
    0x6, 0xff, 0xff, 0xe5, 0x0, 0x0, 0x4d, 0xff,
    0xff, 0x70, 0xc, 0xff, 0xfe, 0x10, 0x0, 0x0,
    0x1, 0xef, 0xff, 0xd0, 0x1f, 0xff, 0xf6, 0x0,
    0x0, 0x0, 0x0, 0x6f, 0xff, 0xf1, 0x3f, 0xff,
    0xf2, 0x0, 0x0, 0x0, 0x0, 0x1f, 0xff, 0xf3,
    0x4f, 0xff, 0xf0, 0x0, 0x0, 0x0, 0x0, 0xf,
    0xff, 0xf4, 0x4f, 0xff, 0xf0, 0x0, 0x0, 0x0,
    0x0, 0xf, 0xff, 0xf5, 0x4f, 0xff, 0xf0, 0x0,
    0x0, 0x0, 0x0, 0xf, 0xff, 0xf5, 0x4f, 0xff,
    0xf0, 0x0, 0x0, 0x0, 0x0, 0xf, 0xff, 0xf5,
    0x4f, 0xff, 0xf0, 0x0, 0x0, 0x0, 0x0, 0xf,
    0xff, 0xf5, 0x4f, 0xff, 0xf0, 0x0, 0x0, 0x0,
    0x0, 0xf, 0xff, 0xf5, 0x4f, 0xff, 0xf0, 0x0,
    0x0, 0x0, 0x0, 0xf, 0xff, 0xf4, 0x3f, 0xff,
    0xf2, 0x0, 0x0, 0x0, 0x0, 0x1f, 0xff, 0xf3,
    0x1f, 0xff, 0xf6, 0x0, 0x0, 0x0, 0x0, 0x6f,
    0xff, 0xf1, 0xd, 0xff, 0xfd, 0x0, 0x0, 0x0,
    0x0, 0xdf, 0xff, 0xd0, 0x7, 0xff, 0xff, 0xd4,
    0x0, 0x0, 0x3c, 0xff, 0xff, 0x70, 0x0, 0xdf,
    0xff, 0xff, 0xfd, 0xdf, 0xff, 0xff, 0xfe, 0x0,
    0x0, 0x2e, 0xff, 0xff, 0xff, 0xff, 0xff, 0xff,
    0xe2, 0x0, 0x0, 0x1, 0xaf, 0xff, 0xff, 0xff,
    0xff, 0xfb, 0x10, 0x0, 0x0, 0x0, 0x2, 0x8c,
    0xef, 0xfe, 0xc8, 0x20, 0x0, 0x0,

    /* U+0031 "1" */
    0x0, 0x0, 0xe, 0xff, 0xff, 0xff, 0xf2, 0x0,
    0x0, 0x7f, 0xff, 0xff, 0xff, 0xf2, 0x0, 0x0,
    0xef, 0xff, 0xff, 0xff, 0xf2, 0x0, 0x5, 0xff,
    0xff, 0x5f, 0xff, 0xf2, 0x0, 0xd, 0xff, 0xf8,
    0x3f, 0xff, 0xf2, 0x0, 0x4f, 0xff, 0xf2, 0x3f,
    0xff, 0xf2, 0x0, 0xcf, 0xff, 0xa0, 0x3f, 0xff,
    0xf2, 0x3, 0xff, 0xff, 0x30, 0x3f, 0xff, 0xf2,
    0xb, 0xff, 0xfc, 0x0, 0x3f, 0xff, 0xf2, 0x2f,
    0xff, 0xf5, 0x0, 0x3f, 0xff, 0xf2, 0x36, 0x66,
    0x60, 0x0, 0x3f, 0xff, 0xf2, 0x0, 0x0, 0x0,
    0x0, 0x3f, 0xff, 0xf2, 0x0, 0x0, 0x0, 0x0,
    0x3f, 0xff, 0xf2, 0x0, 0x0, 0x0, 0x0, 0x3f,
    0xff, 0xf2, 0x0, 0x0, 0x0, 0x0, 0x3f, 0xff,
    0xf2, 0x0, 0x0, 0x0, 0x0, 0x3f, 0xff, 0xf2,
    0x0, 0x0, 0x0, 0x0, 0x3f, 0xff, 0xf2, 0x0,
    0x0, 0x0, 0x0, 0x3f, 0xff, 0xf2, 0x0, 0x0,
    0x0, 0x0, 0x3f, 0xff, 0xf2, 0x0, 0x0, 0x0,
    0x0, 0x3f, 0xff, 0xf2, 0x0, 0x0, 0x0, 0x0,
    0x3f, 0xff, 0xf2, 0x0, 0x0, 0x0, 0x0, 0x3f,
    0xff, 0xf2, 0x0, 0x0, 0x0, 0x0, 0x3f, 0xff,
    0xf2,

    /* U+0032 "2" */
    0x0, 0x0, 0x4, 0xad, 0xef, 0xec, 0x72, 0x0,
    0x0, 0x0, 0x4, 0xdf, 0xff, 0xff, 0xff, 0xff,
    0x91, 0x0, 0x0, 0x6f, 0xff, 0xff, 0xff, 0xff,
    0xff, 0xfd, 0x10, 0x4, 0xff, 0xff, 0xff, 0xed,
    0xff, 0xff, 0xff, 0xc0, 0xd, 0xff, 0xff, 0x81,
    0x0, 0x4, 0xdf, 0xff, 0xf6, 0x3f, 0xff, 0xf7,
    0x0, 0x0, 0x0, 0x1e, 0xff, 0xfb, 0x6f, 0xff,
    0xf0, 0x0, 0x0, 0x0, 0x9, 0xff, 0xfd, 0x7f,
    0xff, 0xd0, 0x0, 0x0, 0x0, 0x7, 0xff, 0xfe,
    0x13, 0x33, 0x30, 0x0, 0x0, 0x0, 0xa, 0xff,
    0xfc, 0x0, 0x0, 0x0, 0x0, 0x0, 0x0, 0x2f,
    0xff, 0xf9, 0x0, 0x0, 0x0, 0x0, 0x0, 0x4,
    0xef, 0xff, 0xf3, 0x0, 0x0, 0x0, 0x0, 0x16,
    0xcf, 0xff, 0xff, 0x90, 0x0, 0x0, 0x1, 0x7c,
    0xff, 0xff, 0xff, 0xfb, 0x0, 0x0, 0x1, 0x9f,
    0xff, 0xff, 0xff, 0xfe, 0x70, 0x0, 0x0, 0x3e,
    0xff, 0xff, 0xff, 0xfd, 0x70, 0x0, 0x0, 0x2,
    0xff, 0xff, 0xff, 0xb7, 0x20, 0x0, 0x0, 0x0,
    0xc, 0xff, 0xff, 0x91, 0x0, 0x0, 0x0, 0x0,
    0x0, 0x2f, 0xff, 0xf6, 0x0, 0x0, 0x0, 0x0,
    0x0, 0x0, 0x6f, 0xff, 0xf0, 0x0, 0x0, 0x0,
    0x0, 0x0, 0x0, 0x8f, 0xff, 0xfd, 0xdd, 0xdd,
    0xdd, 0xdd, 0xdd, 0xd9, 0x9f, 0xff, 0xff, 0xff,
    0xff, 0xff, 0xff, 0xff, 0xfb, 0x9f, 0xff, 0xff,
    0xff, 0xff, 0xff, 0xff, 0xff, 0xfb, 0x9f, 0xff,
    0xff, 0xff, 0xff, 0xff, 0xff, 0xff, 0xfb,

    /* U+0033 "3" */
    0x3f, 0xff, 0xff, 0xff, 0xff, 0xff, 0xff, 0xff,
    0xfa, 0x3, 0xff, 0xff, 0xff, 0xff, 0xff, 0xff,
    0xff, 0xff, 0xa0, 0x3f, 0xff, 0xff, 0xff, 0xff,
    0xff, 0xff, 0xff, 0xfa, 0x2, 0xcc, 0xcc, 0xcc,
    0xcc, 0xcc, 0xcd, 0xff, 0xff, 0xa0, 0x0, 0x0,
    0x0, 0x0, 0x0, 0x2, 0xaf, 0xff, 0xfa, 0x0,
    0x0, 0x0, 0x0, 0x0, 0x4b, 0xff, 0xff, 0xfd,
    0x50, 0x0, 0x0, 0x0, 0x6, 0xdf, 0xff, 0xff,
    0xc5, 0x0, 0x0, 0x0, 0x0, 0x7e, 0xff, 0xff,
    0xfa, 0x30, 0x0, 0x0, 0x0, 0x0, 0xe, 0xff,
    0xff, 0xa1, 0x0, 0x0, 0x0, 0x0, 0x0, 0x0,
    0xef, 0xff, 0xff, 0xfe, 0xc7, 0x0, 0x0, 0x0,
    0x0, 0xe, 0xff, 0xff, 0xff, 0xff, 0xfe, 0x40,
    0x0, 0x0, 0x0, 0xef, 0xff, 0xff, 0xff, 0xff,
    0xff, 0x30, 0x0, 0x0, 0x0, 0x11, 0x11, 0x14,
    0xaf, 0xff, 0xfc, 0x0, 0x0, 0x0, 0x0, 0x0,
    0x0, 0x0, 0x9f, 0xff, 0xf1, 0x67, 0x77, 0x30,
    0x0, 0x0, 0x0, 0x2, 0xff, 0xff, 0x3d, 0xff,
    0xf8, 0x0, 0x0, 0x0, 0x0, 0x1f, 0xff, 0xf4,
    0xbf, 0xff, 0xc0, 0x0, 0x0, 0x0, 0x3, 0xff,
    0xff, 0x38, 0xff, 0xff, 0x50, 0x0, 0x0, 0x0,
    0xbf, 0xff, 0xf0, 0x2f, 0xff, 0xff, 0x71, 0x0,
    0x2, 0xbf, 0xff, 0xfa, 0x0, 0x8f, 0xff, 0xff,
    0xfd, 0xde, 0xff, 0xff, 0xff, 0x20, 0x0, 0xaf,
    0xff, 0xff, 0xff, 0xff, 0xff, 0xff, 0x40, 0x0,
    0x0, 0x6e, 0xff, 0xff, 0xff, 0xff, 0xfc, 0x20,
    0x0, 0x0, 0x0, 0x5, 0xad, 0xef, 0xec, 0x93,
    0x0, 0x0, 0x0,

    /* U+0034 "4" */
    0x0, 0x0, 0x0, 0x0, 0x3f, 0xff, 0xff, 0xff,
    0xf0, 0x0, 0x0, 0x0, 0x0, 0x0, 0xd, 0xff,
    0xff, 0xff, 0xff, 0x0, 0x0, 0x0, 0x0, 0x0,
    0x7, 0xff, 0xff, 0xdf, 0xff, 0xf0, 0x0, 0x0,
    0x0, 0x0, 0x2, 0xff, 0xff, 0x76, 0xff, 0xff,
    0x0, 0x0, 0x0, 0x0, 0x0, 0xbf, 0xff, 0xd0,
    0x6f, 0xff, 0xf0, 0x0, 0x0, 0x0, 0x0, 0x5f,
    0xff, 0xf3, 0x6, 0xff, 0xff, 0x0, 0x0, 0x0,
    0x0, 0xe, 0xff, 0xf9, 0x0, 0x6f, 0xff, 0xf0,
    0x0, 0x0, 0x0, 0x9, 0xff, 0xfe, 0x0, 0x6,
    0xff, 0xff, 0x0, 0x0, 0x0, 0x3, 0xff, 0xff,
    0x50, 0x0, 0x6f, 0xff, 0xf0, 0x0, 0x0, 0x0,
    0xdf, 0xff, 0xb0, 0x0, 0x6, 0xff, 0xff, 0x0,
    0x0, 0x0, 0x7f, 0xff, 0xf1, 0x0, 0x0, 0x6f,
    0xff, 0xf0, 0x0, 0x0, 0x2f, 0xff, 0xf6, 0x0,
    0x0, 0x6, 0xff, 0xff, 0x0, 0x0, 0xb, 0xff,
    0xfc, 0x0, 0x0, 0x0, 0x6f, 0xff, 0xf0, 0x0,
    0x1, 0xff, 0xff, 0x20, 0x0, 0x0, 0x6, 0xff,
    0xff, 0x0, 0x0, 0x1f, 0xff, 0xfc, 0xcc, 0xcc,
    0xcc, 0xef, 0xff, 0xfc, 0xcc, 0xb1, 0xff, 0xff,
    0xff, 0xff, 0xff, 0xff, 0xff, 0xff, 0xff, 0xfe,
    0x1f, 0xff, 0xff, 0xff, 0xff, 0xff, 0xff, 0xff,
    0xff, 0xff, 0xe1, 0xff, 0xff, 0xff, 0xff, 0xff,
    0xff, 0xff, 0xff, 0xff, 0xfe, 0x0, 0x0, 0x0,
    0x0, 0x0, 0x0, 0x6f, 0xff, 0xf0, 0x0, 0x0,
    0x0, 0x0, 0x0, 0x0, 0x0, 0x6, 0xff, 0xff,
    0x0, 0x0, 0x0, 0x0, 0x0, 0x0, 0x0, 0x0,
    0x6f, 0xff, 0xf0, 0x0, 0x0, 0x0, 0x0, 0x0,
    0x0, 0x0, 0x6, 0xff, 0xff, 0x0, 0x0, 0x0,
    0x0, 0x0, 0x0, 0x0, 0x0, 0x6f, 0xff, 0xf0,
    0x0, 0x0,

    /* U+0035 "5" */
    0xf, 0xff, 0xff, 0xff, 0xff, 0xff, 0xff, 0xff,
    0xf4, 0x0, 0xff, 0xff, 0xff, 0xff, 0xff, 0xff,
    0xff, 0xff, 0x40, 0xf, 0xff, 0xff, 0xff, 0xff,
    0xff, 0xff, 0xff, 0xf4, 0x0, 0xff, 0xff, 0xed,
    0xdd, 0xdd, 0xdd, 0xdd, 0xdd, 0x40, 0xf, 0xff,
    0xf6, 0x0, 0x0, 0x0, 0x0, 0x0, 0x0, 0x0,
    0xff, 0xff, 0x60, 0x0, 0x0, 0x0, 0x0, 0x0,
    0x0, 0xf, 0xff, 0xf6, 0x0, 0x0, 0x0, 0x0,
    0x0, 0x0, 0x0, 0xff, 0xff, 0x60, 0x4b, 0xef,
    0xec, 0x71, 0x0, 0x0, 0xf, 0xff, 0xf6, 0x8f,
    0xff, 0xff, 0xff, 0xf6, 0x0, 0x0, 0xff, 0xff,
    0xff, 0xff, 0xff, 0xff, 0xff, 0xf7, 0x0, 0xf,
    0xff, 0xff, 0xff, 0xb8, 0x9e, 0xff, 0xff, 0xf3,
    0x0, 0xff, 0xff, 0xfe, 0x30, 0x0, 0x8, 0xff,
    0xff, 0xb0, 0x7, 0x88, 0x88, 0x30, 0x0, 0x0,
    0xa, 0xff, 0xff, 0x0, 0x0, 0x0, 0x0, 0x0,
    0x0, 0x0, 0x4f, 0xff, 0xf2, 0x0, 0x0, 0x0,
    0x0, 0x0, 0x0, 0x2, 0xff, 0xff, 0x3b, 0xff,
    0xfb, 0x0, 0x0, 0x0, 0x0, 0x2f, 0xff, 0xf3,
    0x9f, 0xff, 0xe0, 0x0, 0x0, 0x0, 0x6, 0xff,
    0xff, 0x16, 0xff, 0xff, 0x60, 0x0, 0x0, 0x0,
    0xdf, 0xff, 0xe0, 0x1f, 0xff, 0xff, 0x70, 0x0,
    0x3, 0xcf, 0xff, 0xf8, 0x0, 0x7f, 0xff, 0xff,
    0xfd, 0xde, 0xff, 0xff, 0xfd, 0x10, 0x0, 0xaf,
    0xff, 0xff, 0xff, 0xff, 0xff, 0xff, 0x20, 0x0,
    0x0, 0x6f, 0xff, 0xff, 0xff, 0xff, 0xfb, 0x20,
    0x0, 0x0, 0x0, 0x16, 0xbd, 0xef, 0xec, 0x83,
    0x0, 0x0, 0x0,

    /* U+0036 "6" */
    0x0, 0x0, 0x3, 0x8c, 0xef, 0xfd, 0xb7, 0x20,
    0x0, 0x0, 0x0, 0x2b, 0xff, 0xff, 0xff, 0xff,
    0xff, 0xa1, 0x0, 0x0, 0x3f, 0xff, 0xff, 0xff,
    0xff, 0xff, 0xff, 0xd1, 0x0, 0x1e, 0xff, 0xff,
    0xfe, 0xdd, 0xff, 0xff, 0xff, 0xb0, 0x9, 0xff,
    0xff, 0xa2, 0x0, 0x0, 0x4e, 0xff, 0xff, 0x30,
    0xff, 0xff, 0xa0, 0x0, 0x0, 0x0, 0x3f, 0xff,
    0xf6, 0x2f, 0xff, 0xf2, 0x0, 0x0, 0x0, 0x0,
    0x77, 0x77, 0x34, 0xff, 0xff, 0x0, 0x2, 0x45,
    0x53, 0x0, 0x0, 0x0, 0x4f, 0xff, 0xf0, 0x3c,
    0xff, 0xff, 0xfe, 0x91, 0x0, 0x4, 0xff, 0xff,
    0x9f, 0xff, 0xff, 0xff, 0xff, 0xe4, 0x0, 0x4f,
    0xff, 0xff, 0xff, 0xff, 0xff, 0xff, 0xff, 0xf3,
    0x4, 0xff, 0xff, 0xfe, 0x62, 0x1, 0x4b, 0xff,
    0xff, 0xd0, 0x4f, 0xff, 0xfd, 0x10, 0x0, 0x0,
    0x9, 0xff, 0xff, 0x44, 0xff, 0xff, 0x50, 0x0,
    0x0, 0x0, 0xf, 0xff, 0xf8, 0x4f, 0xff, 0xf1,
    0x0, 0x0, 0x0, 0x0, 0xcf, 0xff, 0xa4, 0xff,
    0xff, 0x10, 0x0, 0x0, 0x0, 0xb, 0xff, 0xfa,
    0x3f, 0xff, 0xf3, 0x0, 0x0, 0x0, 0x0, 0xef,
    0xff, 0x80, 0xff, 0xff, 0xb0, 0x0, 0x0, 0x0,
    0x6f, 0xff, 0xf5, 0xb, 0xff, 0xff, 0xb2, 0x0,
    0x1, 0x8f, 0xff, 0xfe, 0x0, 0x2f, 0xff, 0xff,
    0xfe, 0xdd, 0xff, 0xff, 0xff, 0x50, 0x0, 0x4f,
    0xff, 0xff, 0xff, 0xff, 0xff, 0xff, 0x70, 0x0,
    0x0, 0x3c, 0xff, 0xff, 0xff, 0xff, 0xfe, 0x40,
    0x0, 0x0, 0x0, 0x4, 0x9c, 0xef, 0xed, 0xa5,
    0x0, 0x0, 0x0,

    /* U+0037 "7" */
    0x1f, 0xff, 0xff, 0xff, 0xff, 0xff, 0xff, 0xff,
    0xff, 0x1, 0xff, 0xff, 0xff, 0xff, 0xff, 0xff,
    0xff, 0xff, 0xf0, 0x1f, 0xff, 0xff, 0xff, 0xff,
    0xff, 0xff, 0xff, 0xff, 0x1, 0xcc, 0xcc, 0xcc,
    0xcc, 0xcc, 0xcc, 0xef, 0xff, 0xf0, 0x0, 0x0,
    0x0, 0x0, 0x0, 0x0, 0x9, 0xff, 0xff, 0x0,
    0x0, 0x0, 0x0, 0x0, 0x0, 0x2, 0xff, 0xff,
    0xc0, 0x0, 0x0, 0x0, 0x0, 0x0, 0x0, 0xbf,
    0xff, 0xf2, 0x0, 0x0, 0x0, 0x0, 0x0, 0x0,
    0x5f, 0xff, 0xf9, 0x0, 0x0, 0x0, 0x0, 0x0,
    0x0, 0xe, 0xff, 0xfe, 0x10, 0x0, 0x0, 0x0,
    0x0, 0x0, 0x8, 0xff, 0xff, 0x60, 0x0, 0x0,
    0x0, 0x0, 0x0, 0x2, 0xff, 0xff, 0xd0, 0x0,
    0x0, 0x0, 0x0, 0x0, 0x0, 0xaf, 0xff, 0xf4,
    0x0, 0x0, 0x0, 0x0, 0x0, 0x0, 0x4f, 0xff,
    0xfb, 0x0, 0x0, 0x0, 0x0, 0x0, 0x0, 0xd,
    0xff, 0xff, 0x20, 0x0, 0x0, 0x0, 0x0, 0x0,
    0x7, 0xff, 0xff, 0x80, 0x0, 0x0, 0x0, 0x0,
    0x0, 0x1, 0xff, 0xff, 0xe0, 0x0, 0x0, 0x0,
    0x0, 0x0, 0x0, 0x9f, 0xff, 0xf5, 0x0, 0x0,
    0x0, 0x0, 0x0, 0x0, 0x3f, 0xff, 0xfc, 0x0,
    0x0, 0x0, 0x0, 0x0, 0x0, 0xc, 0xff, 0xff,
    0x30, 0x0, 0x0, 0x0, 0x0, 0x0, 0x2, 0xff,
    0xff, 0xa0, 0x0, 0x0, 0x0, 0x0, 0x0, 0x0,
    0x6f, 0xff, 0xf2, 0x0, 0x0, 0x0, 0x0, 0x0,
    0x0, 0x8, 0xff, 0xfe, 0x0, 0x0, 0x0, 0x0,
    0x0, 0x0, 0x0, 0x8f, 0xff, 0xd0, 0x0, 0x0,
    0x0, 0x0, 0x0,

    /* U+0038 "8" */
    0x0, 0x0, 0x4, 0x8c, 0xef, 0xfe, 0xda, 0x60,
    0x0, 0x0, 0x0, 0x3, 0xcf, 0xff, 0xff, 0xff,
    0xff, 0xfe, 0x70, 0x0, 0x0, 0x5f, 0xff, 0xff,
    0xff, 0xff, 0xff, 0xff, 0xfb, 0x0, 0x2, 0xff,
    0xff, 0xff, 0xfd, 0xde, 0xff, 0xff, 0xff, 0x80,
    0x8, 0xff, 0xff, 0xb3, 0x0, 0x0, 0x17, 0xff,
    0xff, 0xe0, 0xa, 0xff, 0xfd, 0x0, 0x0, 0x0,
    0x0, 0x7f, 0xff, 0xf1, 0xa, 0xff, 0xfa, 0x0,
    0x0, 0x0, 0x0, 0x4f, 0xff, 0xf0, 0x7, 0xff,
    0xfe, 0x0, 0x0, 0x0, 0x0, 0x8f, 0xff, 0xd0,
    0x1, 0xef, 0xff, 0xd6, 0x20, 0x1, 0x4a, 0xff,
    0xff, 0x60, 0x0, 0x3e, 0xff, 0xff, 0xff, 0xff,
    0xff, 0xff, 0xf8, 0x0, 0x0, 0x0, 0x9f, 0xff,
    0xff, 0xff, 0xff, 0xfe, 0x30, 0x0, 0x0, 0x6,
    0xdf, 0xff, 0xff, 0xff, 0xff, 0xff, 0x91, 0x0,
    0x0, 0xaf, 0xff, 0xff, 0xfd, 0xde, 0xff, 0xff,
    0xfe, 0x20, 0x6, 0xff, 0xff, 0xb3, 0x0, 0x0,
    0x17, 0xff, 0xff, 0xd0, 0xd, 0xff, 0xfb, 0x0,
    0x0, 0x0, 0x0, 0x5f, 0xff, 0xf3, 0xf, 0xff,
    0xf5, 0x0, 0x0, 0x0, 0x0, 0xf, 0xff, 0xf6,
    0xf, 0xff, 0xf5, 0x0, 0x0, 0x0, 0x0, 0xf,
    0xff, 0xf7, 0xf, 0xff, 0xfb, 0x0, 0x0, 0x0,
    0x0, 0x5f, 0xff, 0xf5, 0xa, 0xff, 0xff, 0xb3,
    0x0, 0x0, 0x17, 0xff, 0xff, 0xf1, 0x3, 0xff,
    0xff, 0xff, 0xfd, 0xce, 0xff, 0xff, 0xff, 0x90,
    0x0, 0x5f, 0xff, 0xff, 0xff, 0xff, 0xff, 0xff,
    0xfa, 0x0, 0x0, 0x3, 0xcf, 0xff, 0xff, 0xff,
    0xff, 0xfe, 0x70, 0x0, 0x0, 0x0, 0x3, 0x8c,
    0xdf, 0xfe, 0xd9, 0x50, 0x0, 0x0,

    /* U+0039 "9" */
    0x0, 0x0, 0x5, 0xad, 0xef, 0xec, 0x94, 0x0,
    0x0, 0x0, 0x0, 0x6e, 0xff, 0xff, 0xff, 0xff,
    0xfc, 0x30, 0x0, 0x0, 0xaf, 0xff, 0xff, 0xff,
    0xff, 0xff, 0xff, 0x40, 0x0, 0x8f, 0xff, 0xff,
    0xfe, 0xdf, 0xff, 0xff, 0xff, 0x20, 0x1f, 0xff,
    0xff, 0x70, 0x0, 0x2, 0xaf, 0xff, 0xfb, 0x6,
    0xff, 0xff, 0x40, 0x0, 0x0, 0x0, 0x9f, 0xff,
    0xf1, 0x9f, 0xff, 0xd0, 0x0, 0x0, 0x0, 0x2,
    0xff, 0xff, 0x3a, 0xff, 0xfb, 0x0, 0x0, 0x0,
    0x0, 0x1f, 0xff, 0xf4, 0x9f, 0xff, 0xe0, 0x0,
    0x0, 0x0, 0x3, 0xff, 0xff, 0x55, 0xff, 0xff,
    0x60, 0x0, 0x0, 0x0, 0xbf, 0xff, 0xf5, 0xe,
    0xff, 0xff, 0xa3, 0x10, 0x15, 0xcf, 0xff, 0xff,
    0x50, 0x5f, 0xff, 0xff, 0xff, 0xff, 0xff, 0xff,
    0xff, 0xf5, 0x0, 0x6f, 0xff, 0xff, 0xff, 0xff,
    0xf9, 0xff, 0xff, 0x50, 0x0, 0x2a, 0xff, 0xff,
    0xff, 0xd4, 0xf, 0xff, 0xf5, 0x0, 0x0, 0x0,
    0x35, 0x65, 0x20, 0x0, 0xff, 0xff, 0x41, 0x22,
    0x22, 0x0, 0x0, 0x0, 0x0, 0x1f, 0xff, 0xf4,
    0x7f, 0xff, 0xf0, 0x0, 0x0, 0x0, 0x5, 0xff,
    0xff, 0x35, 0xff, 0xff, 0x70, 0x0, 0x0, 0x0,
    0xcf, 0xff, 0xf0, 0xf, 0xff, 0xff, 0x60, 0x0,
    0x3, 0xcf, 0xff, 0xf9, 0x0, 0x8f, 0xff, 0xff,
    0xfd, 0xde, 0xff, 0xff, 0xfe, 0x10, 0x0, 0xaf,
    0xff, 0xff, 0xff, 0xff, 0xff, 0xff, 0x30, 0x0,
    0x0, 0x7f, 0xff, 0xff, 0xff, 0xff, 0xfb, 0x20,
    0x0, 0x0, 0x0, 0x16, 0xbd, 0xff, 0xec, 0x83,
    0x0, 0x0, 0x0,

    /* U+003A ":" */
    0x0, 0x9e, 0xea, 0x10, 0xa, 0xff, 0xff, 0xc0,
    0xf, 0xff, 0xff, 0xf2, 0x1f, 0xff, 0xff, 0xf3,
    0xd, 0xff, 0xff, 0xe0, 0x3, 0xdf, 0xfe, 0x40,
    0x0, 0x3, 0x40, 0x0, 0x0, 0x0, 0x0, 0x0,
    0x0, 0x0, 0x0, 0x0, 0x0, 0x0, 0x0, 0x0,
    0x0, 0x3, 0x40, 0x0, 0x2, 0xdf, 0xfe, 0x40,
    0xd, 0xff, 0xff, 0xe0, 0x1f, 0xff, 0xff, 0xf3,
    0xf, 0xff, 0xff, 0xf2, 0xa, 0xff, 0xff, 0xc0,
    0x0, 0x9e, 0xea, 0x10,

    /* U+003B ";" */
    0x0, 0x9e, 0xea, 0x10, 0xa, 0xff, 0xff, 0xc0,
    0xf, 0xff, 0xff, 0xf2, 0x1f, 0xff, 0xff, 0xf3,
    0xd, 0xff, 0xff, 0xe0, 0x3, 0xdf, 0xfe, 0x40,
    0x0, 0x3, 0x40, 0x0, 0x0, 0x0, 0x0, 0x0,
    0x0, 0x0, 0x0, 0x0, 0x0, 0x0, 0x0, 0x0,
    0x0, 0x0, 0x0, 0x0, 0x0, 0x6b, 0xc7, 0x0,
    0x8, 0xff, 0xff, 0xa0, 0xf, 0xff, 0xff, 0xf1,
    0xf, 0xff, 0xff, 0xf3, 0xb, 0xff, 0xff, 0xf3,
    0x1, 0x9e, 0xff, 0xf3, 0x0, 0x0, 0x5f, 0xf3,
    0x0, 0x0, 0x6f, 0xf3, 0x1, 0x45, 0xdf, 0xf0,
    0x4, 0xff, 0xff, 0x90, 0x4, 0xff, 0xd8, 0x0,

    /* U+003C "<" */
    0x0, 0x0, 0x0, 0x0, 0x0, 0x0, 0x49, 0x90,
    0x0, 0x0, 0x0, 0x0, 0x49, 0xef, 0xfb, 0x0,
    0x0, 0x0, 0x49, 0xef, 0xff, 0xff, 0xb0, 0x0,
    0x49, 0xef, 0xff, 0xff, 0xff, 0xfb, 0x3a, 0xef,
    0xff, 0xff, 0xff, 0xfe, 0xa5, 0x19, 0xff, 0xff,
    0xff, 0xfd, 0x84, 0x0, 0x0, 0x9f, 0xff, 0xfb,
    0x72, 0x0, 0x0, 0x0, 0x9, 0xff, 0xfa, 0x10,
    0x0, 0x0, 0x0, 0x0, 0x9f, 0xff, 0xff, 0xc7,
    0x20, 0x0, 0x0, 0x9, 0xff, 0xff, 0xff, 0xff,
    0xe9, 0x40, 0x0, 0x4, 0xaf, 0xff, 0xff, 0xff,
    0xff, 0xfa, 0x40, 0x0, 0x4, 0xae, 0xff, 0xff,
    0xff, 0xfb, 0x0, 0x0, 0x0, 0x4, 0x9e, 0xff,
    0xff, 0xb0, 0x0, 0x0, 0x0, 0x0, 0x4, 0x9e,
    0xfb, 0x0, 0x0, 0x0, 0x0, 0x0, 0x0, 0x4,
    0x60,

    /* U+003D "=" */
    0x9f, 0xff, 0xff, 0xff, 0xff, 0xff, 0xff, 0xa9,
    0xff, 0xff, 0xff, 0xff, 0xff, 0xff, 0xfa, 0x9f,
    0xff, 0xff, 0xff, 0xff, 0xff, 0xff, 0xa7, 0xdd,
    0xdd, 0xdd, 0xdd, 0xdd, 0xdd, 0xd8, 0x0, 0x0,
    0x0, 0x0, 0x0, 0x0, 0x0, 0x0, 0x0, 0x0,
    0x0, 0x0, 0x0, 0x0, 0x0, 0x9f, 0xff, 0xff,
    0xff, 0xff, 0xff, 0xff, 0xa9, 0xff, 0xff, 0xff,
    0xff, 0xff, 0xff, 0xfa, 0x9f, 0xff, 0xff, 0xff,
    0xff, 0xff, 0xff, 0xa7, 0xdd, 0xdd, 0xdd, 0xdd,
    0xdd, 0xdd, 0xd8,

    /* U+003E ">" */
    0x8a, 0x40, 0x0, 0x0, 0x0, 0x0, 0x0, 0x9,
    0xff, 0xfa, 0x40, 0x0, 0x0, 0x0, 0x0, 0x9f,
    0xff, 0xff, 0xfa, 0x50, 0x0, 0x0, 0x9, 0xff,
    0xff, 0xff, 0xff, 0xfa, 0x50, 0x0, 0x5, 0xae,
    0xff, 0xff, 0xff, 0xff, 0xfa, 0x40, 0x0, 0x3,
    0x8d, 0xff, 0xff, 0xff, 0xfb, 0x0, 0x0, 0x0,
    0x2, 0x6b, 0xff, 0xff, 0xb0, 0x0, 0x0, 0x0,
    0x0, 0x19, 0xff, 0xfb, 0x0, 0x0, 0x0, 0x27,
    0xbf, 0xff, 0xff, 0xb0, 0x0, 0x48, 0xdf, 0xff,
    0xff, 0xff, 0xfa, 0x3a, 0xef, 0xff, 0xff, 0xff,
    0xff, 0xa5, 0x9, 0xff, 0xff, 0xff, 0xff, 0xa5,
    0x0, 0x0, 0x9f, 0xff, 0xff, 0xa5, 0x0, 0x0,
    0x0, 0x9, 0xff, 0xa5, 0x0, 0x0, 0x0, 0x0,
    0x0, 0x54, 0x0, 0x0, 0x0, 0x0, 0x0, 0x0,
    0x0,

    /* U+003F "?" */
    0x0, 0x0, 0x27, 0xce, 0xff, 0xda, 0x61, 0x0,
    0x0, 0x0, 0x19, 0xff, 0xff, 0xff, 0xff, 0xfe,
    0x60, 0x0, 0x1, 0xdf, 0xff, 0xff, 0xff, 0xff,
    0xff, 0xf9, 0x0, 0xc, 0xff, 0xff, 0xfe, 0xcc,
    0xff, 0xff, 0xff, 0x60, 0x5f, 0xff, 0xfc, 0x30,
    0x0, 0x6, 0xff, 0xff, 0xe0, 0xaf, 0xff, 0xe1,
    0x0, 0x0, 0x0, 0x7f, 0xff, 0xf2, 0xcf, 0xff,
    0xa0, 0x0, 0x0, 0x0, 0x3f, 0xff, 0xf3, 0x9a,
    0xaa, 0x60, 0x0, 0x0, 0x0, 0x6f, 0xff, 0xf1,
    0x0, 0x0, 0x0, 0x0, 0x0, 0x3, 0xef, 0xff,
    0xd0, 0x0, 0x0, 0x0, 0x0, 0x1, 0x9f, 0xff,
    0xff, 0x50, 0x0, 0x0, 0x0, 0x1, 0x9f, 0xff,
    0xff, 0xf8, 0x0, 0x0, 0x0, 0x0, 0x1d, 0xff,
    0xff, 0xfe, 0x50, 0x0, 0x0, 0x0, 0x0, 0x8f,
    0xff, 0xfe, 0x70, 0x0, 0x0, 0x0, 0x0, 0x0,
    0xcf, 0xff, 0xd0, 0x0, 0x0, 0x0, 0x0, 0x0,
    0x0, 0xef, 0xff, 0x90, 0x0, 0x0, 0x0, 0x0,
    0x0, 0x0, 0x0, 0x0, 0x0, 0x0, 0x0, 0x0,
    0x0, 0x0, 0x0, 0x2, 0x42, 0x0, 0x0, 0x0,
    0x0, 0x0, 0x0, 0x0, 0x9f, 0xff, 0x90, 0x0,
    0x0, 0x0, 0x0, 0x0, 0x6, 0xff, 0xff, 0xf6,
    0x0, 0x0, 0x0, 0x0, 0x0, 0xa, 0xff, 0xff,
    0xfa, 0x0, 0x0, 0x0, 0x0, 0x0, 0xa, 0xff,
    0xff, 0xf9, 0x0, 0x0, 0x0, 0x0, 0x0, 0x3,
    0xff, 0xff, 0xf3, 0x0, 0x0, 0x0, 0x0, 0x0,
    0x0, 0x5d, 0xfd, 0x40, 0x0, 0x0, 0x0,

    /* U+0040 "@" */
    0x0, 0x0, 0x0, 0x0, 0x1, 0x6a, 0xce, 0xff,
    0xfe, 0xda, 0x72, 0x0, 0x0, 0x0, 0x0, 0x0,
    0x0, 0x0, 0x0, 0x4b, 0xff, 0xff, 0xff, 0xff,
    0xff, 0xff, 0xfc, 0x50, 0x0, 0x0, 0x0, 0x0,
    0x0, 0x2, 0xbf, 0xff, 0xff, 0xff, 0xff, 0xff,
    0xff, 0xff, 0xff, 0xc2, 0x0, 0x0, 0x0, 0x0,
    0x4, 0xef, 0xff, 0xff, 0xff, 0xed, 0xcd, 0xdf,
    0xff, 0xff, 0xff, 0xe4, 0x0, 0x0, 0x0, 0x3,
    0xff, 0xff, 0xff, 0xa5, 0x10, 0x0, 0x0, 0x3,
    0x7e, 0xff, 0xff, 0xf3, 0x0, 0x0, 0x1, 0xef,
    0xff, 0xfb, 0x20, 0x0, 0x0, 0x0, 0x0, 0x0,
    0x7, 0xff, 0xff, 0xe1, 0x0, 0x0, 0xbf, 0xff,
    0xf8, 0x0, 0x6, 0xcf, 0xfd, 0x80, 0x1f, 0xff,
    0xf6, 0xff, 0xff, 0x90, 0x0, 0x3f, 0xff, 0xfa,
    0x0, 0xc, 0xff, 0xff, 0xff, 0xc1, 0xff, 0xff,
    0x17, 0xff, 0xff, 0x20, 0xb, 0xff, 0xfe, 0x0,
    0xb, 0xff, 0xff, 0xff, 0xff, 0xdf, 0xff, 0xf1,
    0xd, 0xff, 0xf8, 0x0, 0xff, 0xff, 0x60, 0x5,
    0xff, 0xff, 0xfb, 0x9d, 0xff, 0xff, 0xff, 0x10,
    0x7f, 0xff, 0xd0, 0x4f, 0xff, 0xf1, 0x0, 0xdf,
    0xff, 0xe2, 0x0, 0x7, 0xff, 0xff, 0xf1, 0x2,
    0xff, 0xff, 0x17, 0xff, 0xfc, 0x0, 0x2f, 0xff,
    0xf6, 0x0, 0x0, 0xb, 0xff, 0xff, 0x10, 0xf,
    0xff, 0xf3, 0xaf, 0xff, 0x90, 0x5, 0xff, 0xff,
    0x0, 0x0, 0x0, 0x5f, 0xff, 0xf1, 0x0, 0xef,
    0xff, 0x5b, 0xff, 0xf8, 0x0, 0x6f, 0xff, 0xd0,
    0x0, 0x0, 0x2, 0xff, 0xff, 0x10, 0xd, 0xff,
    0xf5, 0xbf, 0xff, 0x70, 0x7, 0xff, 0xfb, 0x0,
    0x0, 0x0, 0x1f, 0xff, 0xf1, 0x0, 0xdf, 0xff,
    0x6b, 0xff, 0xf7, 0x0, 0x6f, 0xff, 0xd0, 0x0,
    0x0, 0x2, 0xff, 0xff, 0x10, 0xd, 0xff, 0xf5,
    0xbf, 0xff, 0x80, 0x5, 0xff, 0xff, 0x0, 0x0,
    0x0, 0x4f, 0xff, 0xf1, 0x0, 0xef, 0xff, 0x5a,
    0xff, 0xfa, 0x0, 0x1f, 0xff, 0xf4, 0x0, 0x0,
    0xa, 0xff, 0xff, 0x10, 0xf, 0xff, 0xf4, 0x7f,
    0xff, 0xc0, 0x0, 0xcf, 0xff, 0xd0, 0x0, 0x4,
    0xff, 0xff, 0xf2, 0x6, 0xff, 0xff, 0x14, 0xff,
    0xff, 0x10, 0x4, 0xff, 0xff, 0xe8, 0x6a, 0xff,
    0xff, 0xff, 0xec, 0xff, 0xff, 0xc0, 0xf, 0xff,
    0xf7, 0x0, 0xa, 0xff, 0xff, 0xff, 0xff, 0xce,
    0xff, 0xff, 0xff, 0xff, 0xf4, 0x0, 0xaf, 0xff,
    0xe1, 0x0, 0xa, 0xff, 0xff, 0xff, 0xe1, 0x8f,
    0xff, 0xff, 0xff, 0xf8, 0x0, 0x3, 0xff, 0xff,
    0xb0, 0x0, 0x5, 0xbe, 0xfe, 0xa2, 0x0, 0x8e,
    0xff, 0xfe, 0xb4, 0x0, 0x0, 0xa, 0xff, 0xff,
    0xa0, 0x0, 0x0, 0x0, 0x0, 0x0, 0x0, 0x0,
    0x0, 0x0, 0x0, 0x0, 0x0, 0x1e, 0xff, 0xff,
    0xd3, 0x0, 0x0, 0x0, 0x0, 0x0, 0x0, 0x0,
    0x0, 0x0, 0x0, 0x0, 0x0, 0x2e, 0xff, 0xff,
    0xfc, 0x62, 0x0, 0x0, 0x0, 0x0, 0x0, 0x0,
    0x0, 0x0, 0x0, 0x0, 0x0, 0x2e, 0xff, 0xff,
    0xff, 0xff, 0xed, 0xdd, 0xdd, 0xdd, 0xd2, 0x0,
    0x0, 0x0, 0x0, 0x0, 0x0, 0x1a, 0xff, 0xff,
    0xff, 0xff, 0xff, 0xff, 0xff, 0xff, 0x20, 0x0,
    0x0, 0x0, 0x0, 0x0, 0x0, 0x3, 0xaf, 0xff,
    0xff, 0xff, 0xff, 0xff, 0xff, 0xf2, 0x0, 0x0,
    0x0, 0x0, 0x0, 0x0, 0x0, 0x0, 0x15, 0x9b,
    0xef, 0xff, 0xff, 0xff, 0xff, 0x20, 0x0, 0x0,
    0x0,

    /* U+0041 "A" */
    0x0, 0x0, 0x0, 0x4f, 0xff, 0xff, 0xff, 0xd0,
    0x0, 0x0, 0x0, 0x0, 0x0, 0x8, 0xff, 0xff,
    0xff, 0xff, 0x10, 0x0, 0x0, 0x0, 0x0, 0x0,
    0xcf, 0xff, 0xdf, 0xff, 0xf5, 0x0, 0x0, 0x0,
    0x0, 0x0, 0x1f, 0xff, 0xf4, 0xbf, 0xff, 0xa0,
    0x0, 0x0, 0x0, 0x0, 0x5, 0xff, 0xff, 0x7,
    0xff, 0xfe, 0x0, 0x0, 0x0, 0x0, 0x0, 0xaf,
    0xff, 0xc0, 0x3f, 0xff, 0xf2, 0x0, 0x0, 0x0,
    0x0, 0xe, 0xff, 0xf8, 0x0, 0xff, 0xff, 0x70,
    0x0, 0x0, 0x0, 0x2, 0xff, 0xff, 0x30, 0xb,
    0xff, 0xfb, 0x0, 0x0, 0x0, 0x0, 0x7f, 0xff,
    0xf0, 0x0, 0x7f, 0xff, 0xf0, 0x0, 0x0, 0x0,
    0xb, 0xff, 0xfb, 0x0, 0x2, 0xff, 0xff, 0x40,
    0x0, 0x0, 0x0, 0xff, 0xff, 0x70, 0x0, 0xe,
    0xff, 0xf8, 0x0, 0x0, 0x0, 0x4f, 0xff, 0xf3,
    0x0, 0x0, 0xaf, 0xff, 0xc0, 0x0, 0x0, 0x8,
    0xff, 0xfe, 0x0, 0x0, 0x6, 0xff, 0xff, 0x10,
    0x0, 0x0, 0xcf, 0xff, 0xb1, 0x11, 0x11, 0x3f,
    0xff, 0xf5, 0x0, 0x0, 0x1f, 0xff, 0xff, 0xff,
    0xff, 0xff, 0xff, 0xff, 0xa0, 0x0, 0x5, 0xff,
    0xff, 0xff, 0xff, 0xff, 0xff, 0xff, 0xfe, 0x0,
    0x0, 0x9f, 0xff, 0xff, 0xff, 0xff, 0xff, 0xff,
    0xff, 0xf2, 0x0, 0xe, 0xff, 0xff, 0xff, 0xff,
    0xff, 0xff, 0xff, 0xff, 0x70, 0x2, 0xff, 0xff,
    0x60, 0x0, 0x0, 0x0, 0xd, 0xff, 0xfb, 0x0,
    0x7f, 0xff, 0xf2, 0x0, 0x0, 0x0, 0x0, 0x9f,
    0xff, 0xf0, 0xb, 0xff, 0xfe, 0x0, 0x0, 0x0,
    0x0, 0x5, 0xff, 0xff, 0x40, 0xff, 0xff, 0x90,
    0x0, 0x0, 0x0, 0x0, 0x1f, 0xff, 0xf8, 0x4f,
    0xff, 0xf5, 0x0, 0x0, 0x0, 0x0, 0x0, 0xdf,
    0xff, 0xc0,

    /* U+0042 "B" */
    0x7f, 0xff, 0xff, 0xff, 0xff, 0xff, 0xff, 0xda,
    0x50, 0x0, 0x7, 0xff, 0xff, 0xff, 0xff, 0xff,
    0xff, 0xff, 0xff, 0xc2, 0x0, 0x7f, 0xff, 0xff,
    0xff, 0xff, 0xff, 0xff, 0xff, 0xff, 0xe1, 0x6,
    0xdd, 0xef, 0xff, 0xfe, 0xdd, 0xde, 0xff, 0xff,
    0xff, 0x80, 0x0, 0x5, 0xff, 0xff, 0x30, 0x0,
    0x0, 0x7f, 0xff, 0xfd, 0x0, 0x0, 0x5f, 0xff,
    0xf3, 0x0, 0x0, 0x0, 0xaf, 0xff, 0xf0, 0x0,
    0x5, 0xff, 0xff, 0x30, 0x0, 0x0, 0x7, 0xff,
    0xff, 0x0, 0x0, 0x5f, 0xff, 0xf3, 0x0, 0x0,
    0x0, 0xbf, 0xff, 0xb0, 0x0, 0x5, 0xff, 0xff,
    0x30, 0x0, 0x2, 0xaf, 0xff, 0xf4, 0x0, 0x0,
    0x5f, 0xff, 0xff, 0xff, 0xff, 0xff, 0xff, 0xf6,
    0x0, 0x0, 0x5, 0xff, 0xff, 0xff, 0xff, 0xff,
    0xff, 0xa2, 0x0, 0x0, 0x0, 0x5f, 0xff, 0xff,
    0xff, 0xff, 0xff, 0xfc, 0x40, 0x0, 0x0, 0x5,
    0xff, 0xff, 0xff, 0xff, 0xff, 0xff, 0xff, 0x90,
    0x0, 0x0, 0x5f, 0xff, 0xf3, 0x0, 0x0, 0x2a,
    0xff, 0xff, 0x60, 0x0, 0x5, 0xff, 0xff, 0x30,
    0x0, 0x0, 0xb, 0xff, 0xfd, 0x0, 0x0, 0x5f,
    0xff, 0xf3, 0x0, 0x0, 0x0, 0x6f, 0xff, 0xf0,
    0x0, 0x5, 0xff, 0xff, 0x30, 0x0, 0x0, 0x6,
    0xff, 0xff, 0x20, 0x0, 0x5f, 0xff, 0xf3, 0x0,
    0x0, 0x0, 0xaf, 0xff, 0xf0, 0x0, 0x5, 0xff,
    0xff, 0x30, 0x0, 0x0, 0x7f, 0xff, 0xfe, 0x6,
    0xdd, 0xef, 0xff, 0xfe, 0xdd, 0xde, 0xff, 0xff,
    0xff, 0x70, 0x7f, 0xff, 0xff, 0xff, 0xff, 0xff,
    0xff, 0xff, 0xff, 0xd0, 0x7, 0xff, 0xff, 0xff,
    0xff, 0xff, 0xff, 0xff, 0xff, 0xb1, 0x0, 0x7f,
    0xff, 0xff, 0xff, 0xff, 0xff, 0xff, 0xda, 0x40,
    0x0, 0x0,

    /* U+0043 "C" */
    0x0, 0x0, 0x1, 0x7b, 0xdf, 0xfe, 0xc9, 0x40,
    0x0, 0x0, 0x0, 0x0, 0x8f, 0xff, 0xff, 0xff,
    0xff, 0xfc, 0x20, 0x0, 0x0, 0x1c, 0xff, 0xff,
    0xff, 0xff, 0xff, 0xff, 0xf4, 0x0, 0x0, 0xcf,
    0xff, 0xff, 0xff, 0xff, 0xff, 0xff, 0xfe, 0x10,
    0x5, 0xff, 0xff, 0xf9, 0x30, 0x0, 0x4d, 0xff,
    0xff, 0x90, 0xc, 0xff, 0xff, 0x50, 0x0, 0x0,
    0x0, 0xcf, 0xff, 0xf0, 0xf, 0xff, 0xfb, 0x0,
    0x0, 0x0, 0x0, 0x4f, 0xff, 0xf4, 0x3f, 0xff,
    0xf5, 0x0, 0x0, 0x0, 0x0, 0xf, 0xff, 0xf6,
    0x4f, 0xff, 0xf3, 0x0, 0x0, 0x0, 0x0, 0x7,
    0x88, 0x83, 0x4f, 0xff, 0xf3, 0x0, 0x0, 0x0,
    0x0, 0x0, 0x0, 0x0, 0x4f, 0xff, 0xf3, 0x0,
    0x0, 0x0, 0x0, 0x0, 0x0, 0x0, 0x4f, 0xff,
    0xf3, 0x0, 0x0, 0x0, 0x0, 0x0, 0x0, 0x0,
    0x4f, 0xff, 0xf3, 0x0, 0x0, 0x0, 0x0, 0x0,
    0x0, 0x0, 0x4f, 0xff, 0xf3, 0x0, 0x0, 0x0,
    0x0, 0x0, 0x0, 0x0, 0x4f, 0xff, 0xf3, 0x0,
    0x0, 0x0, 0x0, 0xd, 0xdd, 0xd6, 0x3f, 0xff,
    0xf5, 0x0, 0x0, 0x0, 0x0, 0xf, 0xff, 0xf6,
    0xf, 0xff, 0xfb, 0x0, 0x0, 0x0, 0x0, 0x5f,
    0xff, 0xf4, 0xc, 0xff, 0xff, 0x50, 0x0, 0x0,
    0x0, 0xdf, 0xff, 0xf0, 0x5, 0xff, 0xff, 0xf9,
    0x20, 0x0, 0x5d, 0xff, 0xff, 0xa0, 0x0, 0xcf,
    0xff, 0xff, 0xff, 0xff, 0xff, 0xff, 0xff, 0x20,
    0x0, 0x1d, 0xff, 0xff, 0xff, 0xff, 0xff, 0xff,
    0xf4, 0x0, 0x0, 0x0, 0x9f, 0xff, 0xff, 0xff,
    0xff, 0xfd, 0x30, 0x0, 0x0, 0x0, 0x1, 0x7b,
    0xef, 0xfe, 0xd9, 0x40, 0x0, 0x0,

    /* U+0044 "D" */
    0x7f, 0xff, 0xff, 0xff, 0xff, 0xfe, 0xda, 0x60,
    0x0, 0x0, 0x7, 0xff, 0xff, 0xff, 0xff, 0xff,
    0xff, 0xff, 0xf7, 0x0, 0x0, 0x7f, 0xff, 0xff,
    0xff, 0xff, 0xff, 0xff, 0xff, 0xfb, 0x0, 0x6,
    0xdd, 0xef, 0xff, 0xfe, 0xdd, 0xff, 0xff, 0xff,
    0xf9, 0x0, 0x0, 0x5, 0xff, 0xff, 0x30, 0x0,
    0x29, 0xff, 0xff, 0xf2, 0x0, 0x0, 0x5f, 0xff,
    0xf3, 0x0, 0x0, 0x6, 0xff, 0xff, 0x80, 0x0,
    0x5, 0xff, 0xff, 0x30, 0x0, 0x0, 0xd, 0xff,
    0xfd, 0x0, 0x0, 0x5f, 0xff, 0xf3, 0x0, 0x0,
    0x0, 0x8f, 0xff, 0xf0, 0x0, 0x5, 0xff, 0xff,
    0x30, 0x0, 0x0, 0x6, 0xff, 0xff, 0x10, 0x0,
    0x5f, 0xff, 0xf3, 0x0, 0x0, 0x0, 0x5f, 0xff,
    0xf2, 0x0, 0x5, 0xff, 0xff, 0x30, 0x0, 0x0,
    0x5, 0xff, 0xff, 0x20, 0x0, 0x5f, 0xff, 0xf3,
    0x0, 0x0, 0x0, 0x5f, 0xff, 0xf2, 0x0, 0x5,
    0xff, 0xff, 0x30, 0x0, 0x0, 0x5, 0xff, 0xff,
    0x20, 0x0, 0x5f, 0xff, 0xf3, 0x0, 0x0, 0x0,
    0x5f, 0xff, 0xf2, 0x0, 0x5, 0xff, 0xff, 0x30,
    0x0, 0x0, 0x6, 0xff, 0xff, 0x10, 0x0, 0x5f,
    0xff, 0xf3, 0x0, 0x0, 0x0, 0x8f, 0xff, 0xf0,
    0x0, 0x5, 0xff, 0xff, 0x30, 0x0, 0x0, 0xd,
    0xff, 0xfd, 0x0, 0x0, 0x5f, 0xff, 0xf3, 0x0,
    0x0, 0x7, 0xff, 0xff, 0x90, 0x0, 0x5, 0xff,
    0xff, 0x30, 0x0, 0x29, 0xff, 0xff, 0xf2, 0x6,
    0xdd, 0xef, 0xff, 0xfe, 0xdd, 0xff, 0xff, 0xff,
    0xf9, 0x0, 0x7f, 0xff, 0xff, 0xff, 0xff, 0xff,
    0xff, 0xff, 0xfb, 0x0, 0x7, 0xff, 0xff, 0xff,
    0xff, 0xff, 0xff, 0xff, 0xf7, 0x0, 0x0, 0x7f,
    0xff, 0xff, 0xff, 0xff, 0xfe, 0xda, 0x60, 0x0,
    0x0, 0x0,

    /* U+0045 "E" */
    0xcf, 0xff, 0xff, 0xff, 0xff, 0xff, 0xff, 0xf8,
    0xcf, 0xff, 0xff, 0xff, 0xff, 0xff, 0xff, 0xf8,
    0xcf, 0xff, 0xff, 0xff, 0xff, 0xff, 0xff, 0xf8,
    0xcf, 0xff, 0xff, 0xff, 0xff, 0xff, 0xff, 0xf8,
    0xcf, 0xff, 0xb0, 0x0, 0x0, 0x0, 0x0, 0x0,
    0xcf, 0xff, 0xb0, 0x0, 0x0, 0x0, 0x0, 0x0,
    0xcf, 0xff, 0xb0, 0x0, 0x0, 0x0, 0x0, 0x0,
    0xcf, 0xff, 0xb0, 0x0, 0x0, 0x0, 0x0, 0x0,
    0xcf, 0xff, 0xb0, 0x0, 0x0, 0x0, 0x0, 0x0,
    0xcf, 0xff, 0xff, 0xff, 0xff, 0xff, 0xff, 0x90,
    0xcf, 0xff, 0xff, 0xff, 0xff, 0xff, 0xff, 0x90,
    0xcf, 0xff, 0xff, 0xff, 0xff, 0xff, 0xff, 0x90,
    0xcf, 0xff, 0xff, 0xff, 0xff, 0xff, 0xff, 0x90,
    0xcf, 0xff, 0xb0, 0x0, 0x0, 0x0, 0x0, 0x0,
    0xcf, 0xff, 0xb0, 0x0, 0x0, 0x0, 0x0, 0x0,
    0xcf, 0xff, 0xb0, 0x0, 0x0, 0x0, 0x0, 0x0,
    0xcf, 0xff, 0xb0, 0x0, 0x0, 0x0, 0x0, 0x0,
    0xcf, 0xff, 0xb0, 0x0, 0x0, 0x0, 0x0, 0x0,
    0xcf, 0xff, 0xb0, 0x0, 0x0, 0x0, 0x0, 0x0,
    0xcf, 0xff, 0xff, 0xff, 0xff, 0xff, 0xff, 0xfc,
    0xcf, 0xff, 0xff, 0xff, 0xff, 0xff, 0xff, 0xfc,
    0xcf, 0xff, 0xff, 0xff, 0xff, 0xff, 0xff, 0xfc,
    0xcf, 0xff, 0xff, 0xff, 0xff, 0xff, 0xff, 0xfc,

    /* U+0046 "F" */
    0xcf, 0xff, 0xff, 0xff, 0xff, 0xff, 0xff, 0xf3,
    0xcf, 0xff, 0xff, 0xff, 0xff, 0xff, 0xff, 0xf3,
    0xcf, 0xff, 0xff, 0xff, 0xff, 0xff, 0xff, 0xf3,
    0xcf, 0xff, 0xff, 0xff, 0xff, 0xff, 0xff, 0xf3,
    0xcf, 0xff, 0xb0, 0x0, 0x0, 0x0, 0x0, 0x0,
    0xcf, 0xff, 0xb0, 0x0, 0x0, 0x0, 0x0, 0x0,
    0xcf, 0xff, 0xb0, 0x0, 0x0, 0x0, 0x0, 0x0,
    0xcf, 0xff, 0xb0, 0x0, 0x0, 0x0, 0x0, 0x0,
    0xcf, 0xff, 0xb0, 0x0, 0x0, 0x0, 0x0, 0x0,
    0xcf, 0xff, 0xff, 0xff, 0xff, 0xff, 0xff, 0x60,
    0xcf, 0xff, 0xff, 0xff, 0xff, 0xff, 0xff, 0x60,
    0xcf, 0xff, 0xff, 0xff, 0xff, 0xff, 0xff, 0x60,
    0xcf, 0xff, 0xff, 0xff, 0xff, 0xff, 0xff, 0x60,
    0xcf, 0xff, 0xb0, 0x0, 0x0, 0x0, 0x0, 0x0,
    0xcf, 0xff, 0xb0, 0x0, 0x0, 0x0, 0x0, 0x0,
    0xcf, 0xff, 0xb0, 0x0, 0x0, 0x0, 0x0, 0x0,
    0xcf, 0xff, 0xb0, 0x0, 0x0, 0x0, 0x0, 0x0,
    0xcf, 0xff, 0xb0, 0x0, 0x0, 0x0, 0x0, 0x0,
    0xcf, 0xff, 0xb0, 0x0, 0x0, 0x0, 0x0, 0x0,
    0xcf, 0xff, 0xb0, 0x0, 0x0, 0x0, 0x0, 0x0,
    0xcf, 0xff, 0xb0, 0x0, 0x0, 0x0, 0x0, 0x0,
    0xcf, 0xff, 0xb0, 0x0, 0x0, 0x0, 0x0, 0x0,
    0xcf, 0xff, 0xb0, 0x0, 0x0, 0x0, 0x0, 0x0,

    /* U+0047 "G" */
    0x0, 0x0, 0x1, 0x7b, 0xdf, 0xfe, 0xda, 0x50,
    0x0, 0x0, 0x0, 0x0, 0x8f, 0xff, 0xff, 0xff,
    0xff, 0xfe, 0x50, 0x0, 0x0, 0x1c, 0xff, 0xff,
    0xff, 0xff, 0xff, 0xff, 0xf7, 0x0, 0x0, 0xcf,
    0xff, 0xff, 0xff, 0xff, 0xff, 0xff, 0xff, 0x40,
    0x5, 0xff, 0xff, 0xf9, 0x30, 0x0, 0x4b, 0xff,
    0xff, 0xd0, 0xc, 0xff, 0xff, 0x50, 0x0, 0x0,
    0x0, 0xaf, 0xff, 0xf2, 0xf, 0xff, 0xfb, 0x0,
    0x0, 0x0, 0x0, 0x1f, 0xff, 0xf5, 0x3f, 0xff,
    0xf5, 0x0, 0x0, 0x0, 0x0, 0x9, 0x99, 0x94,
    0x4f, 0xff, 0xf3, 0x0, 0x0, 0x0, 0x0, 0x0,
    0x0, 0x0, 0x4f, 0xff, 0xf3, 0x0, 0x0, 0x0,
    0x0, 0x0, 0x0, 0x0, 0x4f, 0xff, 0xf3, 0x0,
    0x6, 0xbb, 0xbb, 0xbb, 0xbb, 0xb5, 0x4f, 0xff,
    0xf3, 0x0, 0x9, 0xff, 0xff, 0xff, 0xff, 0xf7,
    0x4f, 0xff, 0xf3, 0x0, 0x9, 0xff, 0xff, 0xff,
    0xff, 0xf7, 0x4f, 0xff, 0xf3, 0x0, 0x9, 0xff,
    0xff, 0xff, 0xff, 0xf7, 0x4f, 0xff, 0xf3, 0x0,
    0x0, 0x0, 0x0, 0xf, 0xff, 0xf7, 0x3f, 0xff,
    0xf5, 0x0, 0x0, 0x0, 0x0, 0x1f, 0xff, 0xf7,
    0xf, 0xff, 0xfb, 0x0, 0x0, 0x0, 0x0, 0x5f,
    0xff, 0xf7, 0xc, 0xff, 0xff, 0x50, 0x0, 0x0,
    0x0, 0xdf, 0xff, 0xf7, 0x5, 0xff, 0xff, 0xf8,
    0x20, 0x0, 0x4c, 0xff, 0xff, 0xf7, 0x0, 0xbf,
    0xff, 0xff, 0xff, 0xef, 0xff, 0xff, 0xff, 0xf7,
    0x0, 0xd, 0xff, 0xff, 0xff, 0xff, 0xff, 0xcd,
    0xff, 0xf7, 0x0, 0x0, 0x9f, 0xff, 0xff, 0xff,
    0xfd, 0x1b, 0xff, 0xf7, 0x0, 0x0, 0x2, 0x8c,
    0xff, 0xfc, 0x81, 0xb, 0xff, 0xf7,

    /* U+0048 "H" */
    0xcf, 0xff, 0xb0, 0x0, 0x0, 0x0, 0x6, 0xff,
    0xff, 0x1c, 0xff, 0xfb, 0x0, 0x0, 0x0, 0x0,
    0x6f, 0xff, 0xf1, 0xcf, 0xff, 0xb0, 0x0, 0x0,
    0x0, 0x6, 0xff, 0xff, 0x1c, 0xff, 0xfb, 0x0,
    0x0, 0x0, 0x0, 0x6f, 0xff, 0xf1, 0xcf, 0xff,
    0xb0, 0x0, 0x0, 0x0, 0x6, 0xff, 0xff, 0x1c,
    0xff, 0xfb, 0x0, 0x0, 0x0, 0x0, 0x6f, 0xff,
    0xf1, 0xcf, 0xff, 0xb0, 0x0, 0x0, 0x0, 0x6,
    0xff, 0xff, 0x1c, 0xff, 0xfb, 0x0, 0x0, 0x0,
    0x0, 0x6f, 0xff, 0xf1, 0xcf, 0xff, 0xb0, 0x0,
    0x0, 0x0, 0x6, 0xff, 0xff, 0x1c, 0xff, 0xff,
    0xff, 0xff, 0xff, 0xff, 0xff, 0xff, 0xf1, 0xcf,
    0xff, 0xff, 0xff, 0xff, 0xff, 0xff, 0xff, 0xff,
    0x1c, 0xff, 0xff, 0xff, 0xff, 0xff, 0xff, 0xff,
    0xff, 0xf1, 0xcf, 0xff, 0xff, 0xff, 0xff, 0xff,
    0xff, 0xff, 0xff, 0x1c, 0xff, 0xfb, 0x0, 0x0,
    0x0, 0x0, 0x6f, 0xff, 0xf1, 0xcf, 0xff, 0xb0,
    0x0, 0x0, 0x0, 0x6, 0xff, 0xff, 0x1c, 0xff,
    0xfb, 0x0, 0x0, 0x0, 0x0, 0x6f, 0xff, 0xf1,
    0xcf, 0xff, 0xb0, 0x0, 0x0, 0x0, 0x6, 0xff,
    0xff, 0x1c, 0xff, 0xfb, 0x0, 0x0, 0x0, 0x0,
    0x6f, 0xff, 0xf1, 0xcf, 0xff, 0xb0, 0x0, 0x0,
    0x0, 0x6, 0xff, 0xff, 0x1c, 0xff, 0xfb, 0x0,
    0x0, 0x0, 0x0, 0x6f, 0xff, 0xf1, 0xcf, 0xff,
    0xb0, 0x0, 0x0, 0x0, 0x6, 0xff, 0xff, 0x1c,
    0xff, 0xfb, 0x0, 0x0, 0x0, 0x0, 0x6f, 0xff,
    0xf1, 0xcf, 0xff, 0xb0, 0x0, 0x0, 0x0, 0x6,
    0xff, 0xff, 0x10,

    /* U+0049 "I" */
    0xcf, 0xff, 0xbc, 0xff, 0xfb, 0xcf, 0xff, 0xbc,
    0xff, 0xfb, 0xcf, 0xff, 0xbc, 0xff, 0xfb, 0xcf,
    0xff, 0xbc, 0xff, 0xfb, 0xcf, 0xff, 0xbc, 0xff,
    0xfb, 0xcf, 0xff, 0xbc, 0xff, 0xfb, 0xcf, 0xff,
    0xbc, 0xff, 0xfb, 0xcf, 0xff, 0xbc, 0xff, 0xfb,
    0xcf, 0xff, 0xbc, 0xff, 0xfb, 0xcf, 0xff, 0xbc,
    0xff, 0xfb, 0xcf, 0xff, 0xbc, 0xff, 0xfb, 0xcf,
    0xff, 0xb0,

    /* U+004A "J" */
    0x0, 0x0, 0x0, 0xf, 0xff, 0xff, 0xff, 0xff,
    0xff, 0x50, 0x0, 0x0, 0x0, 0xff, 0xff, 0xff,
    0xff, 0xff, 0xf5, 0x0, 0x0, 0x0, 0xf, 0xff,
    0xff, 0xff, 0xff, 0xff, 0x50, 0x0, 0x0, 0x0,
    0xff, 0xff, 0xff, 0xff, 0xff, 0xf5, 0x0, 0x0,
    0x0, 0x0, 0x0, 0xe, 0xff, 0xf9, 0x0, 0x0,
    0x0, 0x0, 0x0, 0x0, 0x0, 0xef, 0xff, 0x90,
    0x0, 0x0, 0x0, 0x0, 0x0, 0x0, 0xe, 0xff,
    0xf9, 0x0, 0x0, 0x0, 0x0, 0x0, 0x0, 0x0,
    0xef, 0xff, 0x90, 0x0, 0x0, 0x0, 0x0, 0x0,
    0x0, 0xe, 0xff, 0xf9, 0x0, 0x0, 0x0, 0x0,
    0x0, 0x0, 0x0, 0xef, 0xff, 0x90, 0x0, 0x0,
    0x0, 0x0, 0x0, 0x0, 0xe, 0xff, 0xf9, 0x0,
    0x0, 0x0, 0x0, 0x0, 0x0, 0x0, 0xef, 0xff,
    0x90, 0x0, 0x0, 0x0, 0x0, 0x0, 0x0, 0xe,
    0xff, 0xf9, 0x0, 0x5, 0x66, 0x63, 0x0, 0x0,
    0x0, 0xef, 0xff, 0x90, 0x0, 0xef, 0xff, 0x90,
    0x0, 0x0, 0xe, 0xff, 0xf9, 0x0, 0xe, 0xff,
    0xf9, 0x0, 0x0, 0x0, 0xef, 0xff, 0x90, 0x0,
    0xdf, 0xff, 0xb0, 0x0, 0x0, 0xf, 0xff, 0xf8,
    0x0, 0xb, 0xff, 0xff, 0x20, 0x0, 0x6, 0xff,
    0xff, 0x60, 0x0, 0x7f, 0xff, 0xfe, 0x63, 0x38,
    0xff, 0xff, 0xf3, 0x0, 0x0, 0xef, 0xff, 0xff,
    0xff, 0xff, 0xff, 0xfc, 0x0, 0x0, 0x4, 0xff,
    0xff, 0xff, 0xff, 0xff, 0xff, 0x30, 0x0, 0x0,
    0x4, 0xef, 0xff, 0xff, 0xff, 0xfe, 0x30, 0x0,
    0x0, 0x0, 0x0, 0x6b, 0xef, 0xfe, 0xb6, 0x0,
    0x0, 0x0, 0x0,

    /* U+004B "K" */
    0xcf, 0xff, 0xb0, 0x0, 0x0, 0x0, 0x5f, 0xff,
    0xff, 0x50, 0xcf, 0xff, 0xb0, 0x0, 0x0, 0x3,
    0xff, 0xff, 0xf7, 0x0, 0xcf, 0xff, 0xb0, 0x0,
    0x0, 0x2e, 0xff, 0xff, 0x90, 0x0, 0xcf, 0xff,
    0xb0, 0x0, 0x1, 0xdf, 0xff, 0xfb, 0x0, 0x0,
    0xcf, 0xff, 0xb0, 0x0, 0xc, 0xff, 0xff, 0xc0,
    0x0, 0x0, 0xcf, 0xff, 0xb0, 0x0, 0xaf, 0xff,
    0xfd, 0x10, 0x0, 0x0, 0xcf, 0xff, 0xb0, 0x8,
    0xff, 0xff, 0xe2, 0x0, 0x0, 0x0, 0xcf, 0xff,
    0xb0, 0x5f, 0xff, 0xff, 0x30, 0x0, 0x0, 0x0,
    0xcf, 0xff, 0xb3, 0xff, 0xff, 0xf4, 0x0, 0x0,
    0x0, 0x0, 0xcf, 0xff, 0xff, 0xff, 0xff, 0x60,
    0x0, 0x0, 0x0, 0x0, 0xcf, 0xff, 0xff, 0xff,
    0xf8, 0x0, 0x0, 0x0, 0x0, 0x0, 0xcf, 0xff,
    0xff, 0xff, 0xf2, 0x0, 0x0, 0x0, 0x0, 0x0,
    0xcf, 0xff, 0xff, 0xff, 0xfe, 0x10, 0x0, 0x0,
    0x0, 0x0, 0xcf, 0xff, 0xec, 0xff, 0xff, 0xc0,
    0x0, 0x0, 0x0, 0x0, 0xcf, 0xff, 0xb0, 0xdf,
    0xff, 0xfb, 0x0, 0x0, 0x0, 0x0, 0xcf, 0xff,
    0xb0, 0x2e, 0xff, 0xff, 0x90, 0x0, 0x0, 0x0,
    0xcf, 0xff, 0xb0, 0x3, 0xff, 0xff, 0xf7, 0x0,
    0x0, 0x0, 0xcf, 0xff, 0xb0, 0x0, 0x6f, 0xff,
    0xff, 0x50, 0x0, 0x0, 0xcf, 0xff, 0xb0, 0x0,
    0x8, 0xff, 0xff, 0xf3, 0x0, 0x0, 0xcf, 0xff,
    0xb0, 0x0, 0x0, 0xbf, 0xff, 0xfe, 0x20, 0x0,
    0xcf, 0xff, 0xb0, 0x0, 0x0, 0xd, 0xff, 0xff,
    0xd1, 0x0, 0xcf, 0xff, 0xb0, 0x0, 0x0, 0x1,
    0xef, 0xff, 0xfc, 0x0, 0xcf, 0xff, 0xb0, 0x0,
    0x0, 0x0, 0x3f, 0xff, 0xff, 0xb0,

    /* U+004C "L" */
    0xcf, 0xff, 0xb0, 0x0, 0x0, 0x0, 0x0, 0x0,
    0xcf, 0xff, 0xb0, 0x0, 0x0, 0x0, 0x0, 0x0,
    0xcf, 0xff, 0xb0, 0x0, 0x0, 0x0, 0x0, 0x0,
    0xcf, 0xff, 0xb0, 0x0, 0x0, 0x0, 0x0, 0x0,
    0xcf, 0xff, 0xb0, 0x0, 0x0, 0x0, 0x0, 0x0,
    0xcf, 0xff, 0xb0, 0x0, 0x0, 0x0, 0x0, 0x0,
    0xcf, 0xff, 0xb0, 0x0, 0x0, 0x0, 0x0, 0x0,
    0xcf, 0xff, 0xb0, 0x0, 0x0, 0x0, 0x0, 0x0,
    0xcf, 0xff, 0xb0, 0x0, 0x0, 0x0, 0x0, 0x0,
    0xcf, 0xff, 0xb0, 0x0, 0x0, 0x0, 0x0, 0x0,
    0xcf, 0xff, 0xb0, 0x0, 0x0, 0x0, 0x0, 0x0,
    0xcf, 0xff, 0xb0, 0x0, 0x0, 0x0, 0x0, 0x0,
    0xcf, 0xff, 0xb0, 0x0, 0x0, 0x0, 0x0, 0x0,
    0xcf, 0xff, 0xb0, 0x0, 0x0, 0x0, 0x0, 0x0,
    0xcf, 0xff, 0xb0, 0x0, 0x0, 0x0, 0x0, 0x0,
    0xcf, 0xff, 0xb0, 0x0, 0x0, 0x0, 0x0, 0x0,
    0xcf, 0xff, 0xb0, 0x0, 0x0, 0x0, 0x0, 0x0,
    0xcf, 0xff, 0xb0, 0x0, 0x0, 0x0, 0x0, 0x0,
    0xcf, 0xff, 0xb0, 0x0, 0x0, 0x0, 0x0, 0x0,
    0xcf, 0xff, 0xff, 0xff, 0xff, 0xff, 0xff, 0xf9,
    0xcf, 0xff, 0xff, 0xff, 0xff, 0xff, 0xff, 0xf9,
    0xcf, 0xff, 0xff, 0xff, 0xff, 0xff, 0xff, 0xf9,
    0xcf, 0xff, 0xff, 0xff, 0xff, 0xff, 0xff, 0xf9,

    /* U+004D "M" */
    0xcf, 0xff, 0xff, 0xff, 0xa0, 0x0, 0x0, 0x0,
    0xb, 0xff, 0xff, 0xff, 0xfc, 0xcf, 0xff, 0xff,
    0xff, 0xe0, 0x0, 0x0, 0x0, 0xe, 0xff, 0xff,
    0xff, 0xfc, 0xcf, 0xff, 0xff, 0xff, 0xf1, 0x0,
    0x0, 0x0, 0x1f, 0xff, 0xff, 0xff, 0xfc, 0xcf,
    0xff, 0xbc, 0xff, 0xf4, 0x0, 0x0, 0x0, 0x5f,
    0xff, 0xcb, 0xff, 0xfc, 0xcf, 0xff, 0x98, 0xff,
    0xf8, 0x0, 0x0, 0x0, 0x8f, 0xff, 0x89, 0xff,
    0xfc, 0xcf, 0xff, 0x95, 0xff, 0xfb, 0x0, 0x0,
    0x0, 0xbf, 0xff, 0x49, 0xff, 0xfc, 0xcf, 0xff,
    0x92, 0xff, 0xfe, 0x0, 0x0, 0x0, 0xef, 0xff,
    0x19, 0xff, 0xfc, 0xcf, 0xff, 0x90, 0xef, 0xff,
    0x10, 0x0, 0x2, 0xff, 0xfe, 0x9, 0xff, 0xfc,
    0xcf, 0xff, 0x90, 0xbf, 0xff, 0x50, 0x0, 0x5,
    0xff, 0xfb, 0x9, 0xff, 0xfc, 0xcf, 0xff, 0x90,
    0x8f, 0xff, 0x80, 0x0, 0x8, 0xff, 0xf7, 0x9,
    0xff, 0xfc, 0xcf, 0xff, 0x90, 0x4f, 0xff, 0xb0,
    0x0, 0xc, 0xff, 0xf4, 0x9, 0xff, 0xfc, 0xcf,
    0xff, 0x90, 0x1f, 0xff, 0xe0, 0x0, 0xf, 0xff,
    0xf1, 0x9, 0xff, 0xfc, 0xcf, 0xff, 0x90, 0xe,
    0xff, 0xf2, 0x0, 0x2f, 0xff, 0xd0, 0x9, 0xff,
    0xfc, 0xcf, 0xff, 0x90, 0xa, 0xff, 0xf5, 0x0,
    0x5f, 0xff, 0xa0, 0x9, 0xff, 0xfc, 0xcf, 0xff,
    0x90, 0x7, 0xff, 0xf8, 0x0, 0x9f, 0xff, 0x70,
    0x9, 0xff, 0xfc, 0xcf, 0xff, 0x90, 0x4, 0xff,
    0xfc, 0x0, 0xcf, 0xff, 0x30, 0x9, 0xff, 0xfc,
    0xcf, 0xff, 0x90, 0x1, 0xff, 0xff, 0x0, 0xff,
    0xff, 0x0, 0x9, 0xff, 0xfc, 0xcf, 0xff, 0x90,
    0x0, 0xdf, 0xff, 0x23, 0xff, 0xfd, 0x0, 0x9,
    0xff, 0xfc, 0xcf, 0xff, 0x90, 0x0, 0xaf, 0xff,
    0x66, 0xff, 0xfa, 0x0, 0x9, 0xff, 0xfc, 0xcf,
    0xff, 0x90, 0x0, 0x7f, 0xff, 0x99, 0xff, 0xf6,
    0x0, 0x9, 0xff, 0xfc, 0xcf, 0xff, 0x90, 0x0,
    0x3f, 0xff, 0xff, 0xff, 0xf3, 0x0, 0x9, 0xff,
    0xfc, 0xcf, 0xff, 0x90, 0x0, 0xf, 0xff, 0xff,
    0xff, 0xf0, 0x0, 0x9, 0xff, 0xfc, 0xcf, 0xff,
    0x90, 0x0, 0xd, 0xff, 0xff, 0xff, 0xc0, 0x0,
    0x9, 0xff, 0xfc,

    /* U+004E "N" */
    0xcf, 0xff, 0xff, 0xff, 0xe0, 0x0, 0x0, 0xef,
    0xff, 0x8c, 0xff, 0xff, 0xff, 0xff, 0x20, 0x0,
    0xe, 0xff, 0xf8, 0xcf, 0xff, 0xff, 0xff, 0xf5,
    0x0, 0x0, 0xef, 0xff, 0x8c, 0xff, 0xfa, 0x9f,
    0xff, 0x90, 0x0, 0xe, 0xff, 0xf8, 0xcf, 0xff,
    0xa5, 0xff, 0xfd, 0x0, 0x0, 0xef, 0xff, 0x8c,
    0xff, 0xfa, 0x2f, 0xff, 0xf1, 0x0, 0xe, 0xff,
    0xf8, 0xcf, 0xff, 0xa0, 0xef, 0xff, 0x50, 0x0,
    0xef, 0xff, 0x8c, 0xff, 0xfa, 0xa, 0xff, 0xf8,
    0x0, 0xe, 0xff, 0xf8, 0xcf, 0xff, 0xa0, 0x6f,
    0xff, 0xc0, 0x0, 0xef, 0xff, 0x8c, 0xff, 0xfa,
    0x3, 0xff, 0xff, 0x0, 0xe, 0xff, 0xf8, 0xcf,
    0xff, 0xa0, 0xf, 0xff, 0xf4, 0x0, 0xef, 0xff,
    0x8c, 0xff, 0xfa, 0x0, 0xbf, 0xff, 0x70, 0xe,
    0xff, 0xf8, 0xcf, 0xff, 0xa0, 0x7, 0xff, 0xfb,
    0x0, 0xef, 0xff, 0x8c, 0xff, 0xfa, 0x0, 0x3f,
    0xff, 0xf0, 0xe, 0xff, 0xf8, 0xcf, 0xff, 0xa0,
    0x0, 0xff, 0xff, 0x30, 0xef, 0xff, 0x8c, 0xff,
    0xfa, 0x0, 0xc, 0xff, 0xf6, 0xe, 0xff, 0xf8,
    0xcf, 0xff, 0xa0, 0x0, 0x8f, 0xff, 0xa0, 0xef,
    0xff, 0x8c, 0xff, 0xfa, 0x0, 0x4, 0xff, 0xfe,
    0xe, 0xff, 0xf8, 0xcf, 0xff, 0xa0, 0x0, 0x1f,
    0xff, 0xf2, 0xef, 0xff, 0x8c, 0xff, 0xfa, 0x0,
    0x0, 0xdf, 0xff, 0x6e, 0xff, 0xf8, 0xcf, 0xff,
    0xa0, 0x0, 0x9, 0xff, 0xff, 0xff, 0xff, 0x8c,
    0xff, 0xfa, 0x0, 0x0, 0x5f, 0xff, 0xff, 0xff,
    0xf8, 0xcf, 0xff, 0xa0, 0x0, 0x1, 0xff, 0xff,
    0xff, 0xff, 0x80,

    /* U+004F "O" */
    0x0, 0x0, 0x0, 0x6a, 0xde, 0xfe, 0xda, 0x60,
    0x0, 0x0, 0x0, 0x0, 0x8, 0xff, 0xff, 0xff,
    0xff, 0xff, 0xf7, 0x0, 0x0, 0x0, 0xc, 0xff,
    0xff, 0xff, 0xff, 0xff, 0xff, 0xfb, 0x0, 0x0,
    0xb, 0xff, 0xff, 0xff, 0xff, 0xff, 0xff, 0xff,
    0xfb, 0x0, 0x5, 0xff, 0xff, 0xfa, 0x30, 0x0,
    0x3a, 0xff, 0xff, 0xf4, 0x0, 0xcf, 0xff, 0xf6,
    0x0, 0x0, 0x0, 0x6, 0xff, 0xff, 0xb0, 0xf,
    0xff, 0xfb, 0x0, 0x0, 0x0, 0x0, 0xb, 0xff,
    0xff, 0x3, 0xff, 0xff, 0x50, 0x0, 0x0, 0x0,
    0x0, 0x5f, 0xff, 0xf2, 0x4f, 0xff, 0xf3, 0x0,
    0x0, 0x0, 0x0, 0x3, 0xff, 0xff, 0x34, 0xff,
    0xff, 0x30, 0x0, 0x0, 0x0, 0x0, 0x3f, 0xff,
    0xf4, 0x4f, 0xff, 0xf3, 0x0, 0x0, 0x0, 0x0,
    0x3, 0xff, 0xff, 0x44, 0xff, 0xff, 0x30, 0x0,
    0x0, 0x0, 0x0, 0x3f, 0xff, 0xf4, 0x4f, 0xff,
    0xf3, 0x0, 0x0, 0x0, 0x0, 0x3, 0xff, 0xff,
    0x44, 0xff, 0xff, 0x30, 0x0, 0x0, 0x0, 0x0,
    0x3f, 0xff, 0xf4, 0x4f, 0xff, 0xf3, 0x0, 0x0,
    0x0, 0x0, 0x3, 0xff, 0xff, 0x33, 0xff, 0xff,
    0x50, 0x0, 0x0, 0x0, 0x0, 0x5f, 0xff, 0xf2,
    0xf, 0xff, 0xfb, 0x0, 0x0, 0x0, 0x0, 0xb,
    0xff, 0xff, 0x0, 0xcf, 0xff, 0xf6, 0x0, 0x0,
    0x0, 0x6, 0xff, 0xff, 0xb0, 0x5, 0xff, 0xff,
    0xfa, 0x30, 0x0, 0x3a, 0xff, 0xff, 0xf4, 0x0,
    0xb, 0xff, 0xff, 0xff, 0xff, 0xff, 0xff, 0xff,
    0xfb, 0x0, 0x0, 0xc, 0xff, 0xff, 0xff, 0xff,
    0xff, 0xff, 0xfc, 0x0, 0x0, 0x0, 0x8, 0xff,
    0xff, 0xff, 0xff, 0xff, 0xf7, 0x0, 0x0, 0x0,
    0x0, 0x1, 0x6a, 0xde, 0xfe, 0xda, 0x60, 0x0,
    0x0, 0x0,

    /* U+0050 "P" */
    0xcf, 0xff, 0xff, 0xff, 0xff, 0xfd, 0xa5, 0x0,
    0x0, 0xcf, 0xff, 0xff, 0xff, 0xff, 0xff, 0xff,
    0xc2, 0x0, 0xcf, 0xff, 0xff, 0xff, 0xff, 0xff,
    0xff, 0xfe, 0x20, 0xcf, 0xff, 0xff, 0xff, 0xff,
    0xff, 0xff, 0xff, 0xd0, 0xcf, 0xff, 0xb0, 0x0,
    0x0, 0x16, 0xef, 0xff, 0xf4, 0xcf, 0xff, 0xb0,
    0x0, 0x0, 0x0, 0x4f, 0xff, 0xf7, 0xcf, 0xff,
    0xb0, 0x0, 0x0, 0x0, 0xe, 0xff, 0xf9, 0xcf,
    0xff, 0xb0, 0x0, 0x0, 0x0, 0xe, 0xff, 0xfa,
    0xcf, 0xff, 0xb0, 0x0, 0x0, 0x0, 0x4f, 0xff,
    0xf8, 0xcf, 0xff, 0xb0, 0x0, 0x0, 0x16, 0xef,
    0xff, 0xf4, 0xcf, 0xff, 0xff, 0xff, 0xff, 0xff,
    0xff, 0xff, 0xc0, 0xcf, 0xff, 0xff, 0xff, 0xff,
    0xff, 0xff, 0xfe, 0x10, 0xcf, 0xff, 0xff, 0xff,
    0xff, 0xff, 0xff, 0xc2, 0x0, 0xcf, 0xff, 0xff,
    0xff, 0xff, 0xfd, 0xa5, 0x0, 0x0, 0xcf, 0xff,
    0xb0, 0x0, 0x0, 0x0, 0x0, 0x0, 0x0, 0xcf,
    0xff, 0xb0, 0x0, 0x0, 0x0, 0x0, 0x0, 0x0,
    0xcf, 0xff, 0xb0, 0x0, 0x0, 0x0, 0x0, 0x0,
    0x0, 0xcf, 0xff, 0xb0, 0x0, 0x0, 0x0, 0x0,
    0x0, 0x0, 0xcf, 0xff, 0xb0, 0x0, 0x0, 0x0,
    0x0, 0x0, 0x0, 0xcf, 0xff, 0xb0, 0x0, 0x0,
    0x0, 0x0, 0x0, 0x0, 0xcf, 0xff, 0xb0, 0x0,
    0x0, 0x0, 0x0, 0x0, 0x0, 0xcf, 0xff, 0xb0,
    0x0, 0x0, 0x0, 0x0, 0x0, 0x0, 0xcf, 0xff,
    0xb0, 0x0, 0x0, 0x0, 0x0, 0x0, 0x0,

    /* U+0051 "Q" */
    0x0, 0x0, 0x0, 0x6a, 0xde, 0xfe, 0xda, 0x60,
    0x0, 0x0, 0x0, 0x0, 0x8, 0xff, 0xff, 0xff,
    0xff, 0xff, 0xf7, 0x0, 0x0, 0x0, 0xc, 0xff,
    0xff, 0xff, 0xff, 0xff, 0xff, 0xfb, 0x0, 0x0,
    0xb, 0xff, 0xff, 0xff, 0xff, 0xff, 0xff, 0xff,
    0xfb, 0x0, 0x5, 0xff, 0xff, 0xfa, 0x30, 0x0,
    0x3a, 0xff, 0xff, 0xf4, 0x0, 0xcf, 0xff, 0xf6,
    0x0, 0x0, 0x0, 0x6, 0xff, 0xff, 0xb0, 0xf,
    0xff, 0xfb, 0x0, 0x0, 0x0, 0x0, 0xb, 0xff,
    0xff, 0x3, 0xff, 0xff, 0x50, 0x0, 0x0, 0x0,
    0x0, 0x5f, 0xff, 0xf2, 0x4f, 0xff, 0xf3, 0x0,
    0x0, 0x0, 0x0, 0x3, 0xff, 0xff, 0x34, 0xff,
    0xff, 0x30, 0x0, 0x0, 0x0, 0x0, 0x3f, 0xff,
    0xf4, 0x4f, 0xff, 0xf3, 0x0, 0x0, 0x0, 0x0,
    0x3, 0xff, 0xff, 0x44, 0xff, 0xff, 0x30, 0x0,
    0x0, 0x0, 0x0, 0x3f, 0xff, 0xf4, 0x4f, 0xff,
    0xf3, 0x0, 0x0, 0x0, 0x0, 0x3, 0xff, 0xff,
    0x44, 0xff, 0xff, 0x30, 0x0, 0x0, 0x0, 0x0,
    0x3f, 0xff, 0xf4, 0x4f, 0xff, 0xf3, 0x0, 0x0,
    0x0, 0x0, 0x3, 0xff, 0xff, 0x33, 0xff, 0xff,
    0x50, 0x0, 0x0, 0x0, 0x0, 0x5f, 0xff, 0xf2,
    0xf, 0xff, 0xfb, 0x0, 0x0, 0x0, 0x0, 0xb,
    0xff, 0xff, 0x0, 0xcf, 0xff, 0xf6, 0x0, 0x0,
    0x0, 0x6, 0xff, 0xff, 0xb0, 0x5, 0xff, 0xff,
    0xfa, 0x30, 0x0, 0x3a, 0xff, 0xff, 0xf4, 0x0,
    0xb, 0xff, 0xff, 0xff, 0xff, 0xff, 0xff, 0xff,
    0xfb, 0x0, 0x0, 0xc, 0xff, 0xff, 0xff, 0xff,
    0xff, 0xff, 0xfc, 0x0, 0x0, 0x0, 0x8, 0xff,
    0xff, 0xff, 0xff, 0xff, 0xf7, 0x0, 0x0, 0x0,
    0x0, 0x1, 0x6a, 0xff, 0xff, 0xfa, 0x60, 0x0,
    0x0, 0x0, 0x0, 0x0, 0x0, 0xb, 0xff, 0xfa,
    0x0, 0x0, 0x0, 0x0, 0x0, 0x0, 0x0, 0x0,
    0xaf, 0xff, 0xd1, 0x0, 0x0, 0x0, 0x0, 0x0,
    0x0, 0x0, 0x9, 0xff, 0xff, 0xff, 0xa0, 0x0,
    0x0, 0x0, 0x0, 0x0, 0x0, 0x4f, 0xff, 0xff,
    0xfa, 0x0, 0x0, 0x0, 0x0, 0x0, 0x0, 0x0,
    0x7f, 0xff, 0xff, 0xa0, 0x0, 0x0, 0x0, 0x0,
    0x0, 0x0, 0x0, 0x15, 0x66, 0x64, 0x0, 0x0,
    0x0,

    /* U+0052 "R" */
    0xcf, 0xff, 0xff, 0xff, 0xff, 0xfe, 0xd8, 0x30,
    0x0, 0xcf, 0xff, 0xff, 0xff, 0xff, 0xff, 0xff,
    0xfa, 0x0, 0xcf, 0xff, 0xff, 0xff, 0xff, 0xff,
    0xff, 0xff, 0xb0, 0xcf, 0xff, 0xff, 0xff, 0xff,
    0xff, 0xff, 0xff, 0xf5, 0xcf, 0xff, 0xb0, 0x0,
    0x0, 0x3, 0xbf, 0xff, 0xfc, 0xcf, 0xff, 0xb0,
    0x0, 0x0, 0x0, 0xd, 0xff, 0xfe, 0xcf, 0xff,
    0xb0, 0x0, 0x0, 0x0, 0x9, 0xff, 0xff, 0xcf,
    0xff, 0xb0, 0x0, 0x0, 0x0, 0x9, 0xff, 0xfe,
    0xcf, 0xff, 0xb0, 0x0, 0x0, 0x0, 0xd, 0xff,
    0xf9, 0xcf, 0xff, 0xb0, 0x0, 0x0, 0x3, 0xcf,
    0xff, 0xf2, 0xcf, 0xff, 0xff, 0xff, 0xff, 0xff,
    0xff, 0xfe, 0x30, 0xcf, 0xff, 0xff, 0xff, 0xff,
    0xff, 0xff, 0xa0, 0x0, 0xcf, 0xff, 0xff, 0xff,
    0xff, 0xff, 0xff, 0xd8, 0x10, 0xcf, 0xff, 0xff,
    0xff, 0xff, 0xff, 0xff, 0xff, 0xc0, 0xcf, 0xff,
    0xb0, 0x0, 0x0, 0x1, 0xbf, 0xff, 0xf2, 0xcf,
    0xff, 0xb0, 0x0, 0x0, 0x0, 0x3f, 0xff, 0xf4,
    0xcf, 0xff, 0xb0, 0x0, 0x0, 0x0, 0x2f, 0xff,
    0xf5, 0xcf, 0xff, 0xb0, 0x0, 0x0, 0x0, 0x2f,
    0xff, 0xf5, 0xcf, 0xff, 0xb0, 0x0, 0x0, 0x0,
    0x2f, 0xff, 0xf5, 0xcf, 0xff, 0xb0, 0x0, 0x0,
    0x0, 0x2f, 0xff, 0xf5, 0xcf, 0xff, 0xb0, 0x0,
    0x0, 0x0, 0x2f, 0xff, 0xf5, 0xcf, 0xff, 0xb0,
    0x0, 0x0, 0x0, 0x2f, 0xff, 0xf5, 0xcf, 0xff,
    0xb0, 0x0, 0x0, 0x0, 0x2f, 0xff, 0xf5,

    /* U+0053 "S" */
    0x0, 0x0, 0x27, 0xbd, 0xff, 0xec, 0x83, 0x0,
    0x0, 0x0, 0x0, 0x9f, 0xff, 0xff, 0xff, 0xff,
    0xfb, 0x20, 0x0, 0x0, 0xcf, 0xff, 0xff, 0xff,
    0xff, 0xff, 0xfe, 0x20, 0x0, 0x9f, 0xff, 0xff,
    0xfe, 0xef, 0xff, 0xff, 0xfd, 0x0, 0xf, 0xff,
    0xff, 0x50, 0x0, 0x4, 0xdf, 0xff, 0xf6, 0x3,
    0xff, 0xff, 0x60, 0x0, 0x0, 0x1, 0xef, 0xff,
    0xb0, 0x4f, 0xff, 0xf2, 0x0, 0x0, 0x0, 0x9,
    0xff, 0xfd, 0x2, 0xff, 0xff, 0x60, 0x0, 0x0,
    0x0, 0x8f, 0xff, 0xe0, 0xe, 0xff, 0xff, 0x60,
    0x0, 0x0, 0x1, 0x33, 0x33, 0x0, 0x6f, 0xff,
    0xff, 0xfb, 0x84, 0x0, 0x0, 0x0, 0x0, 0x0,
    0x7f, 0xff, 0xff, 0xff, 0xff, 0xc7, 0x10, 0x0,
    0x0, 0x0, 0x3b, 0xff, 0xff, 0xff, 0xff, 0xff,
    0x81, 0x0, 0x0, 0x0, 0x1, 0x6a, 0xef, 0xff,
    0xff, 0xff, 0xd1, 0x0, 0x0, 0x0, 0x0, 0x0,
    0x15, 0x9f, 0xff, 0xff, 0xc0, 0x89, 0x99, 0x50,
    0x0, 0x0, 0x0, 0xa, 0xff, 0xff, 0x3d, 0xff,
    0xf9, 0x0, 0x0, 0x0, 0x0, 0xf, 0xff, 0xf7,
    0xbf, 0xff, 0xc0, 0x0, 0x0, 0x0, 0x0, 0xff,
    0xff, 0x78, 0xff, 0xff, 0x40, 0x0, 0x0, 0x0,
    0x5f, 0xff, 0xf6, 0x2f, 0xff, 0xff, 0x92, 0x0,
    0x1, 0x7f, 0xff, 0xff, 0x10, 0x8f, 0xff, 0xff,
    0xff, 0xee, 0xff, 0xff, 0xff, 0x80, 0x0, 0xaf,
    0xff, 0xff, 0xff, 0xff, 0xff, 0xff, 0xa0, 0x0,
    0x0, 0x6e, 0xff, 0xff, 0xff, 0xff, 0xfe, 0x70,
    0x0, 0x0, 0x0, 0x5, 0xad, 0xef, 0xed, 0xa5,
    0x10, 0x0, 0x0,

    /* U+0054 "T" */
    0x3f, 0xff, 0xff, 0xff, 0xff, 0xff, 0xff, 0xff,
    0xff, 0xf2, 0x3f, 0xff, 0xff, 0xff, 0xff, 0xff,
    0xff, 0xff, 0xff, 0xf2, 0x3f, 0xff, 0xff, 0xff,
    0xff, 0xff, 0xff, 0xff, 0xff, 0xf2, 0x3f, 0xff,
    0xff, 0xff, 0xff, 0xff, 0xff, 0xff, 0xff, 0xf2,
    0x0, 0x0, 0x0, 0x4, 0xff, 0xff, 0x30, 0x0,
    0x0, 0x0, 0x0, 0x0, 0x0, 0x4, 0xff, 0xff,
    0x30, 0x0, 0x0, 0x0, 0x0, 0x0, 0x0, 0x4,
    0xff, 0xff, 0x30, 0x0, 0x0, 0x0, 0x0, 0x0,
    0x0, 0x4, 0xff, 0xff, 0x30, 0x0, 0x0, 0x0,
    0x0, 0x0, 0x0, 0x4, 0xff, 0xff, 0x30, 0x0,
    0x0, 0x0, 0x0, 0x0, 0x0, 0x4, 0xff, 0xff,
    0x30, 0x0, 0x0, 0x0, 0x0, 0x0, 0x0, 0x4,
    0xff, 0xff, 0x30, 0x0, 0x0, 0x0, 0x0, 0x0,
    0x0, 0x4, 0xff, 0xff, 0x30, 0x0, 0x0, 0x0,
    0x0, 0x0, 0x0, 0x4, 0xff, 0xff, 0x30, 0x0,
    0x0, 0x0, 0x0, 0x0, 0x0, 0x4, 0xff, 0xff,
    0x30, 0x0, 0x0, 0x0, 0x0, 0x0, 0x0, 0x4,
    0xff, 0xff, 0x30, 0x0, 0x0, 0x0, 0x0, 0x0,
    0x0, 0x4, 0xff, 0xff, 0x30, 0x0, 0x0, 0x0,
    0x0, 0x0, 0x0, 0x4, 0xff, 0xff, 0x30, 0x0,
    0x0, 0x0, 0x0, 0x0, 0x0, 0x4, 0xff, 0xff,
    0x30, 0x0, 0x0, 0x0, 0x0, 0x0, 0x0, 0x4,
    0xff, 0xff, 0x30, 0x0, 0x0, 0x0, 0x0, 0x0,
    0x0, 0x4, 0xff, 0xff, 0x30, 0x0, 0x0, 0x0,
    0x0, 0x0, 0x0, 0x4, 0xff, 0xff, 0x30, 0x0,
    0x0, 0x0, 0x0, 0x0, 0x0, 0x4, 0xff, 0xff,
    0x30, 0x0, 0x0, 0x0, 0x0, 0x0, 0x0, 0x4,
    0xff, 0xff, 0x30, 0x0, 0x0, 0x0,

    /* U+0055 "U" */
    0xef, 0xff, 0x90, 0x0, 0x0, 0x0, 0x0, 0xcf,
    0xff, 0xbe, 0xff, 0xf9, 0x0, 0x0, 0x0, 0x0,
    0xc, 0xff, 0xfb, 0xef, 0xff, 0x90, 0x0, 0x0,
    0x0, 0x0, 0xcf, 0xff, 0xbe, 0xff, 0xf9, 0x0,
    0x0, 0x0, 0x0, 0xc, 0xff, 0xfb, 0xef, 0xff,
    0x90, 0x0, 0x0, 0x0, 0x0, 0xcf, 0xff, 0xbe,
    0xff, 0xf9, 0x0, 0x0, 0x0, 0x0, 0xc, 0xff,
    0xfb, 0xef, 0xff, 0x90, 0x0, 0x0, 0x0, 0x0,
    0xcf, 0xff, 0xbe, 0xff, 0xf9, 0x0, 0x0, 0x0,
    0x0, 0xc, 0xff, 0xfb, 0xef, 0xff, 0x90, 0x0,
    0x0, 0x0, 0x0, 0xcf, 0xff, 0xbe, 0xff, 0xf9,
    0x0, 0x0, 0x0, 0x0, 0xc, 0xff, 0xfb, 0xef,
    0xff, 0x90, 0x0, 0x0, 0x0, 0x0, 0xcf, 0xff,
    0xbe, 0xff, 0xf9, 0x0, 0x0, 0x0, 0x0, 0xc,
    0xff, 0xfb, 0xef, 0xff, 0x90, 0x0, 0x0, 0x0,
    0x0, 0xcf, 0xff, 0xbe, 0xff, 0xf9, 0x0, 0x0,
    0x0, 0x0, 0xc, 0xff, 0xfb, 0xef, 0xff, 0x90,
    0x0, 0x0, 0x0, 0x0, 0xcf, 0xff, 0xbd, 0xff,
    0xfa, 0x0, 0x0, 0x0, 0x0, 0xd, 0xff, 0xfa,
    0xbf, 0xff, 0xe0, 0x0, 0x0, 0x0, 0x1, 0xff,
    0xff, 0x87, 0xff, 0xff, 0x80, 0x0, 0x0, 0x0,
    0xaf, 0xff, 0xf4, 0x1f, 0xff, 0xff, 0xa3, 0x0,
    0x4, 0xcf, 0xff, 0xfe, 0x0, 0x7f, 0xff, 0xff,
    0xff, 0xff, 0xff, 0xff, 0xff, 0x40, 0x0, 0xaf,
    0xff, 0xff, 0xff, 0xff, 0xff, 0xff, 0x70, 0x0,
    0x0, 0x6f, 0xff, 0xff, 0xff, 0xff, 0xfe, 0x40,
    0x0, 0x0, 0x0, 0x16, 0xbd, 0xff, 0xfd, 0xa5,
    0x0, 0x0, 0x0,

    /* U+0056 "V" */
    0x4f, 0xff, 0xf5, 0x0, 0x0, 0x0, 0x0, 0x5,
    0xff, 0xff, 0x40, 0xff, 0xff, 0x90, 0x0, 0x0,
    0x0, 0x0, 0x9f, 0xff, 0xf0, 0xb, 0xff, 0xfd,
    0x0, 0x0, 0x0, 0x0, 0xd, 0xff, 0xfb, 0x0,
    0x7f, 0xff, 0xf1, 0x0, 0x0, 0x0, 0x1, 0xff,
    0xff, 0x70, 0x3, 0xff, 0xff, 0x50, 0x0, 0x0,
    0x0, 0x5f, 0xff, 0xf3, 0x0, 0xe, 0xff, 0xf9,
    0x0, 0x0, 0x0, 0x9, 0xff, 0xff, 0x0, 0x0,
    0xaf, 0xff, 0xd0, 0x0, 0x0, 0x0, 0xdf, 0xff,
    0xb0, 0x0, 0x6, 0xff, 0xff, 0x10, 0x0, 0x0,
    0x1f, 0xff, 0xf6, 0x0, 0x0, 0x2f, 0xff, 0xf5,
    0x0, 0x0, 0x5, 0xff, 0xff, 0x20, 0x0, 0x0,
    0xef, 0xff, 0x90, 0x0, 0x0, 0x9f, 0xff, 0xe0,
    0x0, 0x0, 0xa, 0xff, 0xfd, 0x0, 0x0, 0xd,
    0xff, 0xfa, 0x0, 0x0, 0x0, 0x5f, 0xff, 0xf1,
    0x0, 0x1, 0xff, 0xff, 0x50, 0x0, 0x0, 0x1,
    0xff, 0xff, 0x50, 0x0, 0x5f, 0xff, 0xf1, 0x0,
    0x0, 0x0, 0xd, 0xff, 0xf9, 0x0, 0x9, 0xff,
    0xfd, 0x0, 0x0, 0x0, 0x0, 0x9f, 0xff, 0xd0,
    0x0, 0xdf, 0xff, 0x90, 0x0, 0x0, 0x0, 0x5,
    0xff, 0xff, 0x10, 0x1f, 0xff, 0xf5, 0x0, 0x0,
    0x0, 0x0, 0x1f, 0xff, 0xf5, 0x5, 0xff, 0xff,
    0x10, 0x0, 0x0, 0x0, 0x0, 0xcf, 0xff, 0x90,
    0x9f, 0xff, 0xc0, 0x0, 0x0, 0x0, 0x0, 0x8,
    0xff, 0xfd, 0xd, 0xff, 0xf8, 0x0, 0x0, 0x0,
    0x0, 0x0, 0x4f, 0xff, 0xf2, 0xff, 0xff, 0x40,
    0x0, 0x0, 0x0, 0x0, 0x0, 0xff, 0xff, 0xef,
    0xff, 0xf0, 0x0, 0x0, 0x0, 0x0, 0x0, 0xb,
    0xff, 0xff, 0xff, 0xfb, 0x0, 0x0, 0x0, 0x0,
    0x0, 0x0, 0x7f, 0xff, 0xff, 0xff, 0x70, 0x0,
    0x0, 0x0,

    /* U+0057 "W" */
    0xef, 0xff, 0x80, 0x0, 0x0, 0xbf, 0xff, 0xff,
    0xff, 0x30, 0x0, 0x0, 0xff, 0xff, 0x7c, 0xff,
    0xfa, 0x0, 0x0, 0xd, 0xff, 0xff, 0xff, 0xf5,
    0x0, 0x0, 0x1f, 0xff, 0xf4, 0xaf, 0xff, 0xc0,
    0x0, 0x0, 0xff, 0xff, 0xcf, 0xff, 0x80, 0x0,
    0x3, 0xff, 0xff, 0x28, 0xff, 0xfd, 0x0, 0x0,
    0x2f, 0xff, 0xd4, 0xff, 0xfa, 0x0, 0x0, 0x5f,
    0xff, 0xf0, 0x6f, 0xff, 0xf0, 0x0, 0x4, 0xff,
    0xfa, 0x2f, 0xff, 0xd0, 0x0, 0x7, 0xff, 0xfe,
    0x3, 0xff, 0xff, 0x10, 0x0, 0x7f, 0xff, 0x80,
    0xff, 0xff, 0x0, 0x0, 0x9f, 0xff, 0xc0, 0x1f,
    0xff, 0xf3, 0x0, 0x9, 0xff, 0xf5, 0xd, 0xff,
    0xf1, 0x0, 0xb, 0xff, 0xfa, 0x0, 0xff, 0xff,
    0x50, 0x0, 0xbf, 0xff, 0x30, 0xbf, 0xff, 0x40,
    0x0, 0xcf, 0xff, 0x70, 0xd, 0xff, 0xf7, 0x0,
    0xe, 0xff, 0xf1, 0x8, 0xff, 0xf6, 0x0, 0xe,
    0xff, 0xf5, 0x0, 0xbf, 0xff, 0x90, 0x0, 0xff,
    0xfe, 0x0, 0x6f, 0xff, 0x90, 0x0, 0xff, 0xff,
    0x30, 0x8, 0xff, 0xfa, 0x0, 0x3f, 0xff, 0xc0,
    0x3, 0xff, 0xfb, 0x0, 0x2f, 0xff, 0xf1, 0x0,
    0x6f, 0xff, 0xc0, 0x5, 0xff, 0xf9, 0x0, 0x1f,
    0xff, 0xd0, 0x4, 0xff, 0xff, 0x0, 0x4, 0xff,
    0xfe, 0x0, 0x7f, 0xff, 0x70, 0x0, 0xff, 0xff,
    0x0, 0x6f, 0xff, 0xd0, 0x0, 0x2f, 0xff, 0xf0,
    0xa, 0xff, 0xf5, 0x0, 0xc, 0xff, 0xf2, 0x8,
    0xff, 0xfa, 0x0, 0x0, 0xff, 0xff, 0x20, 0xcf,
    0xff, 0x20, 0x0, 0xaf, 0xff, 0x50, 0x9f, 0xff,
    0x80, 0x0, 0xe, 0xff, 0xf4, 0xf, 0xff, 0xf0,
    0x0, 0x7, 0xff, 0xf7, 0xb, 0xff, 0xf6, 0x0,
    0x0, 0xbf, 0xff, 0x61, 0xff, 0xfe, 0x0, 0x0,
    0x5f, 0xff, 0x90, 0xdf, 0xff, 0x40, 0x0, 0x9,
    0xff, 0xf7, 0x3f, 0xff, 0xb0, 0x0, 0x3, 0xff,
    0xfc, 0xf, 0xff, 0xf2, 0x0, 0x0, 0x7f, 0xff,
    0x96, 0xff, 0xf9, 0x0, 0x0, 0xf, 0xff, 0xe1,
    0xff, 0xff, 0x0, 0x0, 0x5, 0xff, 0xfb, 0x9f,
    0xff, 0x60, 0x0, 0x0, 0xef, 0xff, 0x5f, 0xff,
    0xd0, 0x0, 0x0, 0x3f, 0xff, 0xff, 0xff, 0xf4,
    0x0, 0x0, 0xc, 0xff, 0xff, 0xff, 0xfb, 0x0,
    0x0, 0x1, 0xff, 0xff, 0xff, 0xff, 0x20, 0x0,
    0x0, 0x9f, 0xff, 0xff, 0xff, 0x90, 0x0, 0x0,
    0xe, 0xff, 0xff, 0xff, 0xf0, 0x0, 0x0, 0x7,
    0xff, 0xff, 0xff, 0xf7, 0x0, 0x0,

    /* U+0058 "X" */
    0xd, 0xff, 0xff, 0x30, 0x0, 0x0, 0x0, 0x5,
    0xff, 0xff, 0xc0, 0x4, 0xff, 0xff, 0xc0, 0x0,
    0x0, 0x0, 0xd, 0xff, 0xff, 0x20, 0x0, 0xaf,
    0xff, 0xf6, 0x0, 0x0, 0x0, 0x7f, 0xff, 0xf8,
    0x0, 0x0, 0x1e, 0xff, 0xfe, 0x10, 0x0, 0x1,
    0xff, 0xff, 0xd0, 0x0, 0x0, 0x6, 0xff, 0xff,
    0x90, 0x0, 0xa, 0xff, 0xff, 0x40, 0x0, 0x0,
    0x0, 0xcf, 0xff, 0xf2, 0x0, 0x4f, 0xff, 0xfa,
    0x0, 0x0, 0x0, 0x0, 0x2f, 0xff, 0xfc, 0x0,
    0xdf, 0xff, 0xf1, 0x0, 0x0, 0x0, 0x0, 0x8,
    0xff, 0xff, 0x57, 0xff, 0xff, 0x60, 0x0, 0x0,
    0x0, 0x0, 0x0, 0xdf, 0xff, 0xff, 0xff, 0xfc,
    0x0, 0x0, 0x0, 0x0, 0x0, 0x0, 0x4f, 0xff,
    0xff, 0xff, 0xf3, 0x0, 0x0, 0x0, 0x0, 0x0,
    0x0, 0xa, 0xff, 0xff, 0xff, 0x80, 0x0, 0x0,
    0x0, 0x0, 0x0, 0x0, 0x8, 0xff, 0xff, 0xff,
    0x60, 0x0, 0x0, 0x0, 0x0, 0x0, 0x0, 0x1f,
    0xff, 0xff, 0xff, 0xe0, 0x0, 0x0, 0x0, 0x0,
    0x0, 0x0, 0xaf, 0xff, 0xff, 0xff, 0xf9, 0x0,
    0x0, 0x0, 0x0, 0x0, 0x4, 0xff, 0xff, 0x9a,
    0xff, 0xff, 0x20, 0x0, 0x0, 0x0, 0x0, 0xd,
    0xff, 0xfe, 0x1, 0xff, 0xff, 0xb0, 0x0, 0x0,
    0x0, 0x0, 0x7f, 0xff, 0xf6, 0x0, 0x8f, 0xff,
    0xf5, 0x0, 0x0, 0x0, 0x1, 0xef, 0xff, 0xd0,
    0x0, 0xe, 0xff, 0xfe, 0x0, 0x0, 0x0, 0x9,
    0xff, 0xff, 0x50, 0x0, 0x6, 0xff, 0xff, 0x70,
    0x0, 0x0, 0x3f, 0xff, 0xfc, 0x0, 0x0, 0x0,
    0xdf, 0xff, 0xf1, 0x0, 0x0, 0xcf, 0xff, 0xf3,
    0x0, 0x0, 0x0, 0x5f, 0xff, 0xfa, 0x0, 0x5,
    0xff, 0xff, 0xa0, 0x0, 0x0, 0x0, 0xc, 0xff,
    0xff, 0x40, 0xe, 0xff, 0xff, 0x20, 0x0, 0x0,
    0x0, 0x3, 0xff, 0xff, 0xd0,

    /* U+0059 "Y" */
    0x7f, 0xff, 0xf8, 0x0, 0x0, 0x0, 0x0, 0x4,
    0xff, 0xff, 0xa0, 0xef, 0xff, 0xf1, 0x0, 0x0,
    0x0, 0x0, 0xdf, 0xff, 0xf2, 0x6, 0xff, 0xff,
    0x90, 0x0, 0x0, 0x0, 0x5f, 0xff, 0xf9, 0x0,
    0xd, 0xff, 0xff, 0x10, 0x0, 0x0, 0xd, 0xff,
    0xff, 0x10, 0x0, 0x4f, 0xff, 0xf9, 0x0, 0x0,
    0x6, 0xff, 0xff, 0x80, 0x0, 0x0, 0xcf, 0xff,
    0xf2, 0x0, 0x0, 0xef, 0xff, 0xe0, 0x0, 0x0,
    0x3, 0xff, 0xff, 0xa0, 0x0, 0x7f, 0xff, 0xf6,
    0x0, 0x0, 0x0, 0xa, 0xff, 0xff, 0x20, 0xe,
    0xff, 0xfd, 0x0, 0x0, 0x0, 0x0, 0x2f, 0xff,
    0xfa, 0x7, 0xff, 0xff, 0x50, 0x0, 0x0, 0x0,
    0x0, 0x9f, 0xff, 0xf6, 0xef, 0xff, 0xc0, 0x0,
    0x0, 0x0, 0x0, 0x1, 0xff, 0xff, 0xff, 0xff,
    0xf4, 0x0, 0x0, 0x0, 0x0, 0x0, 0x8, 0xff,
    0xff, 0xff, 0xfb, 0x0, 0x0, 0x0, 0x0, 0x0,
    0x0, 0xe, 0xff, 0xff, 0xff, 0x30, 0x0, 0x0,
    0x0, 0x0, 0x0, 0x0, 0x7f, 0xff, 0xff, 0xa0,
    0x0, 0x0, 0x0, 0x0, 0x0, 0x0, 0x0, 0xdf,
    0xff, 0xf2, 0x0, 0x0, 0x0, 0x0, 0x0, 0x0,
    0x0, 0xa, 0xff, 0xfd, 0x0, 0x0, 0x0, 0x0,
    0x0, 0x0, 0x0, 0x0, 0xaf, 0xff, 0xd0, 0x0,
    0x0, 0x0, 0x0, 0x0, 0x0, 0x0, 0xa, 0xff,
    0xfd, 0x0, 0x0, 0x0, 0x0, 0x0, 0x0, 0x0,
    0x0, 0xaf, 0xff, 0xd0, 0x0, 0x0, 0x0, 0x0,
    0x0, 0x0, 0x0, 0xa, 0xff, 0xfd, 0x0, 0x0,
    0x0, 0x0, 0x0, 0x0, 0x0, 0x0, 0xaf, 0xff,
    0xd0, 0x0, 0x0, 0x0, 0x0, 0x0, 0x0, 0x0,
    0xa, 0xff, 0xfd, 0x0, 0x0, 0x0, 0x0, 0x0,
    0x0, 0x0, 0x0, 0xaf, 0xff, 0xd0, 0x0, 0x0,
    0x0, 0x0,

    /* U+005A "Z" */
    0x1f, 0xff, 0xff, 0xff, 0xff, 0xff, 0xff, 0xff,
    0xf0, 0x1f, 0xff, 0xff, 0xff, 0xff, 0xff, 0xff,
    0xff, 0xf0, 0x1f, 0xff, 0xff, 0xff, 0xff, 0xff,
    0xff, 0xff, 0xf0, 0x1f, 0xff, 0xff, 0xff, 0xff,
    0xff, 0xff, 0xff, 0xf0, 0x0, 0x0, 0x0, 0x0,
    0x0, 0x0, 0xcf, 0xff, 0xf0, 0x0, 0x0, 0x0,
    0x0, 0x0, 0x9, 0xff, 0xff, 0xe0, 0x0, 0x0,
    0x0, 0x0, 0x0, 0x8f, 0xff, 0xff, 0x30, 0x0,
    0x0, 0x0, 0x0, 0x6, 0xff, 0xff, 0xf4, 0x0,
    0x0, 0x0, 0x0, 0x0, 0x5f, 0xff, 0xff, 0x50,
    0x0, 0x0, 0x0, 0x0, 0x4, 0xff, 0xff, 0xf7,
    0x0, 0x0, 0x0, 0x0, 0x0, 0x3f, 0xff, 0xff,
    0x80, 0x0, 0x0, 0x0, 0x0, 0x2, 0xef, 0xff,
    0xfa, 0x0, 0x0, 0x0, 0x0, 0x0, 0x1d, 0xff,
    0xff, 0xb0, 0x0, 0x0, 0x0, 0x0, 0x0, 0xcf,
    0xff, 0xfc, 0x0, 0x0, 0x0, 0x0, 0x0, 0xb,
    0xff, 0xff, 0xd1, 0x0, 0x0, 0x0, 0x0, 0x0,
    0xaf, 0xff, 0xfe, 0x10, 0x0, 0x0, 0x0, 0x0,
    0x9, 0xff, 0xff, 0xe2, 0x0, 0x0, 0x0, 0x0,
    0x0, 0x5f, 0xff, 0xff, 0x30, 0x0, 0x0, 0x0,
    0x0, 0x0, 0x7f, 0xff, 0xf6, 0x0, 0x0, 0x0,
    0x0, 0x0, 0x0, 0x7f, 0xff, 0xff, 0xff, 0xff,
    0xff, 0xff, 0xff, 0xf1, 0x7f, 0xff, 0xff, 0xff,
    0xff, 0xff, 0xff, 0xff, 0xf1, 0x7f, 0xff, 0xff,
    0xff, 0xff, 0xff, 0xff, 0xff, 0xf1, 0x7f, 0xff,
    0xff, 0xff, 0xff, 0xff, 0xff, 0xff, 0xf1,

    /* U+005B "[" */
    0x0, 0x58, 0x99, 0x99, 0x95, 0xb, 0xff, 0xff,
    0xff, 0xfa, 0x5f, 0xff, 0xff, 0xff, 0xfa, 0x9f,
    0xff, 0xff, 0xff, 0xfa, 0xaf, 0xff, 0xb0, 0x0,
    0x0, 0xaf, 0xff, 0x80, 0x0, 0x0, 0xaf, 0xff,
    0x80, 0x0, 0x0, 0xaf, 0xff, 0x80, 0x0, 0x0,
    0xaf, 0xff, 0x80, 0x0, 0x0, 0xaf, 0xff, 0x80,
    0x0, 0x0, 0xaf, 0xff, 0x80, 0x0, 0x0, 0xaf,
    0xff, 0x80, 0x0, 0x0, 0xaf, 0xff, 0x80, 0x0,
    0x0, 0xaf, 0xff, 0x80, 0x0, 0x0, 0xaf, 0xff,
    0x80, 0x0, 0x0, 0xaf, 0xff, 0x80, 0x0, 0x0,
    0xaf, 0xff, 0x80, 0x0, 0x0, 0xaf, 0xff, 0x80,
    0x0, 0x0, 0xaf, 0xff, 0x80, 0x0, 0x0, 0xaf,
    0xff, 0x80, 0x0, 0x0, 0xaf, 0xff, 0x80, 0x0,
    0x0, 0xaf, 0xff, 0x80, 0x0, 0x0, 0xaf, 0xff,
    0x80, 0x0, 0x0, 0xaf, 0xff, 0x80, 0x0, 0x0,
    0xaf, 0xff, 0x80, 0x0, 0x0, 0xaf, 0xff, 0x80,
    0x0, 0x0, 0xaf, 0xff, 0x80, 0x0, 0x0, 0xaf,
    0xff, 0x80, 0x0, 0x0, 0xaf, 0xff, 0x80, 0x0,
    0x0, 0xaf, 0xff, 0x90, 0x0, 0x0, 0x9f, 0xff,
    0xfa, 0x99, 0x96, 0x7f, 0xff, 0xff, 0xff, 0xfa,
    0x1e, 0xff, 0xff, 0xff, 0xfa, 0x2, 0xbf, 0xff,
    0xff, 0xfa,

    /* U+005C "\\" */
    0x6f, 0xff, 0xe0, 0x0, 0x0, 0x0, 0x0, 0x1,
    0xff, 0xff, 0x30, 0x0, 0x0, 0x0, 0x0, 0xb,
    0xff, 0xf9, 0x0, 0x0, 0x0, 0x0, 0x0, 0x6f,
    0xff, 0xe0, 0x0, 0x0, 0x0, 0x0, 0x1, 0xff,
    0xff, 0x30, 0x0, 0x0, 0x0, 0x0, 0xb, 0xff,
    0xf9, 0x0, 0x0, 0x0, 0x0, 0x0, 0x6f, 0xff,
    0xe0, 0x0, 0x0, 0x0, 0x0, 0x1, 0xff, 0xff,
    0x30, 0x0, 0x0, 0x0, 0x0, 0xb, 0xff, 0xf9,
    0x0, 0x0, 0x0, 0x0, 0x0, 0x6f, 0xff, 0xe0,
    0x0, 0x0, 0x0, 0x0, 0x1, 0xff, 0xff, 0x30,
    0x0, 0x0, 0x0, 0x0, 0xb, 0xff, 0xf9, 0x0,
    0x0, 0x0, 0x0, 0x0, 0x6f, 0xff, 0xe0, 0x0,
    0x0, 0x0, 0x0, 0x1, 0xff, 0xff, 0x30, 0x0,
    0x0, 0x0, 0x0, 0xb, 0xff, 0xf9, 0x0, 0x0,
    0x0, 0x0, 0x0, 0x6f, 0xff, 0xe0, 0x0, 0x0,
    0x0, 0x0, 0x1, 0xff, 0xff, 0x30, 0x0, 0x0,
    0x0, 0x0, 0xb, 0xff, 0xf9, 0x0, 0x0, 0x0,
    0x0, 0x0, 0x6f, 0xff, 0xe0, 0x0, 0x0, 0x0,
    0x0, 0x1, 0xff, 0xff, 0x30, 0x0, 0x0, 0x0,
    0x0, 0xb, 0xff, 0xf9, 0x0, 0x0, 0x0, 0x0,
    0x0, 0x6f, 0xff, 0xe0, 0x0, 0x0, 0x0, 0x0,
    0x1, 0xff, 0xff, 0x30, 0x0, 0x0, 0x0, 0x0,
    0xb, 0xff, 0xf9, 0x0, 0x0, 0x0, 0x0, 0x0,
    0x6f, 0xff, 0xe0, 0x0, 0x0, 0x0, 0x0, 0x1,
    0xff, 0xff, 0x30, 0x0, 0x0, 0x0, 0x0, 0xb,
    0xff, 0xf9, 0x0, 0x0, 0x0, 0x0, 0x0, 0x6f,
    0xff, 0xe0, 0x0, 0x0, 0x0, 0x0, 0x1, 0xff,
    0xff, 0x30, 0x0, 0x0, 0x0, 0x0, 0xb, 0xff,
    0xf9,

    /* U+005D "]" */
    0x49, 0x99, 0x99, 0x85, 0x0, 0x7f, 0xff, 0xff,
    0xff, 0xd0, 0x7f, 0xff, 0xff, 0xff, 0xf8, 0x7f,
    0xff, 0xff, 0xff, 0xfb, 0x0, 0x0, 0x8, 0xff,
    0xfc, 0x0, 0x0, 0x5, 0xff, 0xfc, 0x0, 0x0,
    0x5, 0xff, 0xfc, 0x0, 0x0, 0x5, 0xff, 0xfc,
    0x0, 0x0, 0x5, 0xff, 0xfc, 0x0, 0x0, 0x5,
    0xff, 0xfc, 0x0, 0x0, 0x5, 0xff, 0xfc, 0x0,
    0x0, 0x5, 0xff, 0xfc, 0x0, 0x0, 0x5, 0xff,
    0xfc, 0x0, 0x0, 0x5, 0xff, 0xfc, 0x0, 0x0,
    0x5, 0xff, 0xfc, 0x0, 0x0, 0x5, 0xff, 0xfc,
    0x0, 0x0, 0x5, 0xff, 0xfc, 0x0, 0x0, 0x5,
    0xff, 0xfc, 0x0, 0x0, 0x5, 0xff, 0xfc, 0x0,
    0x0, 0x5, 0xff, 0xfc, 0x0, 0x0, 0x5, 0xff,
    0xfc, 0x0, 0x0, 0x5, 0xff, 0xfc, 0x0, 0x0,
    0x5, 0xff, 0xfc, 0x0, 0x0, 0x5, 0xff, 0xfc,
    0x0, 0x0, 0x5, 0xff, 0xfc, 0x0, 0x0, 0x5,
    0xff, 0xfc, 0x0, 0x0, 0x5, 0xff, 0xfc, 0x0,
    0x0, 0x5, 0xff, 0xfc, 0x0, 0x0, 0x5, 0xff,
    0xfc, 0x0, 0x0, 0x6, 0xff, 0xfc, 0x49, 0x99,
    0x9e, 0xff, 0xfc, 0x7f, 0xff, 0xff, 0xff, 0xfa,
    0x7f, 0xff, 0xff, 0xff, 0xf3, 0x7f, 0xff, 0xff,
    0xfc, 0x40,

    /* U+005E "^" */
    0x0, 0x0, 0x8, 0xaa, 0xaa, 0xa9, 0x0, 0x0,
    0x0, 0x0, 0x4, 0xff, 0xff, 0xff, 0xf5, 0x0,
    0x0, 0x0, 0x0, 0xdf, 0xff, 0xff, 0xff, 0xe0,
    0x0, 0x0, 0x0, 0x6f, 0xff, 0xf1, 0xef, 0xff,
    0x70, 0x0, 0x0, 0xe, 0xff, 0xf8, 0x7, 0xff,
    0xfe, 0x10, 0x0, 0x7, 0xff, 0xff, 0x10, 0xe,
    0xff, 0xf8, 0x0, 0x1, 0xef, 0xff, 0x90, 0x0,
    0x7f, 0xff, 0xf1, 0x0, 0x8f, 0xff, 0xf1, 0x0,
    0x1, 0xff, 0xff, 0x90, 0x1f, 0xff, 0xf9, 0x0,
    0x0, 0x8, 0xff, 0xff, 0x23, 0x88, 0x88, 0x20,
    0x0, 0x0, 0x18, 0x88, 0x84,

    /* U+005F "_" */
    0xad, 0xdd, 0xdd, 0xdd, 0xdd, 0xdd, 0xdd, 0xdd,
    0xbc, 0xff, 0xff, 0xff, 0xff, 0xff, 0xff, 0xff,
    0xfe, 0xcf, 0xff, 0xff, 0xff, 0xff, 0xff, 0xff,
    0xff, 0xec, 0xff, 0xff, 0xff, 0xff, 0xff, 0xff,
    0xff, 0xfe,

    /* U+0060 "`" */
    0x4e, 0xff, 0xf6, 0x0, 0x9, 0xff, 0xfe, 0x0,
    0x0, 0xdf, 0xff, 0x60, 0x0, 0x2f, 0xff, 0xe0,
    0x0, 0x6, 0xff, 0xf7,

    /* U+0061 "a" */
    0x0, 0x0, 0x39, 0xde, 0xfe, 0xc8, 0x10, 0x0,
    0x0, 0x0, 0xa, 0xff, 0xff, 0xff, 0xff, 0xf7,
    0x0, 0x0, 0x0, 0xcf, 0xff, 0xff, 0xff, 0xff,
    0xff, 0x60, 0x0, 0x8, 0xff, 0xff, 0xc8, 0x79,
    0xff, 0xff, 0xf1, 0x0, 0xb, 0xff, 0xf9, 0x0,
    0x0, 0x1f, 0xff, 0xf5, 0x0, 0x0, 0x16, 0xb1,
    0x0, 0x0, 0xa, 0xff, 0xf8, 0x0, 0x0, 0x0,
    0x0, 0x12, 0x22, 0x29, 0xff, 0xf9, 0x0, 0x0,
    0x18, 0xdf, 0xff, 0xff, 0xff, 0xff, 0xf9, 0x0,
    0x4, 0xff, 0xff, 0xff, 0xff, 0xff, 0xff, 0xf9,
    0x0, 0x1f, 0xff, 0xff, 0xff, 0xff, 0xff, 0xff,
    0xf9, 0x0, 0x7f, 0xff, 0xf6, 0x10, 0x0, 0x9,
    0xff, 0xf9, 0x0, 0xaf, 0xff, 0xa0, 0x0, 0x0,
    0xd, 0xff, 0xf9, 0x0, 0x9f, 0xff, 0xd0, 0x0,
    0x0, 0x8f, 0xff, 0xfa, 0x0, 0x6f, 0xff, 0xfd,
    0x87, 0x8d, 0xff, 0xff, 0xfe, 0x86, 0xe, 0xff,
    0xff, 0xff, 0xff, 0xfa, 0xef, 0xff, 0xfe, 0x2,
    0xdf, 0xff, 0xff, 0xff, 0xc0, 0x9f, 0xff, 0xfe,
    0x0, 0x6, 0xbe, 0xfe, 0xc7, 0x0, 0x9, 0xef,
    0xfe,

    /* U+0062 "b" */
    0xaf, 0xff, 0xa0, 0x0, 0x0, 0x0, 0x0, 0x0,
    0x0, 0xa, 0xff, 0xfa, 0x0, 0x0, 0x0, 0x0,
    0x0, 0x0, 0x0, 0xaf, 0xff, 0xa0, 0x0, 0x0,
    0x0, 0x0, 0x0, 0x0, 0xa, 0xff, 0xfa, 0x0,
    0x0, 0x0, 0x0, 0x0, 0x0, 0x0, 0xaf, 0xff,
    0xa0, 0x0, 0x0, 0x0, 0x0, 0x0, 0x0, 0xa,
    0xff, 0xfa, 0x0, 0x0, 0x0, 0x0, 0x0, 0x0,
    0x0, 0xaf, 0xff, 0xa0, 0x18, 0xcf, 0xfe, 0xb5,
    0x0, 0x0, 0xa, 0xff, 0xfa, 0x3f, 0xff, 0xff,
    0xff, 0xfd, 0x20, 0x0, 0xaf, 0xff, 0xff, 0xff,
    0xff, 0xff, 0xff, 0xff, 0x20, 0xa, 0xff, 0xff,
    0xff, 0xfb, 0xbd, 0xff, 0xff, 0xfd, 0x0, 0xaf,
    0xff, 0xff, 0x70, 0x0, 0x3, 0xdf, 0xff, 0xf6,
    0xa, 0xff, 0xff, 0x60, 0x0, 0x0, 0x1, 0xef,
    0xff, 0xc0, 0xaf, 0xff, 0xe0, 0x0, 0x0, 0x0,
    0x7, 0xff, 0xff, 0xa, 0xff, 0xfa, 0x0, 0x0,
    0x0, 0x0, 0x3f, 0xff, 0xf1, 0xaf, 0xff, 0x90,
    0x0, 0x0, 0x0, 0x2, 0xff, 0xff, 0x1a, 0xff,
    0xfa, 0x0, 0x0, 0x0, 0x0, 0x3f, 0xff, 0xf1,
    0xaf, 0xff, 0xe0, 0x0, 0x0, 0x0, 0x7, 0xff,
    0xff, 0xa, 0xff, 0xff, 0x60, 0x0, 0x0, 0x1,
    0xef, 0xff, 0xc0, 0xaf, 0xff, 0xff, 0x70, 0x0,
    0x3, 0xdf, 0xff, 0xf6, 0xa, 0xff, 0xff, 0xff,
    0xeb, 0xbd, 0xff, 0xff, 0xfd, 0x0, 0xaf, 0xff,
    0xdd, 0xff, 0xff, 0xff, 0xff, 0xff, 0x20, 0xa,
    0xff, 0xf9, 0x2d, 0xff, 0xff, 0xff, 0xfd, 0x20,
    0x0, 0xaf, 0xff, 0x90, 0x7, 0xcf, 0xfe, 0xb5,
    0x0, 0x0, 0x0,

    /* U+0063 "c" */
    0x0, 0x0, 0x3, 0x9c, 0xef, 0xec, 0x72, 0x0,
    0x0, 0x0, 0x2, 0xcf, 0xff, 0xff, 0xff, 0xff,
    0x80, 0x0, 0x0, 0x3f, 0xff, 0xff, 0xff, 0xff,
    0xff, 0xfa, 0x0, 0x1, 0xef, 0xff, 0xff, 0xdc,
    0xdf, 0xff, 0xff, 0x80, 0xa, 0xff, 0xff, 0xa1,
    0x0, 0x3, 0xdf, 0xff, 0xf1, 0xf, 0xff, 0xfb,
    0x0, 0x0, 0x0, 0x1f, 0xff, 0xf6, 0x4f, 0xff,
    0xf2, 0x0, 0x0, 0x0, 0xa, 0xeb, 0x83, 0x6f,
    0xff, 0xe0, 0x0, 0x0, 0x0, 0x0, 0x0, 0x0,
    0x6f, 0xff, 0xd0, 0x0, 0x0, 0x0, 0x0, 0x0,
    0x0, 0x6f, 0xff, 0xe0, 0x0, 0x0, 0x0, 0x0,
    0x0, 0x0, 0x4f, 0xff, 0xf2, 0x0, 0x0, 0x0,
    0x9, 0xeb, 0x73, 0xf, 0xff, 0xfa, 0x0, 0x0,
    0x0, 0x1e, 0xff, 0xf8, 0xa, 0xff, 0xff, 0xa1,
    0x0, 0x3, 0xdf, 0xff, 0xf2, 0x1, 0xef, 0xff,
    0xff, 0xdc, 0xef, 0xff, 0xff, 0x80, 0x0, 0x3f,
    0xff, 0xff, 0xff, 0xff, 0xff, 0xfb, 0x0, 0x0,
    0x2, 0xcf, 0xff, 0xff, 0xff, 0xff, 0x80, 0x0,
    0x0, 0x0, 0x4, 0x9d, 0xef, 0xec, 0x72, 0x0,
    0x0,

    /* U+0064 "d" */
    0x0, 0x0, 0x0, 0x0, 0x0, 0x0, 0x0, 0xff,
    0xff, 0x50, 0x0, 0x0, 0x0, 0x0, 0x0, 0x0,
    0xf, 0xff, 0xf5, 0x0, 0x0, 0x0, 0x0, 0x0,
    0x0, 0x0, 0xff, 0xff, 0x50, 0x0, 0x0, 0x0,
    0x0, 0x0, 0x0, 0xf, 0xff, 0xf5, 0x0, 0x0,
    0x0, 0x0, 0x0, 0x0, 0x0, 0xff, 0xff, 0x50,
    0x0, 0x0, 0x0, 0x0, 0x0, 0x0, 0xf, 0xff,
    0xf5, 0x0, 0x0, 0x17, 0xce, 0xfe, 0xb6, 0x0,
    0xff, 0xff, 0x50, 0x0, 0x5f, 0xff, 0xff, 0xff,
    0xfd, 0x1f, 0xff, 0xf5, 0x0, 0x6f, 0xff, 0xff,
    0xff, 0xff, 0xff, 0xff, 0xff, 0x50, 0x3f, 0xff,
    0xff, 0xfc, 0xbc, 0xff, 0xff, 0xff, 0xf5, 0xb,
    0xff, 0xff, 0xa1, 0x0, 0x1, 0xaf, 0xff, 0xff,
    0x51, 0xff, 0xff, 0xa0, 0x0, 0x0, 0x0, 0xbf,
    0xff, 0xf5, 0x4f, 0xff, 0xf2, 0x0, 0x0, 0x0,
    0x3, 0xff, 0xff, 0x56, 0xff, 0xfe, 0x0, 0x0,
    0x0, 0x0, 0xf, 0xff, 0xf5, 0x6f, 0xff, 0xd0,
    0x0, 0x0, 0x0, 0x0, 0xef, 0xff, 0x56, 0xff,
    0xfe, 0x0, 0x0, 0x0, 0x0, 0xf, 0xff, 0xf5,
    0x4f, 0xff, 0xf2, 0x0, 0x0, 0x0, 0x3, 0xff,
    0xff, 0x51, 0xff, 0xff, 0xa0, 0x0, 0x0, 0x0,
    0xbf, 0xff, 0xf5, 0xb, 0xff, 0xff, 0x91, 0x0,
    0x1, 0xaf, 0xff, 0xff, 0x50, 0x3f, 0xff, 0xff,
    0xfc, 0xbc, 0xff, 0xff, 0xff, 0xf5, 0x0, 0x6f,
    0xff, 0xff, 0xff, 0xff, 0xfb, 0xff, 0xff, 0x50,
    0x0, 0x5f, 0xff, 0xff, 0xff, 0xfa, 0xe, 0xff,
    0xf5, 0x0, 0x0, 0x17, 0xce, 0xfe, 0xb5, 0x0,
    0xef, 0xff, 0x50,

    /* U+0065 "e" */
    0x0, 0x0, 0x5, 0xbe, 0xff, 0xda, 0x40, 0x0,
    0x0, 0x0, 0x3, 0xdf, 0xff, 0xff, 0xff, 0xfd,
    0x20, 0x0, 0x0, 0x4f, 0xff, 0xff, 0xff, 0xff,
    0xff, 0xf3, 0x0, 0x2, 0xef, 0xff, 0xfd, 0xbb,
    0xef, 0xff, 0xfe, 0x10, 0xa, 0xff, 0xfd, 0x30,
    0x0, 0x4, 0xef, 0xff, 0x80, 0xf, 0xff, 0xf2,
    0x0, 0x0, 0x0, 0x5f, 0xff, 0xe0, 0x4f, 0xff,
    0xff, 0xff, 0xff, 0xff, 0xff, 0xff, 0xf1, 0x6f,
    0xff, 0xff, 0xff, 0xff, 0xff, 0xff, 0xff, 0xf2,
    0x6f, 0xff, 0xff, 0xff, 0xff, 0xff, 0xff, 0xff,
    0xf3, 0x6f, 0xff, 0xf2, 0x22, 0x22, 0x22, 0x22,
    0x22, 0x20, 0x4f, 0xff, 0xf2, 0x0, 0x0, 0x0,
    0x2, 0x0, 0x0, 0xf, 0xff, 0xfa, 0x0, 0x0,
    0x0, 0x5f, 0x91, 0x0, 0xa, 0xff, 0xff, 0x90,
    0x0, 0x4, 0xff, 0xff, 0x50, 0x2, 0xef, 0xff,
    0xff, 0xbb, 0xdf, 0xff, 0xfe, 0x10, 0x0, 0x4f,
    0xff, 0xff, 0xff, 0xff, 0xff, 0xf4, 0x0, 0x0,
    0x3, 0xdf, 0xff, 0xff, 0xff, 0xfd, 0x30, 0x0,
    0x0, 0x0, 0x5, 0xae, 0xff, 0xeb, 0x60, 0x0,
    0x0,

    /* U+0066 "f" */
    0x0, 0x0, 0x0, 0x4c, 0xff, 0xff, 0xf5, 0x0,
    0x0, 0x4, 0xff, 0xff, 0xff, 0xf5, 0x0, 0x0,
    0xb, 0xff, 0xff, 0xff, 0xf5, 0x0, 0x0, 0xd,
    0xff, 0xfd, 0x77, 0x72, 0x0, 0x0, 0xd, 0xff,
    0xf7, 0x0, 0x0, 0x0, 0x0, 0xd, 0xff, 0xf7,
    0x0, 0x0, 0x1f, 0xff, 0xff, 0xff, 0xff, 0xff,
    0xfe, 0x1f, 0xff, 0xff, 0xff, 0xff, 0xff, 0xfe,
    0x1f, 0xff, 0xff, 0xff, 0xff, 0xff, 0xfe, 0x7,
    0x77, 0x7e, 0xff, 0xfb, 0x77, 0x76, 0x0, 0x0,
    0xd, 0xff, 0xf7, 0x0, 0x0, 0x0, 0x0, 0xd,
    0xff, 0xf7, 0x0, 0x0, 0x0, 0x0, 0xd, 0xff,
    0xf7, 0x0, 0x0, 0x0, 0x0, 0xd, 0xff, 0xf7,
    0x0, 0x0, 0x0, 0x0, 0xd, 0xff, 0xf7, 0x0,
    0x0, 0x0, 0x0, 0xd, 0xff, 0xf7, 0x0, 0x0,
    0x0, 0x0, 0xd, 0xff, 0xf7, 0x0, 0x0, 0x0,
    0x0, 0xd, 0xff, 0xf7, 0x0, 0x0, 0x0, 0x0,
    0xd, 0xff, 0xf7, 0x0, 0x0, 0x0, 0x0, 0xd,
    0xff, 0xf7, 0x0, 0x0, 0x0, 0x0, 0xd, 0xff,
    0xf7, 0x0, 0x0, 0x0, 0x0, 0xd, 0xff, 0xf7,
    0x0, 0x0, 0x0, 0x0, 0xd, 0xff, 0xf7, 0x0,
    0x0,

    /* U+0067 "g" */
    0x0, 0x0, 0x17, 0xce, 0xfe, 0xa3, 0x0, 0xef,
    0xff, 0x50, 0x0, 0x5f, 0xff, 0xff, 0xff, 0xf6,
    0xe, 0xff, 0xf5, 0x0, 0x6f, 0xff, 0xff, 0xff,
    0xff, 0xf6, 0xef, 0xff, 0x50, 0x2f, 0xff, 0xff,
    0xfc, 0xbc, 0xff, 0xff, 0xff, 0xf5, 0xb, 0xff,
    0xff, 0xa1, 0x0, 0x1, 0xaf, 0xff, 0xff, 0x51,
    0xff, 0xff, 0xa0, 0x0, 0x0, 0x0, 0xbf, 0xff,
    0xf5, 0x4f, 0xff, 0xf2, 0x0, 0x0, 0x0, 0x3,
    0xff, 0xff, 0x56, 0xff, 0xfe, 0x0, 0x0, 0x0,
    0x0, 0xf, 0xff, 0xf5, 0x6f, 0xff, 0xd0, 0x0,
    0x0, 0x0, 0x0, 0xef, 0xff, 0x56, 0xff, 0xfe,
    0x0, 0x0, 0x0, 0x0, 0xf, 0xff, 0xf5, 0x4f,
    0xff, 0xf2, 0x0, 0x0, 0x0, 0x3, 0xff, 0xff,
    0x51, 0xff, 0xff, 0xa0, 0x0, 0x0, 0x0, 0xbf,
    0xff, 0xf5, 0xb, 0xff, 0xff, 0xa1, 0x0, 0x1,
    0xaf, 0xff, 0xff, 0x50, 0x3f, 0xff, 0xff, 0xfc,
    0xac, 0xff, 0xff, 0xff, 0xf5, 0x0, 0x6f, 0xff,
    0xff, 0xff, 0xff, 0xff, 0xff, 0xff, 0x50, 0x0,
    0x5f, 0xff, 0xff, 0xff, 0xfd, 0x1f, 0xff, 0xf5,
    0x0, 0x0, 0x17, 0xce, 0xfe, 0xc6, 0x0, 0xff,
    0xff, 0x50, 0x0, 0x0, 0x0, 0x0, 0x0, 0x0,
    0xf, 0xff, 0xf5, 0x0, 0x0, 0x0, 0x0, 0x0,
    0x0, 0x0, 0xff, 0xff, 0x50, 0x0, 0x0, 0x0,
    0x0, 0x0, 0x0, 0xf, 0xff, 0xf5, 0x0, 0x7,
    0xaa, 0xaa, 0xaa, 0xaa, 0xad, 0xff, 0xff, 0x40,
    0x0, 0xbf, 0xff, 0xff, 0xff, 0xff, 0xff, 0xff,
    0xf1, 0x0, 0xb, 0xff, 0xff, 0xff, 0xff, 0xff,
    0xff, 0xf9, 0x0, 0x0, 0xbf, 0xff, 0xff, 0xff,
    0xff, 0xff, 0xe8, 0x0,

    /* U+0068 "h" */
    0xaf, 0xff, 0xa0, 0x0, 0x0, 0x0, 0x0, 0x0,
    0xa, 0xff, 0xfa, 0x0, 0x0, 0x0, 0x0, 0x0,
    0x0, 0xaf, 0xff, 0xa0, 0x0, 0x0, 0x0, 0x0,
    0x0, 0xa, 0xff, 0xfa, 0x0, 0x0, 0x0, 0x0,
    0x0, 0x0, 0xaf, 0xff, 0xa0, 0x0, 0x0, 0x0,
    0x0, 0x0, 0xa, 0xff, 0xfa, 0x0, 0x0, 0x0,
    0x0, 0x0, 0x0, 0xaf, 0xff, 0xa0, 0x18, 0xdf,
    0xfd, 0x82, 0x0, 0xa, 0xff, 0xfa, 0x2e, 0xff,
    0xff, 0xff, 0xf5, 0x0, 0xaf, 0xff, 0xee, 0xff,
    0xff, 0xff, 0xff, 0xf4, 0xa, 0xff, 0xff, 0xff,
    0xb9, 0xad, 0xff, 0xff, 0xe0, 0xaf, 0xff, 0xfe,
    0x30, 0x0, 0x9, 0xff, 0xff, 0x4a, 0xff, 0xff,
    0x50, 0x0, 0x0, 0xe, 0xff, 0xf8, 0xaf, 0xff,
    0xe0, 0x0, 0x0, 0x0, 0xbf, 0xff, 0xaa, 0xff,
    0xfb, 0x0, 0x0, 0x0, 0x9, 0xff, 0xfb, 0xaf,
    0xff, 0xa0, 0x0, 0x0, 0x0, 0x9f, 0xff, 0xba,
    0xff, 0xfa, 0x0, 0x0, 0x0, 0x9, 0xff, 0xfb,
    0xaf, 0xff, 0xa0, 0x0, 0x0, 0x0, 0x9f, 0xff,
    0xba, 0xff, 0xfa, 0x0, 0x0, 0x0, 0x9, 0xff,
    0xfb, 0xaf, 0xff, 0xa0, 0x0, 0x0, 0x0, 0x9f,
    0xff, 0xba, 0xff, 0xfa, 0x0, 0x0, 0x0, 0x9,
    0xff, 0xfb, 0xaf, 0xff, 0xa0, 0x0, 0x0, 0x0,
    0x9f, 0xff, 0xba, 0xff, 0xfa, 0x0, 0x0, 0x0,
    0x9, 0xff, 0xfb, 0xaf, 0xff, 0xa0, 0x0, 0x0,
    0x0, 0x9f, 0xff, 0xb0,

    /* U+0069 "i" */
    0x3, 0xcf, 0xc3, 0x0, 0xef, 0xff, 0xe0, 0x2f,
    0xff, 0xff, 0x31, 0xff, 0xff, 0xf1, 0x7, 0xff,
    0xf8, 0x0, 0x2, 0x42, 0x0, 0xa, 0xff, 0xfa,
    0x0, 0xaf, 0xff, 0xa0, 0xa, 0xff, 0xfa, 0x0,
    0xaf, 0xff, 0xa0, 0xa, 0xff, 0xfa, 0x0, 0xaf,
    0xff, 0xa0, 0xa, 0xff, 0xfa, 0x0, 0xaf, 0xff,
    0xa0, 0xa, 0xff, 0xfa, 0x0, 0xaf, 0xff, 0xa0,
    0xa, 0xff, 0xfa, 0x0, 0xaf, 0xff, 0xa0, 0xa,
    0xff, 0xfa, 0x0, 0xaf, 0xff, 0xa0, 0xa, 0xff,
    0xfa, 0x0, 0xaf, 0xff, 0xa0, 0xa, 0xff, 0xfa,
    0x0,

    /* U+006A "j" */
    0x0, 0x2, 0xbf, 0xd4, 0x0, 0x0, 0xdf, 0xff,
    0xf1, 0x0, 0x1f, 0xff, 0xff, 0x40, 0x0, 0xff,
    0xff, 0xf2, 0x0, 0x6, 0xff, 0xf9, 0x0, 0x0,
    0x1, 0x42, 0x0, 0x0, 0x8, 0xff, 0xfb, 0x0,
    0x0, 0x8f, 0xff, 0xb0, 0x0, 0x8, 0xff, 0xfb,
    0x0, 0x0, 0x8f, 0xff, 0xb0, 0x0, 0x8, 0xff,
    0xfb, 0x0, 0x0, 0x8f, 0xff, 0xb0, 0x0, 0x8,
    0xff, 0xfb, 0x0, 0x0, 0x8f, 0xff, 0xb0, 0x0,
    0x8, 0xff, 0xfb, 0x0, 0x0, 0x8f, 0xff, 0xb0,
    0x0, 0x8, 0xff, 0xfb, 0x0, 0x0, 0x8f, 0xff,
    0xb0, 0x0, 0x8, 0xff, 0xfb, 0x0, 0x0, 0x8f,
    0xff, 0xb0, 0x0, 0x8, 0xff, 0xfb, 0x0, 0x0,
    0x8f, 0xff, 0xb0, 0x0, 0x8, 0xff, 0xfb, 0x0,
    0x0, 0x8f, 0xff, 0xb0, 0x0, 0x8, 0xff, 0xfb,
    0x0, 0x0, 0x9f, 0xff, 0xb0, 0x79, 0xaf, 0xff,
    0xfb, 0xc, 0xff, 0xff, 0xff, 0x80, 0xcf, 0xff,
    0xff, 0xe1, 0xc, 0xff, 0xff, 0xb2, 0x0,

    /* U+006B "k" */
    0xaf, 0xff, 0xa0, 0x0, 0x0, 0x0, 0x0, 0x0,
    0xa, 0xff, 0xfa, 0x0, 0x0, 0x0, 0x0, 0x0,
    0x0, 0xaf, 0xff, 0xa0, 0x0, 0x0, 0x0, 0x0,
    0x0, 0xa, 0xff, 0xfa, 0x0, 0x0, 0x0, 0x0,
    0x0, 0x0, 0xaf, 0xff, 0xa0, 0x0, 0x0, 0x0,
    0x0, 0x0, 0xa, 0xff, 0xfa, 0x0, 0x0, 0x0,
    0x0, 0x0, 0x0, 0xaf, 0xff, 0xa0, 0x0, 0x0,
    0x8f, 0xff, 0xfe, 0x1a, 0xff, 0xfa, 0x0, 0x0,
    0x5f, 0xff, 0xff, 0x20, 0xaf, 0xff, 0xa0, 0x0,
    0x2f, 0xff, 0xff, 0x40, 0xa, 0xff, 0xfa, 0x0,
    0x1d, 0xff, 0xff, 0x50, 0x0, 0xaf, 0xff, 0xa0,
    0xb, 0xff, 0xff, 0x70, 0x0, 0xa, 0xff, 0xfa,
    0x8, 0xff, 0xff, 0x90, 0x0, 0x0, 0xaf, 0xff,
    0xa5, 0xff, 0xff, 0xb0, 0x0, 0x0, 0xa, 0xff,
    0xff, 0xff, 0xff, 0xd0, 0x0, 0x0, 0x0, 0xaf,
    0xff, 0xff, 0xff, 0xe1, 0x0, 0x0, 0x0, 0xa,
    0xff, 0xff, 0xff, 0xff, 0x40, 0x0, 0x0, 0x0,
    0xaf, 0xff, 0xff, 0xff, 0xff, 0x40, 0x0, 0x0,
    0xa, 0xff, 0xfa, 0x2e, 0xff, 0xff, 0x40, 0x0,
    0x0, 0xaf, 0xff, 0xa0, 0x3f, 0xff, 0xff, 0x40,
    0x0, 0xa, 0xff, 0xfa, 0x0, 0x3f, 0xff, 0xff,
    0x40, 0x0, 0xaf, 0xff, 0xa0, 0x0, 0x4f, 0xff,
    0xff, 0x40, 0xa, 0xff, 0xfa, 0x0, 0x0, 0x4f,
    0xff, 0xff, 0x30, 0xaf, 0xff, 0xa0, 0x0, 0x0,
    0x5f, 0xff, 0xff, 0x30,

    /* U+006C "l" */
    0xaf, 0xff, 0xaa, 0xff, 0xfa, 0xaf, 0xff, 0xaa,
    0xff, 0xfa, 0xaf, 0xff, 0xaa, 0xff, 0xfa, 0xaf,
    0xff, 0xaa, 0xff, 0xfa, 0xaf, 0xff, 0xaa, 0xff,
    0xfa, 0xaf, 0xff, 0xaa, 0xff, 0xfa, 0xaf, 0xff,
    0xaa, 0xff, 0xfa, 0xaf, 0xff, 0xaa, 0xff, 0xfa,
    0xaf, 0xff, 0xaa, 0xff, 0xfa, 0xaf, 0xff, 0xaa,
    0xff, 0xfa, 0xaf, 0xff, 0xaa, 0xff, 0xfa, 0xaf,
    0xff, 0xa0,

    /* U+006D "m" */
    0xaf, 0xff, 0x90, 0x3a, 0xef, 0xd9, 0x10, 0x0,
    0x6c, 0xef, 0xd8, 0x10, 0xa, 0xff, 0xf9, 0x4f,
    0xff, 0xff, 0xfe, 0x20, 0x9f, 0xff, 0xff, 0xfe,
    0x20, 0xaf, 0xff, 0xef, 0xff, 0xff, 0xff, 0xfc,
    0x7f, 0xff, 0xff, 0xff, 0xfd, 0xa, 0xff, 0xff,
    0xfc, 0x89, 0xff, 0xff, 0xff, 0xfc, 0x89, 0xef,
    0xff, 0xf5, 0xaf, 0xff, 0xf7, 0x0, 0x2, 0xff,
    0xff, 0xf9, 0x0, 0x1, 0xef, 0xff, 0xaa, 0xff,
    0xfe, 0x0, 0x0, 0xa, 0xff, 0xff, 0x0, 0x0,
    0x9, 0xff, 0xfb, 0xaf, 0xff, 0xb0, 0x0, 0x0,
    0x9f, 0xff, 0xc0, 0x0, 0x0, 0x7f, 0xff, 0xca,
    0xff, 0xfa, 0x0, 0x0, 0x9, 0xff, 0xfb, 0x0,
    0x0, 0x7, 0xff, 0xfc, 0xaf, 0xff, 0xa0, 0x0,
    0x0, 0x9f, 0xff, 0xb0, 0x0, 0x0, 0x7f, 0xff,
    0xca, 0xff, 0xfa, 0x0, 0x0, 0x9, 0xff, 0xfb,
    0x0, 0x0, 0x7, 0xff, 0xfc, 0xaf, 0xff, 0xa0,
    0x0, 0x0, 0x9f, 0xff, 0xb0, 0x0, 0x0, 0x7f,
    0xff, 0xca, 0xff, 0xfa, 0x0, 0x0, 0x9, 0xff,
    0xfb, 0x0, 0x0, 0x7, 0xff, 0xfc, 0xaf, 0xff,
    0xa0, 0x0, 0x0, 0x9f, 0xff, 0xb0, 0x0, 0x0,
    0x7f, 0xff, 0xca, 0xff, 0xfa, 0x0, 0x0, 0x9,
    0xff, 0xfb, 0x0, 0x0, 0x7, 0xff, 0xfc, 0xaf,
    0xff, 0xa0, 0x0, 0x0, 0x9f, 0xff, 0xb0, 0x0,
    0x0, 0x7f, 0xff, 0xca, 0xff, 0xfa, 0x0, 0x0,
    0x9, 0xff, 0xfb, 0x0, 0x0, 0x7, 0xff, 0xfc,
    0xaf, 0xff, 0xa0, 0x0, 0x0, 0x9f, 0xff, 0xb0,
    0x0, 0x0, 0x7f, 0xff, 0xc0,

    /* U+006E "n" */
    0xaf, 0xff, 0x90, 0x19, 0xdf, 0xfd, 0x82, 0x0,
    0xa, 0xff, 0xf9, 0x3e, 0xff, 0xff, 0xff, 0xf5,
    0x0, 0xaf, 0xff, 0xde, 0xff, 0xff, 0xff, 0xff,
    0xf4, 0xa, 0xff, 0xff, 0xff, 0xb9, 0xad, 0xff,
    0xff, 0xe0, 0xaf, 0xff, 0xfe, 0x30, 0x0, 0x9,
    0xff, 0xff, 0x4a, 0xff, 0xff, 0x50, 0x0, 0x0,
    0xe, 0xff, 0xf8, 0xaf, 0xff, 0xe0, 0x0, 0x0,
    0x0, 0xbf, 0xff, 0xaa, 0xff, 0xfb, 0x0, 0x0,
    0x0, 0x9, 0xff, 0xfb, 0xaf, 0xff, 0xa0, 0x0,
    0x0, 0x0, 0x9f, 0xff, 0xba, 0xff, 0xfa, 0x0,
    0x0, 0x0, 0x9, 0xff, 0xfb, 0xaf, 0xff, 0xa0,
    0x0, 0x0, 0x0, 0x9f, 0xff, 0xba, 0xff, 0xfa,
    0x0, 0x0, 0x0, 0x9, 0xff, 0xfb, 0xaf, 0xff,
    0xa0, 0x0, 0x0, 0x0, 0x9f, 0xff, 0xba, 0xff,
    0xfa, 0x0, 0x0, 0x0, 0x9, 0xff, 0xfb, 0xaf,
    0xff, 0xa0, 0x0, 0x0, 0x0, 0x9f, 0xff, 0xba,
    0xff, 0xfa, 0x0, 0x0, 0x0, 0x9, 0xff, 0xfb,
    0xaf, 0xff, 0xa0, 0x0, 0x0, 0x0, 0x9f, 0xff,
    0xb0,

    /* U+006F "o" */
    0x0, 0x0, 0x3, 0x9c, 0xef, 0xec, 0x82, 0x0,
    0x0, 0x0, 0x0, 0x2c, 0xff, 0xff, 0xff, 0xff,
    0xfa, 0x10, 0x0, 0x0, 0x3f, 0xff, 0xff, 0xff,
    0xff, 0xff, 0xfe, 0x10, 0x0, 0x1e, 0xff, 0xff,
    0xfd, 0xcd, 0xff, 0xff, 0xfc, 0x0, 0xa, 0xff,
    0xff, 0xa1, 0x0, 0x2, 0xcf, 0xff, 0xf7, 0x0,
    0xff, 0xff, 0xa0, 0x0, 0x0, 0x0, 0xdf, 0xff,
    0xd0, 0x4f, 0xff, 0xf2, 0x0, 0x0, 0x0, 0x5,
    0xff, 0xff, 0x16, 0xff, 0xfe, 0x0, 0x0, 0x0,
    0x0, 0x1f, 0xff, 0xf3, 0x6f, 0xff, 0xd0, 0x0,
    0x0, 0x0, 0x0, 0xff, 0xff, 0x36, 0xff, 0xfe,
    0x0, 0x0, 0x0, 0x0, 0x1f, 0xff, 0xf3, 0x4f,
    0xff, 0xf2, 0x0, 0x0, 0x0, 0x5, 0xff, 0xff,
    0x10, 0xff, 0xff, 0xa0, 0x0, 0x0, 0x0, 0xdf,
    0xff, 0xd0, 0xa, 0xff, 0xff, 0xa1, 0x0, 0x2,
    0xcf, 0xff, 0xf7, 0x0, 0x1e, 0xff, 0xff, 0xfd,
    0xcd, 0xff, 0xff, 0xfc, 0x0, 0x0, 0x3f, 0xff,
    0xff, 0xff, 0xff, 0xff, 0xfe, 0x10, 0x0, 0x0,
    0x2c, 0xff, 0xff, 0xff, 0xff, 0xfa, 0x10, 0x0,
    0x0, 0x0, 0x3, 0x9c, 0xef, 0xec, 0x82, 0x0,
    0x0, 0x0,

    /* U+0070 "p" */
    0xaf, 0xff, 0x90, 0x5, 0xbe, 0xfe, 0xb5, 0x0,
    0x0, 0xa, 0xff, 0xf9, 0x9, 0xff, 0xff, 0xff,
    0xfd, 0x20, 0x0, 0xaf, 0xff, 0x97, 0xff, 0xff,
    0xff, 0xff, 0xff, 0x20, 0xa, 0xff, 0xff, 0xff,
    0xfb, 0xbd, 0xff, 0xff, 0xfd, 0x0, 0xaf, 0xff,
    0xff, 0x70, 0x0, 0x3, 0xdf, 0xff, 0xf6, 0xa,
    0xff, 0xff, 0x60, 0x0, 0x0, 0x1, 0xef, 0xff,
    0xc0, 0xaf, 0xff, 0xe0, 0x0, 0x0, 0x0, 0x7,
    0xff, 0xff, 0xa, 0xff, 0xfa, 0x0, 0x0, 0x0,
    0x0, 0x3f, 0xff, 0xf1, 0xaf, 0xff, 0x90, 0x0,
    0x0, 0x0, 0x2, 0xff, 0xff, 0x1a, 0xff, 0xfa,
    0x0, 0x0, 0x0, 0x0, 0x3f, 0xff, 0xf1, 0xaf,
    0xff, 0xe0, 0x0, 0x0, 0x0, 0x7, 0xff, 0xff,
    0xa, 0xff, 0xff, 0x60, 0x0, 0x0, 0x1, 0xef,
    0xff, 0xc0, 0xaf, 0xff, 0xff, 0x70, 0x0, 0x3,
    0xcf, 0xff, 0xf6, 0xa, 0xff, 0xff, 0xff, 0xeb,
    0xbd, 0xff, 0xff, 0xfd, 0x0, 0xaf, 0xff, 0xff,
    0xff, 0xff, 0xff, 0xff, 0xff, 0x20, 0xa, 0xff,
    0xfd, 0xcf, 0xff, 0xff, 0xff, 0xfd, 0x20, 0x0,
    0xaf, 0xff, 0xa0, 0x5b, 0xdf, 0xfe, 0xb5, 0x0,
    0x0, 0xa, 0xff, 0xfa, 0x0, 0x0, 0x0, 0x0,
    0x0, 0x0, 0x0, 0xaf, 0xff, 0xa0, 0x0, 0x0,
    0x0, 0x0, 0x0, 0x0, 0xa, 0xff, 0xfa, 0x0,
    0x0, 0x0, 0x0, 0x0, 0x0, 0x0, 0xaf, 0xff,
    0xa0, 0x0, 0x0, 0x0, 0x0, 0x0, 0x0, 0xa,
    0xff, 0xfa, 0x0, 0x0, 0x0, 0x0, 0x0, 0x0,
    0x0, 0xaf, 0xff, 0xa0, 0x0, 0x0, 0x0, 0x0,
    0x0, 0x0, 0xa, 0xff, 0xfa, 0x0, 0x0, 0x0,
    0x0, 0x0, 0x0, 0x0,

    /* U+0071 "q" */
    0x0, 0x0, 0x17, 0xce, 0xfe, 0xa3, 0x0, 0xef,
    0xff, 0x50, 0x0, 0x5f, 0xff, 0xff, 0xff, 0xf5,
    0xe, 0xff, 0xf5, 0x0, 0x6f, 0xff, 0xff, 0xff,
    0xff, 0xf2, 0xef, 0xff, 0x50, 0x3f, 0xff, 0xff,
    0xfc, 0xbc, 0xff, 0xff, 0xff, 0xf5, 0xb, 0xff,
    0xff, 0xa1, 0x0, 0x1, 0xaf, 0xff, 0xff, 0x51,
    0xff, 0xff, 0xa0, 0x0, 0x0, 0x0, 0xbf, 0xff,
    0xf5, 0x4f, 0xff, 0xf2, 0x0, 0x0, 0x0, 0x3,
    0xff, 0xff, 0x56, 0xff, 0xfe, 0x0, 0x0, 0x0,
    0x0, 0xf, 0xff, 0xf5, 0x6f, 0xff, 0xd0, 0x0,
    0x0, 0x0, 0x0, 0xef, 0xff, 0x56, 0xff, 0xfe,
    0x0, 0x0, 0x0, 0x0, 0xf, 0xff, 0xf5, 0x4f,
    0xff, 0xf2, 0x0, 0x0, 0x0, 0x3, 0xff, 0xff,
    0x51, 0xff, 0xff, 0xa0, 0x0, 0x0, 0x0, 0xbf,
    0xff, 0xf5, 0xb, 0xff, 0xff, 0x91, 0x0, 0x1,
    0xaf, 0xff, 0xff, 0x50, 0x3f, 0xff, 0xff, 0xfc,
    0xbc, 0xff, 0xff, 0xff, 0xf5, 0x0, 0x6f, 0xff,
    0xff, 0xff, 0xff, 0xff, 0xff, 0xff, 0x50, 0x0,
    0x5f, 0xff, 0xff, 0xff, 0xff, 0xbf, 0xff, 0xf5,
    0x0, 0x0, 0x17, 0xce, 0xff, 0xd9, 0x30, 0xff,
    0xff, 0x50, 0x0, 0x0, 0x0, 0x0, 0x0, 0x0,
    0xf, 0xff, 0xf5, 0x0, 0x0, 0x0, 0x0, 0x0,
    0x0, 0x0, 0xff, 0xff, 0x50, 0x0, 0x0, 0x0,
    0x0, 0x0, 0x0, 0xf, 0xff, 0xf5, 0x0, 0x0,
    0x0, 0x0, 0x0, 0x0, 0x0, 0xff, 0xff, 0x50,
    0x0, 0x0, 0x0, 0x0, 0x0, 0x0, 0xf, 0xff,
    0xf5, 0x0, 0x0, 0x0, 0x0, 0x0, 0x0, 0x0,
    0xff, 0xff, 0x50, 0x0, 0x0, 0x0, 0x0, 0x0,
    0x0, 0xf, 0xff, 0xf5,

    /* U+0072 "r" */
    0xaf, 0xff, 0x90, 0x8e, 0xff, 0x8a, 0xff, 0xfa,
    0x9f, 0xff, 0xf8, 0xaf, 0xff, 0xff, 0xff, 0xff,
    0x8a, 0xff, 0xff, 0xff, 0xca, 0xa5, 0xaf, 0xff,
    0xfb, 0x20, 0x0, 0xa, 0xff, 0xff, 0x10, 0x0,
    0x0, 0xaf, 0xff, 0xb0, 0x0, 0x0, 0xa, 0xff,
    0xfa, 0x0, 0x0, 0x0, 0xaf, 0xff, 0xa0, 0x0,
    0x0, 0xa, 0xff, 0xfa, 0x0, 0x0, 0x0, 0xaf,
    0xff, 0xa0, 0x0, 0x0, 0xa, 0xff, 0xfa, 0x0,
    0x0, 0x0, 0xaf, 0xff, 0xa0, 0x0, 0x0, 0xa,
    0xff, 0xfa, 0x0, 0x0, 0x0, 0xaf, 0xff, 0xa0,
    0x0, 0x0, 0xa, 0xff, 0xfa, 0x0, 0x0, 0x0,
    0xaf, 0xff, 0xa0, 0x0, 0x0, 0x0,

    /* U+0073 "s" */
    0x0, 0x1, 0x8c, 0xef, 0xfd, 0x93, 0x0, 0x0,
    0x0, 0x6f, 0xff, 0xff, 0xff, 0xff, 0xa0, 0x0,
    0x4, 0xff, 0xff, 0xff, 0xff, 0xff, 0xfc, 0x0,
    0xb, 0xff, 0xfe, 0x85, 0x7c, 0xff, 0xff, 0x70,
    0xe, 0xff, 0xf4, 0x0, 0x0, 0xaf, 0xfd, 0x60,
    0xd, 0xff, 0xf7, 0x0, 0x0, 0x26, 0x10, 0x0,
    0xa, 0xff, 0xff, 0xc7, 0x41, 0x0, 0x0, 0x0,
    0x1, 0xef, 0xff, 0xff, 0xff, 0xe9, 0x30, 0x0,
    0x0, 0x1a, 0xff, 0xff, 0xff, 0xff, 0xfb, 0x10,
    0x0, 0x0, 0x27, 0xbf, 0xff, 0xff, 0xff, 0xc0,
    0x0, 0x0, 0x10, 0x0, 0x25, 0xcf, 0xff, 0xf4,
    0x38, 0xcf, 0xa0, 0x0, 0x0, 0xd, 0xff, 0xf6,
    0x5f, 0xff, 0xf4, 0x0, 0x0, 0xd, 0xff, 0xf6,
    0xe, 0xff, 0xff, 0xa6, 0x57, 0xcf, 0xff, 0xf2,
    0x4, 0xff, 0xff, 0xff, 0xff, 0xff, 0xff, 0x90,
    0x0, 0x4e, 0xff, 0xff, 0xff, 0xff, 0xf9, 0x0,
    0x0, 0x0, 0x5a, 0xdf, 0xff, 0xc9, 0x30, 0x0,

    /* U+0074 "t" */
    0x0, 0x0, 0x7, 0x88, 0x83, 0x0, 0x0, 0x0,
    0x0, 0x0, 0xef, 0xff, 0x60, 0x0, 0x0, 0x0,
    0x0, 0xe, 0xff, 0xf6, 0x0, 0x0, 0x0, 0x0,
    0x0, 0xef, 0xff, 0x60, 0x0, 0x0, 0x0, 0x0,
    0xe, 0xff, 0xf6, 0x0, 0x0, 0x1, 0xff, 0xff,
    0xff, 0xff, 0xff, 0xff, 0xf0, 0x1f, 0xff, 0xff,
    0xff, 0xff, 0xff, 0xff, 0x1, 0xff, 0xff, 0xff,
    0xff, 0xff, 0xff, 0xf0, 0x7, 0x77, 0x7f, 0xff,
    0xfa, 0x77, 0x77, 0x0, 0x0, 0x0, 0xef, 0xff,
    0x60, 0x0, 0x0, 0x0, 0x0, 0xe, 0xff, 0xf6,
    0x0, 0x0, 0x0, 0x0, 0x0, 0xef, 0xff, 0x60,
    0x0, 0x0, 0x0, 0x0, 0xe, 0xff, 0xf6, 0x0,
    0x0, 0x0, 0x0, 0x0, 0xef, 0xff, 0x60, 0x0,
    0x0, 0x0, 0x0, 0xe, 0xff, 0xf6, 0x0, 0x0,
    0x0, 0x0, 0x0, 0xef, 0xff, 0x60, 0x0, 0x0,
    0x0, 0x0, 0xe, 0xff, 0xf6, 0x0, 0x0, 0x0,
    0x0, 0x0, 0xef, 0xff, 0x60, 0x0, 0x0, 0x0,
    0x0, 0xe, 0xff, 0xfd, 0x77, 0x74, 0x0, 0x0,
    0x0, 0xbf, 0xff, 0xff, 0xff, 0x90, 0x0, 0x0,
    0x3, 0xff, 0xff, 0xff, 0xf9, 0x0, 0x0, 0x0,
    0x4, 0xcf, 0xff, 0xff, 0x90,

    /* U+0075 "u" */
    0xcf, 0xff, 0x80, 0x0, 0x0, 0x0, 0xbf, 0xff,
    0x9c, 0xff, 0xf8, 0x0, 0x0, 0x0, 0xb, 0xff,
    0xf9, 0xcf, 0xff, 0x80, 0x0, 0x0, 0x0, 0xbf,
    0xff, 0x9c, 0xff, 0xf8, 0x0, 0x0, 0x0, 0xb,
    0xff, 0xf9, 0xcf, 0xff, 0x80, 0x0, 0x0, 0x0,
    0xbf, 0xff, 0x9c, 0xff, 0xf8, 0x0, 0x0, 0x0,
    0xb, 0xff, 0xf9, 0xcf, 0xff, 0x80, 0x0, 0x0,
    0x0, 0xbf, 0xff, 0x9c, 0xff, 0xf8, 0x0, 0x0,
    0x0, 0xb, 0xff, 0xf9, 0xcf, 0xff, 0x80, 0x0,
    0x0, 0x0, 0xbf, 0xff, 0x9c, 0xff, 0xf8, 0x0,
    0x0, 0x0, 0xc, 0xff, 0xf9, 0xbf, 0xff, 0xa0,
    0x0, 0x0, 0x0, 0xff, 0xff, 0x99, 0xff, 0xfd,
    0x0, 0x0, 0x0, 0x6f, 0xff, 0xf9, 0x5f, 0xff,
    0xf8, 0x0, 0x0, 0x3f, 0xff, 0xff, 0x90, 0xef,
    0xff, 0xfd, 0x99, 0xbf, 0xff, 0xff, 0xf9, 0x5,
    0xff, 0xff, 0xff, 0xff, 0xfd, 0xef, 0xff, 0x90,
    0x6, 0xff, 0xff, 0xff, 0xfe, 0x2a, 0xff, 0xf9,
    0x0, 0x2, 0x9d, 0xff, 0xd9, 0x10, 0xaf, 0xff,
    0x90,

    /* U+0076 "v" */
    0x4f, 0xff, 0xf3, 0x0, 0x0, 0x0, 0x9, 0xff,
    0xfe, 0x0, 0xff, 0xff, 0x80, 0x0, 0x0, 0x0,
    0xef, 0xff, 0x90, 0xa, 0xff, 0xfc, 0x0, 0x0,
    0x0, 0x2f, 0xff, 0xf4, 0x0, 0x5f, 0xff, 0xf1,
    0x0, 0x0, 0x7, 0xff, 0xff, 0x0, 0x0, 0xff,
    0xff, 0x50, 0x0, 0x0, 0xbf, 0xff, 0xa0, 0x0,
    0xb, 0xff, 0xfa, 0x0, 0x0, 0xf, 0xff, 0xf5,
    0x0, 0x0, 0x6f, 0xff, 0xe0, 0x0, 0x4, 0xff,
    0xff, 0x0, 0x0, 0x1, 0xff, 0xff, 0x30, 0x0,
    0x9f, 0xff, 0xb0, 0x0, 0x0, 0xc, 0xff, 0xf7,
    0x0, 0xd, 0xff, 0xf6, 0x0, 0x0, 0x0, 0x7f,
    0xff, 0xc0, 0x2, 0xff, 0xff, 0x10, 0x0, 0x0,
    0x2, 0xff, 0xff, 0x10, 0x6f, 0xff, 0xc0, 0x0,
    0x0, 0x0, 0xd, 0xff, 0xf5, 0xb, 0xff, 0xf7,
    0x0, 0x0, 0x0, 0x0, 0x8f, 0xff, 0x90, 0xff,
    0xff, 0x20, 0x0, 0x0, 0x0, 0x2, 0xff, 0xfe,
    0x4f, 0xff, 0xd0, 0x0, 0x0, 0x0, 0x0, 0xd,
    0xff, 0xff, 0xff, 0xf8, 0x0, 0x0, 0x0, 0x0,
    0x0, 0x8f, 0xff, 0xff, 0xff, 0x30, 0x0, 0x0,
    0x0, 0x0, 0x3, 0xff, 0xff, 0xff, 0xe0, 0x0,
    0x0, 0x0,

    /* U+0077 "w" */
    0x9f, 0xff, 0xa0, 0x0, 0x3f, 0xff, 0xff, 0xfd,
    0x0, 0x0, 0xff, 0xff, 0x36, 0xff, 0xfc, 0x0,
    0x5, 0xff, 0xff, 0xff, 0xf0, 0x0, 0x1f, 0xff,
    0xf1, 0x4f, 0xff, 0xd0, 0x0, 0x7f, 0xff, 0xef,
    0xff, 0x20, 0x3, 0xff, 0xff, 0x2, 0xff, 0xff,
    0x0, 0xa, 0xff, 0xe4, 0xff, 0xf4, 0x0, 0x5f,
    0xff, 0xc0, 0xf, 0xff, 0xf1, 0x0, 0xcf, 0xfc,
    0x1f, 0xff, 0x70, 0x6, 0xff, 0xfa, 0x0, 0xef,
    0xff, 0x30, 0xf, 0xff, 0x90, 0xff, 0xf9, 0x0,
    0x8f, 0xff, 0x80, 0xb, 0xff, 0xf4, 0x1, 0xff,
    0xf7, 0xc, 0xff, 0xc0, 0xa, 0xff, 0xf6, 0x0,
    0x9f, 0xff, 0x60, 0x4f, 0xff, 0x40, 0xaf, 0xfe,
    0x0, 0xbf, 0xff, 0x30, 0x7, 0xff, 0xf8, 0x6,
    0xff, 0xf2, 0x7, 0xff, 0xf1, 0xd, 0xff, 0xf1,
    0x0, 0x5f, 0xff, 0x90, 0x9f, 0xff, 0x0, 0x5f,
    0xff, 0x30, 0xff, 0xff, 0x0, 0x2, 0xff, 0xfb,
    0xb, 0xff, 0xd0, 0x2, 0xff, 0xf5, 0x1f, 0xff,
    0xd0, 0x0, 0xf, 0xff, 0xd0, 0xdf, 0xfa, 0x0,
    0xf, 0xff, 0x82, 0xff, 0xfb, 0x0, 0x0, 0xef,
    0xfe, 0xf, 0xff, 0x80, 0x0, 0xef, 0xfa, 0x4f,
    0xff, 0x80, 0x0, 0xc, 0xff, 0xf3, 0xff, 0xf6,
    0x0, 0xb, 0xff, 0xd6, 0xff, 0xf6, 0x0, 0x0,
    0x9f, 0xff, 0xef, 0xff, 0x30, 0x0, 0x9f, 0xff,
    0xef, 0xff, 0x40, 0x0, 0x7, 0xff, 0xff, 0xff,
    0xf1, 0x0, 0x6, 0xff, 0xff, 0xff, 0xf2, 0x0,
    0x0, 0x5f, 0xff, 0xff, 0xfe, 0x0, 0x0, 0x4f,
    0xff, 0xff, 0xff, 0x0, 0x0,

    /* U+0078 "x" */
    0xb, 0xff, 0xff, 0x30, 0x0, 0x0, 0x2, 0xff,
    0xff, 0xc0, 0x1, 0xef, 0xff, 0xd0, 0x0, 0x0,
    0xb, 0xff, 0xff, 0x20, 0x0, 0x5f, 0xff, 0xf8,
    0x0, 0x0, 0x6f, 0xff, 0xf6, 0x0, 0x0, 0x9,
    0xff, 0xff, 0x20, 0x1, 0xef, 0xff, 0xb0, 0x0,
    0x0, 0x0, 0xdf, 0xff, 0xc0, 0xa, 0xff, 0xfe,
    0x10, 0x0, 0x0, 0x0, 0x3f, 0xff, 0xf7, 0x4f,
    0xff, 0xf5, 0x0, 0x0, 0x0, 0x0, 0x8, 0xff,
    0xff, 0xff, 0xff, 0xa0, 0x0, 0x0, 0x0, 0x0,
    0x0, 0xdf, 0xff, 0xff, 0xfe, 0x10, 0x0, 0x0,
    0x0, 0x0, 0x0, 0x3f, 0xff, 0xff, 0xf5, 0x0,
    0x0, 0x0, 0x0, 0x0, 0x0, 0x9f, 0xff, 0xff,
    0xfb, 0x0, 0x0, 0x0, 0x0, 0x0, 0x5, 0xff,
    0xff, 0xff, 0xff, 0x70, 0x0, 0x0, 0x0, 0x0,
    0x1e, 0xff, 0xfc, 0xbf, 0xff, 0xf3, 0x0, 0x0,
    0x0, 0x0, 0xcf, 0xff, 0xe1, 0xd, 0xff, 0xfd,
    0x0, 0x0, 0x0, 0x8, 0xff, 0xff, 0x50, 0x3,
    0xff, 0xff, 0xa0, 0x0, 0x0, 0x4f, 0xff, 0xfa,
    0x0, 0x0, 0x8f, 0xff, 0xf6, 0x0, 0x1, 0xef,
    0xff, 0xe1, 0x0, 0x0, 0xc, 0xff, 0xff, 0x20,
    0xb, 0xff, 0xff, 0x40, 0x0, 0x0, 0x2, 0xff,
    0xff, 0xd0,

    /* U+0079 "y" */
    0xcf, 0xff, 0x80, 0x0, 0x0, 0x0, 0xbf, 0xff,
    0x9c, 0xff, 0xf8, 0x0, 0x0, 0x0, 0xb, 0xff,
    0xf9, 0xcf, 0xff, 0x80, 0x0, 0x0, 0x0, 0xbf,
    0xff, 0x9c, 0xff, 0xf8, 0x0, 0x0, 0x0, 0xb,
    0xff, 0xf9, 0xcf, 0xff, 0x80, 0x0, 0x0, 0x0,
    0xbf, 0xff, 0x9c, 0xff, 0xf8, 0x0, 0x0, 0x0,
    0xb, 0xff, 0xf9, 0xcf, 0xff, 0x80, 0x0, 0x0,
    0x0, 0xbf, 0xff, 0x9c, 0xff, 0xf8, 0x0, 0x0,
    0x0, 0xb, 0xff, 0xf9, 0xcf, 0xff, 0x80, 0x0,
    0x0, 0x0, 0xbf, 0xff, 0x9c, 0xff, 0xf8, 0x0,
    0x0, 0x0, 0xc, 0xff, 0xf9, 0xbf, 0xff, 0xa0,
    0x0, 0x0, 0x0, 0xff, 0xff, 0x99, 0xff, 0xfd,
    0x0, 0x0, 0x0, 0x6f, 0xff, 0xf9, 0x5f, 0xff,
    0xf8, 0x0, 0x0, 0x3f, 0xff, 0xff, 0x90, 0xef,
    0xff, 0xfd, 0x99, 0xbf, 0xff, 0xff, 0xf9, 0x5,
    0xff, 0xff, 0xff, 0xff, 0xfd, 0xdf, 0xff, 0x90,
    0x6, 0xff, 0xff, 0xff, 0xfe, 0x2a, 0xff, 0xf9,
    0x0, 0x2, 0x9d, 0xff, 0xd8, 0x10, 0xaf, 0xff,
    0x90, 0x0, 0x0, 0x0, 0x0, 0x0, 0xa, 0xff,
    0xf9, 0x0, 0x0, 0x0, 0x0, 0x0, 0x0, 0xaf,
    0xff, 0x90, 0x0, 0x0, 0x0, 0x0, 0x0, 0xb,
    0xff, 0xf9, 0x0, 0x8a, 0xaa, 0xaa, 0xaa, 0xab,
    0xff, 0xff, 0x80, 0xc, 0xff, 0xff, 0xff, 0xff,
    0xff, 0xff, 0xf5, 0x0, 0xcf, 0xff, 0xff, 0xff,
    0xff, 0xff, 0xfd, 0x0, 0xc, 0xff, 0xff, 0xff,
    0xff, 0xff, 0xea, 0x10,

    /* U+007A "z" */
    0xe, 0xff, 0xff, 0xff, 0xff, 0xff, 0xff, 0xb0,
    0xef, 0xff, 0xff, 0xff, 0xff, 0xff, 0xfb, 0xe,
    0xff, 0xff, 0xff, 0xff, 0xff, 0xff, 0xb0, 0x67,
    0x77, 0x77, 0x77, 0x7f, 0xff, 0xfb, 0x0, 0x0,
    0x0, 0x0, 0x8, 0xff, 0xff, 0xb0, 0x0, 0x0,
    0x0, 0xa, 0xff, 0xff, 0xf4, 0x0, 0x0, 0x0,
    0x1c, 0xff, 0xff, 0xd2, 0x0, 0x0, 0x0, 0x2e,
    0xff, 0xff, 0xc1, 0x0, 0x0, 0x0, 0x4f, 0xff,
    0xff, 0xa0, 0x0, 0x0, 0x0, 0x6f, 0xff, 0xff,
    0x80, 0x0, 0x0, 0x0, 0x8f, 0xff, 0xff, 0x50,
    0x0, 0x0, 0x0, 0xbf, 0xff, 0xfe, 0x30, 0x0,
    0x0, 0x0, 0x3f, 0xff, 0xfd, 0x20, 0x0, 0x0,
    0x0, 0x3, 0xff, 0xff, 0xb7, 0x77, 0x77, 0x77,
    0x77, 0x3f, 0xff, 0xff, 0xff, 0xff, 0xff, 0xff,
    0xf3, 0xff, 0xff, 0xff, 0xff, 0xff, 0xff, 0xff,
    0x3f, 0xff, 0xff, 0xff, 0xff, 0xff, 0xff, 0xf0,

    /* U+007B "{" */
    0x0, 0x0, 0x0, 0x6, 0x99, 0x99, 0x99, 0x20,
    0x0, 0x0, 0x2e, 0xff, 0xff, 0xff, 0xf4, 0x0,
    0x0, 0xa, 0xff, 0xff, 0xff, 0xff, 0x40, 0x0,
    0x0, 0xef, 0xff, 0xff, 0xff, 0xf4, 0x0, 0x0,
    0xf, 0xff, 0xf6, 0x0, 0x0, 0x0, 0x0, 0x0,
    0xff, 0xff, 0x30, 0x0, 0x0, 0x0, 0x0, 0xf,
    0xff, 0xf3, 0x0, 0x0, 0x0, 0x0, 0x0, 0xff,
    0xff, 0x30, 0x0, 0x0, 0x0, 0x0, 0xf, 0xff,
    0xf3, 0x0, 0x0, 0x0, 0x0, 0x0, 0xff, 0xff,
    0x30, 0x0, 0x0, 0x0, 0x0, 0xf, 0xff, 0xf3,
    0x0, 0x0, 0x0, 0x0, 0x0, 0xff, 0xff, 0x30,
    0x0, 0x0, 0x0, 0x0, 0xf, 0xff, 0xf3, 0x0,
    0x0, 0x0, 0x0, 0x0, 0xff, 0xff, 0x30, 0x0,
    0x0, 0x0, 0x0, 0x2f, 0xff, 0xf1, 0x0, 0x0,
    0xc, 0xff, 0xff, 0xff, 0xfc, 0x0, 0x0, 0x0,
    0xcf, 0xff, 0xff, 0xa8, 0x0, 0x0, 0x0, 0xc,
    0xff, 0xff, 0xfa, 0x70, 0x0, 0x0, 0x0, 0xcf,
    0xff, 0xff, 0xff, 0xb0, 0x0, 0x0, 0x0, 0x0,
    0x2, 0xff, 0xff, 0x10, 0x0, 0x0, 0x0, 0x0,
    0xf, 0xff, 0xf3, 0x0, 0x0, 0x0, 0x0, 0x0,
    0xff, 0xff, 0x30, 0x0, 0x0, 0x0, 0x0, 0xf,
    0xff, 0xf3, 0x0, 0x0, 0x0, 0x0, 0x0, 0xff,
    0xff, 0x30, 0x0, 0x0, 0x0, 0x0, 0xf, 0xff,
    0xf3, 0x0, 0x0, 0x0, 0x0, 0x0, 0xff, 0xff,
    0x30, 0x0, 0x0, 0x0, 0x0, 0xf, 0xff, 0xf3,
    0x0, 0x0, 0x0, 0x0, 0x0, 0xff, 0xff, 0x30,
    0x0, 0x0, 0x0, 0x0, 0xf, 0xff, 0xf3, 0x0,
    0x0, 0x0, 0x0, 0x0, 0xff, 0xff, 0x30, 0x0,
    0x0, 0x0, 0x0, 0xe, 0xff, 0xfd, 0x99, 0x99,
    0x20, 0x0, 0x0, 0xcf, 0xff, 0xff, 0xff, 0xf4,
    0x0, 0x0, 0x5, 0xff, 0xff, 0xff, 0xff, 0x40,
    0x0, 0x0, 0x5, 0xdf, 0xff, 0xff, 0xf4,

    /* U+007C "|" */
    0x1, 0x11, 0xc, 0xff, 0xf8, 0xcf, 0xff, 0x8c,
    0xff, 0xf8, 0xcf, 0xff, 0x8c, 0xff, 0xf8, 0xcf,
    0xff, 0x8c, 0xff, 0xf8, 0xcf, 0xff, 0x8c, 0xff,
    0xf8, 0xcf, 0xff, 0x8c, 0xff, 0xf8, 0xcf, 0xff,
    0x8c, 0xff, 0xf8, 0xcf, 0xff, 0x8c, 0xff, 0xf8,
    0xcf, 0xff, 0x8c, 0xff, 0xf8, 0xcf, 0xff, 0x8c,
    0xff, 0xf8, 0xcf, 0xff, 0x8c, 0xff, 0xf8, 0xcf,
    0xff, 0x8c, 0xff, 0xf8, 0xcf, 0xff, 0x8c, 0xff,
    0xf8, 0xcf, 0xff, 0x8c, 0xff, 0xf8, 0xcf, 0xff,
    0x8c, 0xff, 0xf8, 0xcf, 0xff, 0x8c, 0xff, 0xf8,
    0xcf, 0xff, 0x8c, 0xff, 0xf8, 0xcf, 0xff, 0x8c,
    0xff, 0xf8,

    /* U+007D "}" */
    0x49, 0x99, 0x99, 0x86, 0x0, 0x0, 0x0, 0x7,
    0xff, 0xff, 0xff, 0xfd, 0x0, 0x0, 0x0, 0x7f,
    0xff, 0xff, 0xff, 0xf8, 0x0, 0x0, 0x7, 0xff,
    0xff, 0xff, 0xff, 0xb0, 0x0, 0x0, 0x0, 0x0,
    0x9, 0xff, 0xfc, 0x0, 0x0, 0x0, 0x0, 0x0,
    0x5f, 0xff, 0xc0, 0x0, 0x0, 0x0, 0x0, 0x5,
    0xff, 0xfc, 0x0, 0x0, 0x0, 0x0, 0x0, 0x5f,
    0xff, 0xc0, 0x0, 0x0, 0x0, 0x0, 0x5, 0xff,
    0xfc, 0x0, 0x0, 0x0, 0x0, 0x0, 0x5f, 0xff,
    0xc0, 0x0, 0x0, 0x0, 0x0, 0x5, 0xff, 0xfc,
    0x0, 0x0, 0x0, 0x0, 0x0, 0x5f, 0xff, 0xc0,
    0x0, 0x0, 0x0, 0x0, 0x5, 0xff, 0xfc, 0x0,
    0x0, 0x0, 0x0, 0x0, 0x5f, 0xff, 0xc0, 0x0,
    0x0, 0x0, 0x0, 0x4, 0xff, 0xfe, 0x10, 0x0,
    0x0, 0x0, 0x0, 0xd, 0xff, 0xff, 0xff, 0xfa,
    0x0, 0x0, 0x0, 0x18, 0xbf, 0xff, 0xff, 0xa0,
    0x0, 0x0, 0x1, 0x8b, 0xff, 0xff, 0xfa, 0x0,
    0x0, 0x0, 0xdf, 0xff, 0xff, 0xff, 0xa0, 0x0,
    0x0, 0x4f, 0xff, 0xe1, 0x0, 0x0, 0x0, 0x0,
    0x5, 0xff, 0xfc, 0x0, 0x0, 0x0, 0x0, 0x0,
    0x5f, 0xff, 0xc0, 0x0, 0x0, 0x0, 0x0, 0x5,
    0xff, 0xfc, 0x0, 0x0, 0x0, 0x0, 0x0, 0x5f,
    0xff, 0xc0, 0x0, 0x0, 0x0, 0x0, 0x5, 0xff,
    0xfc, 0x0, 0x0, 0x0, 0x0, 0x0, 0x5f, 0xff,
    0xc0, 0x0, 0x0, 0x0, 0x0, 0x5, 0xff, 0xfc,
    0x0, 0x0, 0x0, 0x0, 0x0, 0x5f, 0xff, 0xc0,
    0x0, 0x0, 0x0, 0x0, 0x5, 0xff, 0xfc, 0x0,
    0x0, 0x0, 0x0, 0x0, 0x6f, 0xff, 0xc0, 0x0,
    0x0, 0x49, 0x99, 0x9e, 0xff, 0xfc, 0x0, 0x0,
    0x7, 0xff, 0xff, 0xff, 0xff, 0xa0, 0x0, 0x0,
    0x7f, 0xff, 0xff, 0xff, 0xf3, 0x0, 0x0, 0x7,
    0xff, 0xff, 0xff, 0xc4, 0x0, 0x0, 0x0,

    /* U+007E "~" */
    0x0, 0x0, 0x0, 0x0, 0x0, 0x0, 0x0, 0x0,
    0x0, 0x0, 0x0, 0x0, 0x5c, 0xfe, 0x80, 0x0,
    0x1, 0xbb, 0x0, 0x0, 0x1, 0xbf, 0xff, 0xff,
    0xa0, 0x5, 0xef, 0xf8, 0x0, 0x4, 0xef, 0xff,
    0xff, 0xff, 0xcc, 0xff, 0xff, 0xf4, 0x8, 0xff,
    0xff, 0xff, 0xff, 0xff, 0xff, 0xff, 0xf9, 0x4,
    0xff, 0xff, 0xfc, 0xcf, 0xff, 0xff, 0xff, 0xe4,
    0x0, 0x8, 0xff, 0xf6, 0x0, 0x9f, 0xff, 0xff,
    0xb1, 0x0, 0x0, 0xc, 0xd2, 0x0, 0x0, 0x7e,
    0xfd, 0x60, 0x0, 0x0, 0x0, 0x10, 0x0, 0x0,
    0x0, 0x0, 0x0, 0x0, 0x0, 0x0
};


/*---------------------
 *  GLYPH DESCRIPTION
 *--------------------*/

static const lv_font_fmt_txt_glyph_dsc_t glyph_dsc[] = {
    {.bitmap_index = 0, .adv_w = 0, .box_w = 0, .box_h = 0, .ofs_x = 0, .ofs_y = 0} /* id = 0 reserved */,
    {.bitmap_index = 0, .adv_w = 138, .box_w = 0, .box_h = 0, .ofs_x = 0, .ofs_y = 0},
    {.bitmap_index = 0, .adv_w = 162, .box_w = 8, .box_h = 23, .ofs_x = 1, .ofs_y = 0},
    {.bitmap_index = 92, .adv_w = 280, .box_w = 15, .box_h = 11, .ofs_x = 1, .ofs_y = 12},
    {.bitmap_index = 175, .adv_w = 346, .box_w = 20, .box_h = 23, .ofs_x = 1, .ofs_y = 0},
    {.bitmap_index = 405, .adv_w = 330, .box_w = 19, .box_h = 32, .ofs_x = 1, .ofs_y = -4},
    {.bitmap_index = 709, .adv_w = 412, .box_w = 25, .box_h = 25, .ofs_x = 0, .ofs_y = -1},
    {.bitmap_index = 1022, .adv_w = 322, .box_w = 20, .box_h = 23, .ofs_x = 0, .ofs_y = 0},
    {.bitmap_index = 1252, .adv_w = 160, .box_w = 8, .box_h = 11, .ofs_x = 1, .ofs_y = 12},
    {.bitmap_index = 1296, .adv_w = 217, .box_w = 13, .box_h = 34, .ofs_x = 1, .ofs_y = -8},
    {.bitmap_index = 1517, .adv_w = 212, .box_w = 12, .box_h = 34, .ofs_x = 0, .ofs_y = -8},
    {.bitmap_index = 1721, .adv_w = 294, .box_w = 16, .box_h = 16, .ofs_x = 1, .ofs_y = 7},
    {.bitmap_index = 1849, .adv_w = 337, .box_w = 15, .box_h = 14, .ofs_x = 3, .ofs_y = 5},
    {.bitmap_index = 1954, .adv_w = 160, .box_w = 8, .box_h = 11, .ofs_x = 1, .ofs_y = -5},
    {.bitmap_index = 1998, .adv_w = 235, .box_w = 11, .box_h = 4, .ofs_x = 2, .ofs_y = 7},
    {.bitmap_index = 2020, .adv_w = 162, .box_w = 8, .box_h = 7, .ofs_x = 1, .ofs_y = 0},
    {.bitmap_index = 2048, .adv_w = 211, .box_w = 15, .box_h = 30, .ofs_x = -1, .ofs_y = -7},
    {.bitmap_index = 2273, .adv_w = 353, .box_w = 20, .box_h = 23, .ofs_x = 1, .ofs_y = 0},
    {.bitmap_index = 2503, .adv_w = 246, .box_w = 14, .box_h = 23, .ofs_x = 0, .ofs_y = 0},
    {.bitmap_index = 2664, .adv_w = 323, .box_w = 18, .box_h = 23, .ofs_x = 1, .ofs_y = 0},
    {.bitmap_index = 2871, .adv_w = 331, .box_w = 19, .box_h = 23, .ofs_x = 1, .ofs_y = 0},
    {.bitmap_index = 3090, .adv_w = 346, .box_w = 21, .box_h = 23, .ofs_x = 0, .ofs_y = 0},
    {.bitmap_index = 3332, .adv_w = 326, .box_w = 19, .box_h = 23, .ofs_x = 1, .ofs_y = 0},
    {.bitmap_index = 3551, .adv_w = 336, .box_w = 19, .box_h = 23, .ofs_x = 1, .ofs_y = 0},
    {.bitmap_index = 3770, .adv_w = 301, .box_w = 19, .box_h = 23, .ofs_x = 0, .ofs_y = 0},
    {.bitmap_index = 3989, .adv_w = 326, .box_w = 20, .box_h = 23, .ofs_x = 0, .ofs_y = 0},
    {.bitmap_index = 4219, .adv_w = 336, .box_w = 19, .box_h = 23, .ofs_x = 1, .ofs_y = 0},
    {.bitmap_index = 4438, .adv_w = 162, .box_w = 8, .box_h = 17, .ofs_x = 1, .ofs_y = 0},
    {.bitmap_index = 4506, .adv_w = 162, .box_w = 8, .box_h = 22, .ofs_x = 1, .ofs_y = -5},
    {.bitmap_index = 4594, .adv_w = 337, .box_w = 15, .box_h = 15, .ofs_x = 3, .ofs_y = 4},
    {.bitmap_index = 4707, .adv_w = 337, .box_w = 15, .box_h = 10, .ofs_x = 3, .ofs_y = 7},
    {.bitmap_index = 4782, .adv_w = 337, .box_w = 15, .box_h = 15, .ofs_x = 3, .ofs_y = 4},
    {.bitmap_index = 4895, .adv_w = 314, .box_w = 18, .box_h = 23, .ofs_x = 1, .ofs_y = 0},
    {.bitmap_index = 5102, .adv_w = 552, .box_w = 31, .box_h = 30, .ofs_x = 2, .ofs_y = -7},
    {.bitmap_index = 5567, .adv_w = 345, .box_w = 21, .box_h = 23, .ofs_x = 0, .ofs_y = 0},
    {.bitmap_index = 5809, .adv_w = 361, .box_w = 21, .box_h = 23, .ofs_x = 1, .ofs_y = 0},
    {.bitmap_index = 6051, .adv_w = 350, .box_w = 20, .box_h = 23, .ofs_x = 1, .ofs_y = 0},
    {.bitmap_index = 6281, .adv_w = 362, .box_w = 21, .box_h = 23, .ofs_x = 1, .ofs_y = 0},
    {.bitmap_index = 6523, .adv_w = 301, .box_w = 16, .box_h = 23, .ofs_x = 2, .ofs_y = 0},
    {.bitmap_index = 6707, .adv_w = 290, .box_w = 16, .box_h = 23, .ofs_x = 2, .ofs_y = 0},
    {.bitmap_index = 6891, .adv_w = 360, .box_w = 20, .box_h = 23, .ofs_x = 1, .ofs_y = 0},
    {.bitmap_index = 7121, .adv_w = 357, .box_w = 19, .box_h = 23, .ofs_x = 2, .ofs_y = 0},
    {.bitmap_index = 7340, .adv_w = 144, .box_w = 5, .box_h = 23, .ofs_x = 2, .ofs_y = 0},
    {.bitmap_index = 7398, .adv_w = 332, .box_w = 19, .box_h = 23, .ofs_x = 1, .ofs_y = 0},
    {.bitmap_index = 7617, .adv_w = 341, .box_w = 20, .box_h = 23, .ofs_x = 2, .ofs_y = 0},
    {.bitmap_index = 7847, .adv_w = 295, .box_w = 16, .box_h = 23, .ofs_x = 2, .ofs_y = 0},
    {.bitmap_index = 8031, .adv_w = 480, .box_w = 26, .box_h = 23, .ofs_x = 2, .ofs_y = 0},
    {.bitmap_index = 8330, .adv_w = 364, .box_w = 19, .box_h = 23, .ofs_x = 2, .ofs_y = 0},
    {.bitmap_index = 8549, .adv_w = 368, .box_w = 21, .box_h = 23, .ofs_x = 1, .ofs_y = 0},
    {.bitmap_index = 8791, .adv_w = 329, .box_w = 18, .box_h = 23, .ofs_x = 2, .ofs_y = 0},
    {.bitmap_index = 8998, .adv_w = 368, .box_w = 21, .box_h = 29, .ofs_x = 1, .ofs_y = -6},
    {.bitmap_index = 9303, .adv_w = 344, .box_w = 18, .box_h = 23, .ofs_x = 2, .ofs_y = 0},
    {.bitmap_index = 9510, .adv_w = 330, .box_w = 19, .box_h = 23, .ofs_x = 1, .ofs_y = 0},
    {.bitmap_index = 9729, .adv_w = 320, .box_w = 20, .box_h = 23, .ofs_x = 0, .ofs_y = 0},
    {.bitmap_index = 9959, .adv_w = 366, .box_w = 19, .box_h = 23, .ofs_x = 2, .ofs_y = 0},
    {.bitmap_index = 10178, .adv_w = 336, .box_w = 21, .box_h = 23, .ofs_x = 0, .ofs_y = 0},
    {.bitmap_index = 10420, .adv_w = 489, .box_w = 29, .box_h = 23, .ofs_x = 1, .ofs_y = 0},
    {.bitmap_index = 10754, .adv_w = 350, .box_w = 22, .box_h = 23, .ofs_x = 0, .ofs_y = 0},
    {.bitmap_index = 11007, .adv_w = 339, .box_w = 21, .box_h = 23, .ofs_x = 0, .ofs_y = 0},
    {.bitmap_index = 11249, .adv_w = 313, .box_w = 18, .box_h = 23, .ofs_x = 1, .ofs_y = 0},
    {.bitmap_index = 11456, .adv_w = 195, .box_w = 10, .box_h = 34, .ofs_x = 2, .ofs_y = -8},
    {.bitmap_index = 11626, .adv_w = 211, .box_w = 15, .box_h = 30, .ofs_x = -1, .ofs_y = -7},
    {.bitmap_index = 11851, .adv_w = 195, .box_w = 10, .box_h = 34, .ofs_x = 0, .ofs_y = -8},
    {.bitmap_index = 12021, .adv_w = 337, .box_w = 17, .box_h = 10, .ofs_x = 2, .ofs_y = 14},
    {.bitmap_index = 12106, .adv_w = 337, .box_w = 17, .box_h = 4, .ofs_x = 2, .ofs_y = -5},
    {.bitmap_index = 12140, .adv_w = 161, .box_w = 8, .box_h = 5, .ofs_x = 1, .ofs_y = 18},
    {.bitmap_index = 12160, .adv_w = 314, .box_w = 18, .box_h = 17, .ofs_x = 1, .ofs_y = 0},
    {.bitmap_index = 12313, .adv_w = 347, .box_w = 19, .box_h = 23, .ofs_x = 2, .ofs_y = 0},
    {.bitmap_index = 12532, .adv_w = 319, .box_w = 18, .box_h = 17, .ofs_x = 1, .ofs_y = 0},
    {.bitmap_index = 12685, .adv_w = 347, .box_w = 19, .box_h = 23, .ofs_x = 1, .ofs_y = 0},
    {.bitmap_index = 12904, .adv_w = 314, .box_w = 18, .box_h = 17, .ofs_x = 1, .ofs_y = 0},
    {.bitmap_index = 13057, .adv_w = 237, .box_w = 14, .box_h = 23, .ofs_x = 0, .ofs_y = 0},
    {.bitmap_index = 13218, .adv_w = 347, .box_w = 19, .box_h = 24, .ofs_x = 1, .ofs_y = -7},
    {.bitmap_index = 13446, .adv_w = 335, .box_w = 17, .box_h = 23, .ofs_x = 2, .ofs_y = 0},
    {.bitmap_index = 13642, .adv_w = 145, .box_w = 7, .box_h = 23, .ofs_x = 1, .ofs_y = 0},
    {.bitmap_index = 13723, .adv_w = 146, .box_w = 9, .box_h = 30, .ofs_x = -1, .ofs_y = -7},
    {.bitmap_index = 13858, .adv_w = 307, .box_w = 17, .box_h = 23, .ofs_x = 2, .ofs_y = 0},
    {.bitmap_index = 14054, .adv_w = 145, .box_w = 5, .box_h = 23, .ofs_x = 2, .ofs_y = 0},
    {.bitmap_index = 14112, .adv_w = 465, .box_w = 25, .box_h = 17, .ofs_x = 2, .ofs_y = 0},
    {.bitmap_index = 14325, .adv_w = 335, .box_w = 17, .box_h = 17, .ofs_x = 2, .ofs_y = 0},
    {.bitmap_index = 14470, .adv_w = 333, .box_w = 19, .box_h = 17, .ofs_x = 1, .ofs_y = 0},
    {.bitmap_index = 14632, .adv_w = 347, .box_w = 19, .box_h = 24, .ofs_x = 2, .ofs_y = -7},
    {.bitmap_index = 14860, .adv_w = 347, .box_w = 19, .box_h = 24, .ofs_x = 1, .ofs_y = -7},
    {.bitmap_index = 15088, .adv_w = 215, .box_w = 11, .box_h = 17, .ofs_x = 2, .ofs_y = 0},
    {.bitmap_index = 15182, .adv_w = 285, .box_w = 16, .box_h = 17, .ofs_x = 1, .ofs_y = 0},
    {.bitmap_index = 15318, .adv_w = 248, .box_w = 15, .box_h = 22, .ofs_x = 0, .ofs_y = 0},
    {.bitmap_index = 15483, .adv_w = 335, .box_w = 17, .box_h = 17, .ofs_x = 2, .ofs_y = 0},
    {.bitmap_index = 15628, .adv_w = 298, .box_w = 19, .box_h = 17, .ofs_x = 0, .ofs_y = 0},
    {.bitmap_index = 15790, .adv_w = 426, .box_w = 25, .box_h = 17, .ofs_x = 1, .ofs_y = 0},
    {.bitmap_index = 16003, .adv_w = 322, .box_w = 20, .box_h = 17, .ofs_x = 0, .ofs_y = 0},
    {.bitmap_index = 16173, .adv_w = 335, .box_w = 17, .box_h = 24, .ofs_x = 2, .ofs_y = -7},
    {.bitmap_index = 16377, .adv_w = 282, .box_w = 15, .box_h = 17, .ofs_x = 1, .ofs_y = 0},
    {.bitmap_index = 16505, .adv_w = 254, .box_w = 15, .box_h = 34, .ofs_x = 1, .ofs_y = -8},
    {.bitmap_index = 16760, .adv_w = 140, .box_w = 5, .box_h = 36, .ofs_x = 2, .ofs_y = -8},
    {.bitmap_index = 16850, .adv_w = 254, .box_w = 15, .box_h = 34, .ofs_x = 0, .ofs_y = -8},
    {.bitmap_index = 17105, .adv_w = 337, .box_w = 19, .box_h = 9, .ofs_x = 1, .ofs_y = 7}
};

/*---------------------
 *  CHARACTER MAPPING
 *--------------------*/



/*Collect the unicode lists and glyph_id offsets*/
static const lv_font_fmt_txt_cmap_t cmaps[] =
{
    {
        .range_start = 32, .range_length = 95, .glyph_id_start = 1,
        .unicode_list = NULL, .glyph_id_ofs_list = NULL, .list_length = 0, .type = LV_FONT_FMT_TXT_CMAP_FORMAT0_TINY
    }
};

/*-----------------
 *    KERNING
 *----------------*/


/*Map glyph_ids to kern left classes*/
static const uint8_t kern_left_class_mapping[] =
{
    0, 1, 0, 2, 0, 0, 0, 0,
    2, 3, 0, 0, 0, 4, 5, 6,
    7, 8, 0, 9, 10, 11, 12, 13,
    14, 15, 16, 0, 0, 0, 0, 0,
    0, 0, 17, 18, 19, 20, 0, 21,
    22, 0, 0, 23, 24, 25, 0, 0,
    20, 26, 20, 27, 28, 29, 30, 31,
    32, 33, 34, 35, 36, 37, 0, 0,
    0, 0, 38, 39, 39, 0, 39, 40,
    0, 41, 42, 42, 43, 0, 41, 41,
    39, 39, 0, 44, 45, 46, 0, 47,
    48, 49, 0, 50, 36, 0, 51, 0
};

/*Map glyph_ids to kern right classes*/
static const uint8_t kern_right_class_mapping[] =
{
    0, 1, 0, 2, 0, 0, 0, 0,
    2, 0, 3, 0, 0, 4, 5, 4,
    6, 7, 8, 9, 0, 10, 0, 11,
    12, 13, 14, 0, 0, 0, 0, 0,
    15, 0, 16, 17, 18, 17, 0, 0,
    18, 0, 0, 19, 0, 0, 0, 0,
    18, 0, 18, 0, 20, 21, 22, 23,
    24, 25, 26, 27, 0, 28, 29, 0,
    0, 0, 30, 0, 31, 31, 31, 32,
    31, 0, 33, 34, 0, 35, 36, 36,
    31, 36, 31, 36, 37, 38, 39, 40,
    41, 42, 39, 43, 44, 0, 29, 0
};

/*Kern values between classes*/
static const int8_t kern_class_values[] =
{
    0, 0, 0, -16, -14, 0, 0, 0,
    0, 0, 0, 0, 0, 0, 0, -7,
    0, 0, 0, 0, -16, 0, -7, -3,
    0, -5, 0, 0, 0, 0, 0, 0,
    0, 0, 0, 0, 0, 0, 0, 0,
    0, 0, 0, -14, 0, 0, 0, 0,
    0, 0, 0, 0, 0, -23, 0, 0,
    0, 0, 0, -35, 0, 0, -42, 0,
    0, 0, 0, 0, 0, 0, 0, 0,
    0, -12, -13, 5, 0, 0, 0, 0,
    -5, 5, 0, 0, 0, 0, 0, 0,
    0, 0, 9, 0, 0, 0, -5, -16,
    -2, -22, -5, 0, -5, -5, 0, -5,
    0, -7, -22, 0, 0, 0, 0, 0,
    0, 0, 0, 0, 0, -5, -11, -5,
    0, 24, 0, 0, -5, -5, -5, -13,
    -9, 0, 0, 0, -16, 0, 0, 0,
    0, 0, -7, -28, 0, 0, -5, -18,
    0, -1, 0, 0, 0, -10, 0, 0,
    -52, -8, -36, -21, 0, -60, 0, 0,
    0, 0, -3, -36, 0, 11, 0, 0,
    0, -36, 0, -22, -13, 0, 0, 0,
    -14, 0, 0, 0, 0, 0, 0, 0,
    0, 0, 0, -24, 0, 0, 0, -4,
    0, 0, 0, 0, -41, 0, -20, -5,
    -22, -53, -9, 0, 0, 0, 0, -12,
    0, 0, 0, 0, 0, -12, 0, -7,
    -3, -20, -12, 0, -16, 0, 0, 0,
    0, 0, -7, -28, 0, 0, -5, -18,
    0, -1, 0, 0, 0, -10, 0, 0,
    -52, -8, -36, -21, 0, -60, 0, 0,
    0, 0, -3, -36, 0, 0, 0, 0,
    0, -36, 0, -22, -13, 0, 0, 0,
    0, 0, 0, 0, 0, 0, 0, 0,
    0, 0, 0, 0, 0, 0, 0, 0,
    0, 0, -10, 0, 11, 0, 11, 0,
    0, 0, 0, 0, 0, -8, -8, 0,
    16, 16, 0, 0, -5, 0, 0, 0,
    0, 0, 0, 0, 0, 0, -5, -7,
    0, 0, 0, 0, 0, 0, 0, -11,
    0, 0, 0, 0, 0, 0, 0, 0,
    0, 0, 0, 0, 0, 0, 0, 0,
    -5, 0, 0, 0, 0, 0, 0, 0,
    0, 0, 0, 0, 0, 0, 0, 0,
    0, 0, 0, 0, 0, 0, 0, 0,
    0, -9, 0, -5, 0, -2, 0, 0,
    0, 0, 0, 0, 0, 0, 0, 0,
    0, 0, 0, 0, 0, 0, 0, 0,
    0, 0, 0, 0, 0, 0, 0, 0,
    0, 0, 0, 0, 0, 0, 0, 0,
    0, 0, 0, -10, 0, 0, 0, 0,
    0, 0, 0, 0, 0, 0, 0, 0,
    0, 0, 0, 0, 0, 0, 0, 0,
    0, 0, 0, 0, 0, 0, 0, 0,
    0, 0, 0, 0, 0, 0, 0, 0,
    0, -22, 0, 0, 0, 0, 0, -21,
    0, 0, 0, -23, 0, 0, 0, 0,
    0, 0, 0, 0, 0, 0, 0, 0,
    0, 0, 0, 0, 0, 0, 0, 0,
    0, 0, 0, 0, 0, 0, 0, 0,
    0, 0, 0, 0, 0, 0, 0, 0,
    0, 0, 0, -10, -4, 0, 0, -7,
    0, 0, 0, 0, 0, 0, 0, 0,
    0, 0, 0, 0, 0, 0, 0, 0,
    0, 0, 0, 0, 0, 0, 0, 0,
    0, 0, 0, 0, 0, 0, 0, 0,
    0, 0, -5, -1, 0, 0, 0, -2,
    -2, 0, 0, -9, 0, 0, 0, 0,
    0, 0, 0, 0, 0, 0, 0, 0,
    0, 0, 0, 0, -4, 0, 0, 0,
    0, 0, 0, 0, 0, 0, 0, 0,
    0, 0, 0, 0, 0, 0, 0, -37,
    -23, 0, -2, -5, -2, -25, -2, 0,
    0, 0, 0, 0, 0, 0, 0, 0,
    0, 0, 0, 0, 0, 0, 0, 0,
    0, 0, 0, 0, 0, 0, 0, 0,
    0, 0, 0, 0, 0, 0, 0, 0,
    0, 0, -5, 0, 0, 0, 0, 0,
    0, 0, 0, -5, 0, 0, 0, 0,
    0, 0, 0, 0, 0, 0, 0, 0,
    0, 0, 0, 0, -5, 0, 0, 0,
    0, 0, 0, 0, 0, 0, 0, 0,
    0, 0, 0, 0, 0, 0, -5, -5,
    0, 0, 0, 0, 0, 0, 0, -11,
    0, 0, 0, 0, 0, 0, 0, 0,
    0, 0, 0, 0, 0, 0, 0, 0,
    -5, 0, 0, 0, 0, 0, 0, 0,
    0, 0, 0, 0, 0, 0, 0, 0,
    -7, -35, -5, 0, -4, 0, 0, 0,
    0, 0, 0, 0, 0, 0, -23, 0,
    0, -3, 0, 0, -35, -5, -25, -10,
    0, -39, 0, 0, 0, 0, 0, -14,
    0, 0, 0, 0, 0, -14, 0, -5,
    -2, 0, 0, 0, 0, 0, -2, 0,
    0, 0, 0, 0, 0, 0, 0, 0,
    0, 0, 0, -3, 0, 0, 0, 0,
    -7, 0, -3, 0, -9, -8, 0, 0,
    0, 0, 0, 0, 0, 0, 0, 0,
    0, 0, 0, 0, 0, 0, 0, 0,
    0, 0, 0, 0, 0, 0, 0, 0,
    0, 0, 0, 0, 0, 0, 0, -4,
    0, 0, 0, 0, -8, 0, -4, 0,
    -7, -10, -3, 0, 0, 0, 0, 0,
    0, 0, 0, 0, 0, 0, 0, 0,
    0, 0, 0, 0, 0, 0, -7, -10,
    0, -12, 0, 0, 0, 0, 0, 0,
    0, 0, 0, -3, -12, 0, 0, 0,
    -15, 0, -8, -3, -13, -15, -7, 0,
    0, 0, 0, 0, 0, 0, 0, 0,
    0, 0, 0, 0, 0, 0, 0, 0,
    0, 0, 0, -40, 0, -16, 0, 0,
    0, 0, 0, 0, 0, 0, 0, -24,
    0, -3, 0, 0, 0, 0, 0, 0,
    0, 0, 0, 0, 0, -4, -2, 0,
    0, 0, 0, 0, -4, 0, 0, 0,
    0, 0, 0, 0, 0, -5, 0, 0,
    0, 0, 0, 0, 0, 0, 0, 0,
    0, 0, 0, 0, 0, 0, 0, 0,
    -17, 0, -11, -3, 0, -18, 0, 0,
    0, 0, 0, 0, 0, 0, 0, 0,
    0, 0, 0, 0, 0, 0, 0, 0,
    0, 0, 0, -35, -29, -31, 0, 0,
    0, 0, 0, 0, 0, 0, 0, -21,
    0, -10, -20, 0, 0, 0, 0, 0,
    0, 0, 0, 8, 0, -18, -21, 0,
    0, 0, 0, -18, 0, 0, -18, 0,
    0, 0, 0, 0, 0, 0, 0, 0,
    -21, 0, 0, 0, 0, 0, 0, 0,
    0, 0, 0, 0, 0, -16, 0, -4,
    0, 0, 0, 0, 0, 0, 0, 0,
    0, 0, -8, -16, 0, 0, 0, 0,
    -4, -16, -7, -14, -7, 0, 0, 0,
    -16, -57, -4, 0, -20, 0, 0, 0,
    0, 0, 0, 0, 0, 0, 0, 0,
    0, -13, 0, 0, -52, -11, -38, -7,
    0, -62, 0, -21, 0, 0, 0, -26,
    0, 0, 0, 0, 0, -26, 0, -17,
    -4, 0, 0, 0, 0, 0, -3, -53,
    -16, -41, 0, 0, 0, 0, 0, 0,
    0, 0, 0, -29, -2, 0, -22, 0,
    -1, 0, -2, 0, -12, -4, -10, 0,
    0, -5, -7, 0, 0, 0, 0, 0,
    -5, 0, 0, 0, 0, 0, 0, 0,
    0, 0, -2, 0, 0, 0, 0, 0,
    0, 0, 0, 0, 0, 0, 0, 0,
    0, 0, 0, 0, -7, 0, -7, 0,
    0, -10, 0, 0, 0, 0, 0, 0,
    0, 0, 0, 0, 0, 0, 0, 0,
    0, 0, 0, 0, 0, 0, 0, 0,
    0, -4, 0, 0, 0, 0, 0, 0,
    0, 0, 0, 0, -2, 0, 0, 0,
    -12, 0, -5, 0, -8, -12, 0, 0,
    0, 0, 0, 0, 0, 0, 0, 0,
    0, 0, 0, 0, 0, 0, 0, 0,
    -16, 0, 0, -52, -41, -44, 0, 0,
    0, 0, 0, 0, 0, 0, 0, -35,
    0, -15, -48, -7, 0, 0, 0, 0,
    0, 0, 0, 11, 0, -47, -51, -33,
    -7, -7, 0, -37, -41, -33, -39, -37,
    -37, -44, -40, 0, 0, 0, 0, -8,
    0, -9, 0, 0, 0, 0, 0, 0,
    0, 0, 0, -5, 0, 0, 0, 0,
    0, 0, 0, 0, 0, 0, 0, 0,
    0, 0, 0, 0, 0, 0, 0, 0,
    0, 0, 0, 0, 0, 0, 0, 0,
    -7, 0, 0, -36, -20, -33, 0, 0,
    0, 0, 0, 0, 0, 0, 0, -25,
    0, -8, 0, -4, 0, 0, 0, 0,
    0, 0, 0, 11, 0, -16, -16, -5,
    0, 0, 0, -4, -14, -5, -7, -9,
    -8, -13, -3, 0, -3, 0, 0, -21,
    -5, -14, 0, 0, 0, 0, 0, 0,
    0, 0, 0, -10, 0, -3, 0, 0,
    0, 0, 0, 0, 0, 0, 0, 0,
    0, -3, -3, -2, 0, 0, 0, 0,
    0, -2, 0, 0, 0, 0, 0, 0,
    0, 0, 0, 0, -22, 0, 0, 0,
    0, 0, 0, 0, 0, 0, 0, 0,
    0, -13, -4, -7, 0, 0, 0, 0,
    0, 0, 0, 0, 0, -2, -9, -10,
    0, 0, 0, 0, -4, -10, -4, -8,
    -4, 0, 0, 0, -5, 0, 0, -60,
    -53, -41, 0, 0, 0, 0, 0, 0,
    0, 0, 0, -39, 0, -15, -57, -11,
    0, 0, 0, 0, 0, 0, 0, 0,
    0, -46, -48, -27, 0, 0, 0, -41,
    -44, -27, -41, -35, -34, -37, -42, 0,
    0, 0, 0, 0, -20, 0, 0, 0,
    0, 0, 0, 0, 0, 0, 0, 0,
    0, -7, 0, 0, 0, 0, 0, 0,
    0, 0, 0, 0, 0, 0, -4, -7,
    0, 0, 0, 0, -1, -7, -3, -3,
    0, 0, 0, 0, 0, 0, 0, 0,
    0, 0, -5, -16, 0, -15, -5, 0,
    -5, -4, 0, 0, 0, 0, 0, 0,
    0, 0, 0, 0, 0, 0, 0, 0,
    0, 0, -5, 0, 0, 22, 0, 0,
    0, 0, 0, 0, 0, 0, 0, 0,
    0, 0, 0, 0, 0, 0, 0, 0,
    0, 0, 0, 0, 0, 0, 0, 0,
    0, -12, -5, -4, -44, -9, -33, -14,
    0, -41, 0, 0, 0, -3, -8, -33,
    0, 40, 0, 0, -5, -33, -12, -11,
    -4, 0, 0, 0, 0, -13, -10, 0,
    -5, 0, 0, 0, 0, 0, 0, 0,
    0, 0, -13, 0, 0, 0, 0, 0,
    0, 0, 0, 0, 0, 0, 0, -11,
    0, 0, -5, -20, 0, 0, 0, 0,
    -2, -20, -8, -15, -1, 0, 0, 0,
    0, -13, -11, -3, 0, -8, 0, 0,
    0, 0, 0, 0, 0, 0, 0, 0,
    0, 0, 0, 0, 0, 0, 0, 0,
    0, 0, 0, -8, -5, 0, 0, -9,
    0, 0, 0, 0, 0, -9, 0, -8,
    -1, -17, -4, 0, 0, 5, 0, -37,
    -5, -20, 0, 0, 0, 0, 0, 0,
    0, 0, 0, 0, 0, 0, 0, 0,
    0, 0, 0, 0, 0, 0, 0, 11,
    0, -4, -9, -60, -15, -15, -15, 0,
    -2, -5, 0, 0, 0, 0, 0, 0,
    0, -10, -5, 0, 0, 0, 0, 0,
    0, 0, 0, 0, 0, 0, 0, 0,
    0, 0, 0, 0, 0, 0, 0, 0,
    0, 0, 0, -12, -1, 0, 0, -8,
    0, 0, 0, 0, 0, -8, -4, -8,
    0, 0, 0, 0, 0, 0, 0, 0,
    0, 0, 0, 0, 0, 0, 0, 0,
    0, 0, 0, 0, 0, 0, 0, 0,
    0, 0, 0, 0, 0, 0, 0, 16,
    0, 0, 0, 0, 0, 0, 0, 0,
    0, 0, 0, 0, 0, 0, 0, 0,
    0, 0, 0, 0, -20, 0, 0, 0,
    0, 0, 0, 0, 0, 0, 0, 0,
    0, 0, 0, 0, 0, 0, 0, 0,
    0, 0, 0, 0, 0, -5, -16, 0,
    0, 0, 0, 0, -8, 0, 0, 0,
    0, 0, 0, 0, 0, 0, 0, -44,
    -7, -18, 0, 0, 0, 0, 0, 0,
    0, 0, 0, 0, 0, 0, 0, 0,
    0, 0, 0, 0, 0, 0, 0, 0,
    0, -7, -10, 0, 0, 0, 0, 0,
    -7, 0, 0, 0, 0, 0, 0, 0,
    0, -8, -5, 0, 0, -5, 0, 0,
    0, 0, 0, 0, 0, 0, 0, 0,
    0, 0, 0, 0, 0, 0, 0, 0,
    0, 0, 0, -5, 0, -2, 0, -5,
    0, 0, 0, 0, 0, -5, 0, -11,
    0, -4, 0, 0, 0, 5, 0, 0,
    -11, 0, 0, 0, 0, 0, 0, 0,
    0, 0, 0, 0, 0, 0, 0, 0,
    0, 0, 0, 0, 0, 0, 0, 0,
    0, 0, -10, -13, 0, 0, 0, 0,
    0, -71, 0, 0, 0, 0, 0, 0,
    0, 0, -13, -22, -7, -11, 0, 0,
    0, 0, 0, 0, 0, 0, 0, 0,
    0, 0, 0, 0, 0, 0, 0, 0,
    0, 0, 0, 0, 0, -7, -8, 0,
    0, 0, 0, 0, -7, 0, 0, 0,
    0, 0, 0, 0, 0, 0, -9, -13,
    -3, -4, 0, 0, 0, 0, 0, 0,
    0, 0, 0, 0, 0, 0, 0, 0,
    0, 0, 0, 0, 0, 0, 0, 0,
    0, 0, -1, 0, 0, 0, 0, 0,
    0, 0, 0, 0, 0, 0, 0, 0,
    0, 0, 0, 0, -20, 0, 0, 0,
    0, 0, 0, 0, 0, 0, 0, 0,
    0, 0, 0, 0, 0, 0, 0, 0,
    0, 0, 0, 0, 0, -4, -17, 0,
    0, 0, 0, 0, -4, 0, 0, 0,
    0, 0, 0, 0, 0, 0, 0, 0,
    -12, 0, 0, 0, 0, 0, 0, 0,
    0, 0, 0, 0, 0, 0, 0, 0,
    0, 0, 0, 0, 0, 0, 0, 0,
    0, 0, -4, 0, 0, 0, 0, 0,
    0, 0, 0, 0, 0, 0, 0, 0,
    -14, 0, 0, 0, 0, 0, 0, 0,
    0, 0, 0, 0, 0, 0, 0, 0,
    0, 0, 0, 0, 0, 0, 0, 0,
    0, 0, 0, 0, 0, 0, 0, 0,
    0, 0, 0, 0, 0, 0, 0, 0,
    0, 0, 0, 0
};


/*Collect the kern class' data in one place*/
static const lv_font_fmt_txt_kern_classes_t kern_classes =
{
    .class_pair_values   = kern_class_values,
    .left_class_mapping  = kern_left_class_mapping,
    .right_class_mapping = kern_right_class_mapping,
    .left_class_cnt      = 51,
    .right_class_cnt     = 44,
};

/*--------------------
 *  ALL CUSTOM DATA
 *--------------------*/

#if LVGL_VERSION_MAJOR == 8
/*Store all the custom data of the font*/
static  lv_font_fmt_txt_glyph_cache_t cache;
#endif

#if LVGL_VERSION_MAJOR >= 8
static const lv_font_fmt_txt_dsc_t font_dsc = {
#else
static lv_font_fmt_txt_dsc_t font_dsc = {
#endif
    .glyph_bitmap = glyph_bitmap,
    .glyph_dsc = glyph_dsc,
    .cmaps = cmaps,
    .kern_dsc = &kern_classes,
    .kern_scale = 16,
    .cmap_num = 1,
    .bpp = 4,
    .kern_classes = 1,
    .bitmap_format = 0,
#if LVGL_VERSION_MAJOR == 8
    .cache = &cache
#endif
};



/*-----------------
 *  PUBLIC FONT
 *----------------*/

/*Initialize a public general font descriptor*/
#if LVGL_VERSION_MAJOR >= 8
const lv_font_t lv_font_grotesk_34 = {
#else
lv_font_t lv_font_grotesk_34 = {
#endif
    .get_glyph_dsc = lv_font_get_glyph_dsc_fmt_txt,    /*Function pointer to get glyph's data*/
    .get_glyph_bitmap = lv_font_get_bitmap_fmt_txt,    /*Function pointer to get glyph's bitmap*/
    .line_height = 36,          /*The maximum line height required by the font*/
    .base_line = 8,             /*Baseline measured from the bottom of the line*/
#if !(LVGL_VERSION_MAJOR == 6 && LVGL_VERSION_MINOR == 0)
    .subpx = LV_FONT_SUBPX_NONE,
#endif
#if LV_VERSION_CHECK(7, 4, 0) || LVGL_VERSION_MAJOR >= 8
    .underline_position = -3,
    .underline_thickness = 2,
#endif
    .dsc = &font_dsc,          /*The custom font data. Will be accessed by `get_glyph_bitmap/dsc` */
#if LV_VERSION_CHECK(8, 2, 0) || LVGL_VERSION_MAJOR >= 9
    .fallback = NULL,
#endif
    .user_data = NULL,
};



#endif /*#if LV_FONT_GROTESK_34*/

