/*******************************************************************************
 * Size: 64 px
 * Bpp: 4
 * Opts: --font ../../../gz_v2/hub_firmware/tools/fonts/sg700.ttf --size 64 --bpp 4 --format lvgl -r 0x20-0x7F,0xB0,0xB5,0xAE --no-compress --lv-font-name lv_font_grotesk_64 -o main/ui/lv_font_grotesk_64.c
 ******************************************************************************/

#ifdef LV_LVGL_H_INCLUDE_SIMPLE
#include "lvgl.h"
#else
#include "lvgl.h"
#endif

#ifndef LV_FONT_GROTESK_64
#define LV_FONT_GROTESK_64 1
#endif

#if LV_FONT_GROTESK_64

/*-----------------
 *    BITMAPS
 *----------------*/

/*Store the image of the glyphs*/
static LV_ATTRIBUTE_LARGE_CONST const uint8_t glyph_bitmap[] = {
    /* U+0020 " " */

    /* U+0021 "!" */
    0x0, 0x9f, 0xff, 0xff, 0xff, 0xa0, 0x0, 0x9,
    0xff, 0xff, 0xff, 0xfa, 0x0, 0x0, 0x9f, 0xff,
    0xff, 0xff, 0xa0, 0x0, 0x9, 0xff, 0xff, 0xff,
    0xfa, 0x0, 0x0, 0x9f, 0xff, 0xff, 0xff, 0xa0,
    0x0, 0x9, 0xff, 0xff, 0xff, 0xfa, 0x0, 0x0,
    0x9f, 0xff, 0xff, 0xff, 0xa0, 0x0, 0x9, 0xff,
    0xff, 0xff, 0xfa, 0x0, 0x0, 0x9f, 0xff, 0xff,
    0xff, 0xa0, 0x0, 0x9, 0xff, 0xff, 0xff, 0xfa,
    0x0, 0x0, 0x9f, 0xff, 0xff, 0xff, 0xa0, 0x0,
    0x9, 0xff, 0xff, 0xff, 0xfa, 0x0, 0x0, 0x9f,
    0xff, 0xff, 0xff, 0xa0, 0x0, 0x9, 0xff, 0xff,
    0xff, 0xfa, 0x0, 0x0, 0x9f, 0xff, 0xff, 0xff,
    0xa0, 0x0, 0x9, 0xff, 0xff, 0xff, 0xfa, 0x0,
    0x0, 0x9f, 0xff, 0xff, 0xff, 0xa0, 0x0, 0x9,
    0xff, 0xff, 0xff, 0xfa, 0x0, 0x0, 0x9f, 0xff,
    0xff, 0xff, 0xa0, 0x0, 0x9, 0xff, 0xff, 0xff,
    0xfa, 0x0, 0x0, 0x9f, 0xff, 0xff, 0xff, 0xa0,
    0x0, 0x9, 0xff, 0xff, 0xff, 0xfa, 0x0, 0x0,
    0x9f, 0xff, 0xff, 0xff, 0xa0, 0x0, 0x9, 0xff,
    0xff, 0xff, 0xfa, 0x0, 0x0, 0x9f, 0xff, 0xff,
    0xff, 0xa0, 0x0, 0x9, 0xff, 0xff, 0xff, 0xfa,
    0x0, 0x0, 0x9f, 0xff, 0xff, 0xff, 0xa0, 0x0,
    0x9, 0xff, 0xff, 0xff, 0xfa, 0x0, 0x0, 0x9f,
    0xff, 0xff, 0xff, 0xa0, 0x0, 0x9, 0xff, 0xff,
    0xff, 0xfa, 0x0, 0x0, 0x36, 0x66, 0x66, 0x66,
    0x40, 0x0, 0x0, 0x0, 0x0, 0x0, 0x0, 0x0,
    0x0, 0x0, 0x0, 0x0, 0x0, 0x0, 0x0, 0x0,
    0x0, 0x34, 0x30, 0x0, 0x0, 0x0, 0x8, 0xef,
    0xff, 0xf9, 0x0, 0x0, 0xc, 0xff, 0xff, 0xff,
    0xfd, 0x10, 0xa, 0xff, 0xff, 0xff, 0xff, 0xfb,
    0x2, 0xff, 0xff, 0xff, 0xff, 0xff, 0xf3, 0x6f,
    0xff, 0xff, 0xff, 0xff, 0xff, 0x78, 0xff, 0xff,
    0xff, 0xff, 0xff, 0xf9, 0x7f, 0xff, 0xff, 0xff,
    0xff, 0xff, 0x85, 0xff, 0xff, 0xff, 0xff, 0xff,
    0xf6, 0xf, 0xff, 0xff, 0xff, 0xff, 0xff, 0x10,
    0x6f, 0xff, 0xff, 0xff, 0xff, 0x70, 0x0, 0x8f,
    0xff, 0xff, 0xff, 0x90, 0x0, 0x0, 0x3a, 0xef,
    0xeb, 0x40, 0x0,

    /* U+0022 "\"" */
    0x0, 0x5, 0xbe, 0xfe, 0xa3, 0x0, 0x0, 0x0,
    0x4, 0xbe, 0xfe, 0xa4, 0x0, 0x0, 0xa, 0xff,
    0xff, 0xff, 0xf7, 0x0, 0x0, 0x9, 0xff, 0xff,
    0xff, 0xf8, 0x0, 0x9, 0xff, 0xff, 0xff, 0xff,
    0xf5, 0x0, 0x7, 0xff, 0xff, 0xff, 0xff, 0xf6,
    0x1, 0xff, 0xff, 0xff, 0xff, 0xff, 0xd0, 0x1,
    0xff, 0xff, 0xff, 0xff, 0xff, 0xe0, 0x6f, 0xff,
    0xff, 0xff, 0xff, 0xff, 0x20, 0x5f, 0xff, 0xff,
    0xff, 0xff, 0xff, 0x38, 0xff, 0xff, 0xff, 0xff,
    0xff, 0xf4, 0x7, 0xff, 0xff, 0xff, 0xff, 0xff,
    0xf6, 0x7f, 0xff, 0xff, 0xff, 0xff, 0xff, 0x50,
    0x6f, 0xff, 0xff, 0xff, 0xff, 0xff, 0x64, 0xff,
    0xff, 0xff, 0xff, 0xff, 0xf5, 0x3, 0xff, 0xff,
    0xff, 0xff, 0xff, 0xf7, 0xd, 0xff, 0xff, 0xff,
    0xff, 0xff, 0x50, 0xc, 0xff, 0xff, 0xff, 0xff,
    0xff, 0x70, 0x2e, 0xff, 0xff, 0xff, 0xff, 0xf5,
    0x0, 0x2e, 0xff, 0xff, 0xff, 0xff, 0xf7, 0x0,
    0x1a, 0xff, 0xff, 0xff, 0xff, 0x50, 0x0, 0x1a,
    0xff, 0xff, 0xff, 0xff, 0x70, 0x0, 0x1, 0x45,
    0xaf, 0xff, 0xf5, 0x0, 0x0, 0x0, 0x35, 0x9f,
    0xff, 0xf7, 0x0, 0x0, 0x0, 0x8, 0xff, 0xff,
    0x50, 0x0, 0x0, 0x0, 0x6, 0xff, 0xff, 0x70,
    0x0, 0x0, 0x0, 0x8f, 0xff, 0xf5, 0x0, 0x0,
    0x0, 0x0, 0x7f, 0xff, 0xf6, 0x0, 0x0, 0x0,
    0xa, 0xff, 0xff, 0x40, 0x0, 0x0, 0x0, 0x9,
    0xff, 0xff, 0x60, 0x0, 0x0, 0x1, 0xff, 0xff,
    0xf3, 0x0, 0x0, 0x0, 0x1, 0xef, 0xff, 0xf4,
    0x0, 0x66, 0x68, 0xef, 0xff, 0xff, 0x0, 0x0,
    0x56, 0x68, 0xef, 0xff, 0xff, 0x10, 0xf, 0xff,
    0xff, 0xff, 0xff, 0xa0, 0x0, 0xd, 0xff, 0xff,
    0xff, 0xff, 0xb0, 0x0, 0xff, 0xff, 0xff, 0xff,
    0xf2, 0x0, 0x0, 0xdf, 0xff, 0xff, 0xff, 0xf2,
    0x0, 0xf, 0xff, 0xff, 0xff, 0xe3, 0x0, 0x0,
    0xd, 0xff, 0xff, 0xff, 0xe4, 0x0, 0x0, 0xff,
    0xff, 0xeb, 0x70, 0x0, 0x0, 0x0, 0xdf, 0xff,
    0xec, 0x71, 0x0, 0x0,

    /* U+0023 "#" */
    0x0, 0x0, 0x0, 0x2, 0x44, 0x44, 0x44, 0x30,
    0x0, 0x0, 0x0, 0x44, 0x44, 0x44, 0x41, 0x0,
    0x0, 0x0, 0x0, 0x0, 0x0, 0x0, 0x8f, 0xff,
    0xff, 0xfc, 0x0, 0x0, 0x0, 0x1f, 0xff, 0xff,
    0xff, 0x30, 0x0, 0x0, 0x0, 0x0, 0x0, 0x0,
    0x8, 0xff, 0xff, 0xff, 0xc0, 0x0, 0x0, 0x1,
    0xff, 0xff, 0xff, 0xf3, 0x0, 0x0, 0x0, 0x0,
    0x0, 0x0, 0x0, 0x8f, 0xff, 0xff, 0xfc, 0x0,
    0x0, 0x0, 0x1f, 0xff, 0xff, 0xff, 0x30, 0x0,
    0x0, 0x0, 0x0, 0x0, 0x0, 0x8, 0xff, 0xff,
    0xff, 0xc0, 0x0, 0x0, 0x1, 0xff, 0xff, 0xff,
    0xf3, 0x0, 0x0, 0x0, 0x0, 0x0, 0x0, 0x0,
    0x8f, 0xff, 0xff, 0xfc, 0x0, 0x0, 0x0, 0x1f,
    0xff, 0xff, 0xff, 0x30, 0x0, 0x0, 0x0, 0x0,
    0x0, 0x0, 0x8, 0xff, 0xff, 0xff, 0xc0, 0x0,
    0x0, 0x1, 0xff, 0xff, 0xff, 0xf3, 0x0, 0x0,
    0x0, 0x0, 0x0, 0x0, 0x0, 0x8f, 0xff, 0xff,
    0xfc, 0x0, 0x0, 0x0, 0x1f, 0xff, 0xff, 0xff,
    0x30, 0x0, 0x0, 0x0, 0x0, 0x0, 0x0, 0x8,
    0xff, 0xff, 0xff, 0xc0, 0x0, 0x0, 0x1, 0xff,
    0xff, 0xff, 0xf3, 0x0, 0x0, 0x0, 0x0, 0x0,
    0x0, 0x0, 0x8f, 0xff, 0xff, 0xfc, 0x0, 0x0,
    0x0, 0x1f, 0xff, 0xff, 0xff, 0x30, 0x0, 0x0,
    0x0, 0x0, 0x0, 0x0, 0x8, 0xff, 0xff, 0xff,
    0xc0, 0x0, 0x0, 0x1, 0xff, 0xff, 0xff, 0xf3,
    0x0, 0x0, 0x0, 0x0, 0x0, 0x0, 0x0, 0x8f,
    0xff, 0xff, 0xfc, 0x0, 0x0, 0x0, 0x1f, 0xff,
    0xff, 0xff, 0x30, 0x0, 0x0, 0x0, 0x0, 0x0,
    0x0, 0x8, 0xff, 0xff, 0xff, 0xc0, 0x0, 0x0,
    0x1, 0xff, 0xff, 0xff, 0xf3, 0x0, 0x0, 0x0,
    0x7, 0xff, 0xff, 0xff, 0xff, 0xff, 0xff, 0xff,
    0xff, 0xff, 0xff, 0xff, 0xff, 0xff, 0xff, 0xff,
    0xff, 0xff, 0xf2, 0x7f, 0xff, 0xff, 0xff, 0xff,
    0xff, 0xff, 0xff, 0xff, 0xff, 0xff, 0xff, 0xff,
    0xff, 0xff, 0xff, 0xff, 0xff, 0x27, 0xff, 0xff,
    0xff, 0xff, 0xff, 0xff, 0xff, 0xff, 0xff, 0xff,
    0xff, 0xff, 0xff, 0xff, 0xff, 0xff, 0xff, 0xf2,
    0x7f, 0xff, 0xff, 0xff, 0xff, 0xff, 0xff, 0xff,
    0xff, 0xff, 0xff, 0xff, 0xff, 0xff, 0xff, 0xff,
    0xff, 0xff, 0x27, 0xff, 0xff, 0xff, 0xff, 0xff,
    0xff, 0xff, 0xff, 0xff, 0xff, 0xff, 0xff, 0xff,
    0xff, 0xff, 0xff, 0xff, 0xf2, 0x7f, 0xff, 0xff,
    0xff, 0xff, 0xff, 0xff, 0xff, 0xff, 0xff, 0xff,
    0xff, 0xff, 0xff, 0xff, 0xff, 0xff, 0xff, 0x27,
    0xff, 0xff, 0xff, 0xff, 0xff, 0xff, 0xff, 0xff,
    0xff, 0xff, 0xff, 0xff, 0xff, 0xff, 0xff, 0xff,
    0xff, 0xf2, 0x0, 0x0, 0x0, 0x8, 0xff, 0xff,
    0xff, 0xc0, 0x0, 0x0, 0x1, 0xff, 0xff, 0xff,
    0xf3, 0x0, 0x0, 0x0, 0x0, 0x0, 0x0, 0x0,
    0x8f, 0xff, 0xff, 0xfc, 0x0, 0x0, 0x0, 0x1f,
    0xff, 0xff, 0xff, 0x30, 0x0, 0x0, 0x0, 0x0,
    0x0, 0x0, 0x8, 0xff, 0xff, 0xff, 0xc0, 0x0,
    0x0, 0x1, 0xff, 0xff, 0xff, 0xf3, 0x0, 0x0,
    0x0, 0x0, 0x0, 0x0, 0x0, 0x8f, 0xff, 0xff,
    0xfc, 0x0, 0x0, 0x0, 0x1f, 0xff, 0xff, 0xff,
    0x30, 0x0, 0x0, 0x0, 0x0, 0x0, 0x0, 0x8,
    0xff, 0xff, 0xff, 0xc0, 0x0, 0x0, 0x1, 0xff,
    0xff, 0xff, 0xf3, 0x0, 0x0, 0x0, 0x0, 0x0,
    0x0, 0x0, 0x8f, 0xff, 0xff, 0xfc, 0x0, 0x0,
    0x0, 0x1f, 0xff, 0xff, 0xff, 0x30, 0x0, 0x0,
    0x0, 0x0, 0x0, 0x0, 0x8, 0xff, 0xff, 0xff,
    0xc0, 0x0, 0x0, 0x1, 0xff, 0xff, 0xff, 0xf3,
    0x0, 0x0, 0x0, 0x7, 0xff, 0xff, 0xff, 0xff,
    0xff, 0xff, 0xff, 0xff, 0xff, 0xff, 0xff, 0xff,
    0xff, 0xff, 0xff, 0xff, 0xff, 0xf2, 0x7f, 0xff,
    0xff, 0xff, 0xff, 0xff, 0xff, 0xff, 0xff, 0xff,
    0xff, 0xff, 0xff, 0xff, 0xff, 0xff, 0xff, 0xff,
    0x27, 0xff, 0xff, 0xff, 0xff, 0xff, 0xff, 0xff,
    0xff, 0xff, 0xff, 0xff, 0xff, 0xff, 0xff, 0xff,
    0xff, 0xff, 0xf2, 0x7f, 0xff, 0xff, 0xff, 0xff,
    0xff, 0xff, 0xff, 0xff, 0xff, 0xff, 0xff, 0xff,
    0xff, 0xff, 0xff, 0xff, 0xff, 0x27, 0xff, 0xff,
    0xff, 0xff, 0xff, 0xff, 0xff, 0xff, 0xff, 0xff,
    0xff, 0xff, 0xff, 0xff, 0xff, 0xff, 0xff, 0xf2,
    0x7f, 0xff, 0xff, 0xff, 0xff, 0xff, 0xff, 0xff,
    0xff, 0xff, 0xff, 0xff, 0xff, 0xff, 0xff, 0xff,
    0xff, 0xff, 0x26, 0xff, 0xff, 0xff, 0xff, 0xff,
    0xff, 0xff, 0xff, 0xff, 0xff, 0xff, 0xff, 0xff,
    0xff, 0xff, 0xff, 0xff, 0xf2, 0x0, 0x0, 0x0,
    0x8, 0xff, 0xff, 0xff, 0xc0, 0x0, 0x0, 0x1,
    0xff, 0xff, 0xff, 0xf3, 0x0, 0x0, 0x0, 0x0,
    0x0, 0x0, 0x0, 0x8f, 0xff, 0xff, 0xfc, 0x0,
    0x0, 0x0, 0x1f, 0xff, 0xff, 0xff, 0x30, 0x0,
    0x0, 0x0, 0x0, 0x0, 0x0, 0x8, 0xff, 0xff,
    0xff, 0xc0, 0x0, 0x0, 0x1, 0xff, 0xff, 0xff,
    0xf3, 0x0, 0x0, 0x0, 0x0, 0x0, 0x0, 0x0,
    0x8f, 0xff, 0xff, 0xfc, 0x0, 0x0, 0x0, 0x1f,
    0xff, 0xff, 0xff, 0x30, 0x0, 0x0, 0x0, 0x0,
    0x0, 0x0, 0x8, 0xff, 0xff, 0xff, 0xc0, 0x0,
    0x0, 0x1, 0xff, 0xff, 0xff, 0xf3, 0x0, 0x0,
    0x0, 0x0, 0x0, 0x0, 0x0, 0x8f, 0xff, 0xff,
    0xfc, 0x0, 0x0, 0x0, 0x1f, 0xff, 0xff, 0xff,
    0x30, 0x0, 0x0, 0x0, 0x0, 0x0, 0x0, 0x8,
    0xff, 0xff, 0xff, 0xc0, 0x0, 0x0, 0x1, 0xff,
    0xff, 0xff, 0xf3, 0x0, 0x0, 0x0, 0x0, 0x0,
    0x0, 0x0, 0x8f, 0xff, 0xff, 0xfc, 0x0, 0x0,
    0x0, 0x1f, 0xff, 0xff, 0xff, 0x30, 0x0, 0x0,
    0x0, 0x0, 0x0, 0x0, 0x8, 0xff, 0xff, 0xff,
    0xc0, 0x0, 0x0, 0x1, 0xff, 0xff, 0xff, 0xf3,
    0x0, 0x0, 0x0, 0x0, 0x0, 0x0, 0x0, 0x8f,
    0xff, 0xff, 0xfc, 0x0, 0x0, 0x0, 0x1f, 0xff,
    0xff, 0xff, 0x30, 0x0, 0x0, 0x0, 0x0, 0x0,
    0x0, 0x8, 0xff, 0xff, 0xff, 0xc0, 0x0, 0x0,
    0x1, 0xff, 0xff, 0xff, 0xf3, 0x0, 0x0, 0x0,
    0x0, 0x0, 0x0, 0x0, 0x8f, 0xff, 0xff, 0xfc,
    0x0, 0x0, 0x0, 0x1f, 0xff, 0xff, 0xff, 0x30,
    0x0, 0x0, 0x0,

    /* U+0024 "$" */
    0x0, 0x0, 0x0, 0x0, 0x0, 0x0, 0x1, 0x88,
    0x88, 0x88, 0x84, 0x0, 0x0, 0x0, 0x0, 0x0,
    0x0, 0x0, 0x0, 0x0, 0x0, 0x0, 0x0, 0x0,
    0x2f, 0xff, 0xff, 0xff, 0x80, 0x0, 0x0, 0x0,
    0x0, 0x0, 0x0, 0x0, 0x0, 0x0, 0x0, 0x0,
    0x0, 0x2, 0xff, 0xff, 0xff, 0xf8, 0x0, 0x0,
    0x0, 0x0, 0x0, 0x0, 0x0, 0x0, 0x0, 0x0,
    0x0, 0x0, 0x0, 0x2f, 0xff, 0xff, 0xff, 0x80,
    0x0, 0x0, 0x0, 0x0, 0x0, 0x0, 0x0, 0x0,
    0x0, 0x0, 0x0, 0x0, 0x2, 0xff, 0xff, 0xff,
    0xf8, 0x0, 0x0, 0x0, 0x0, 0x0, 0x0, 0x0,
    0x0, 0x0, 0x0, 0x0, 0x0, 0x0, 0x2f, 0xff,
    0xff, 0xff, 0x80, 0x0, 0x0, 0x0, 0x0, 0x0,
    0x0, 0x0, 0x0, 0x0, 0x0, 0x0, 0x0, 0x2,
    0xff, 0xff, 0xff, 0xf8, 0x0, 0x0, 0x0, 0x0,
    0x0, 0x0, 0x0, 0x0, 0x0, 0x0, 0x0, 0x1,
    0x58, 0xdf, 0xff, 0xff, 0xff, 0xf6, 0x10, 0x0,
    0x0, 0x0, 0x0, 0x0, 0x0, 0x0, 0x0, 0x0,
    0x4a, 0xff, 0xff, 0xff, 0xff, 0xff, 0xff, 0xff,
    0xc6, 0x0, 0x0, 0x0, 0x0, 0x0, 0x0, 0x0,
    0x2, 0xcf, 0xff, 0xff, 0xff, 0xff, 0xff, 0xff,
    0xff, 0xff, 0xfe, 0x50, 0x0, 0x0, 0x0, 0x0,
    0x0, 0x5, 0xff, 0xff, 0xff, 0xff, 0xff, 0xff,
    0xff, 0xff, 0xff, 0xff, 0xff, 0xa0, 0x0, 0x0,
    0x0, 0x0, 0x6, 0xff, 0xff, 0xff, 0xff, 0xff,
    0xff, 0xff, 0xff, 0xff, 0xff, 0xff, 0xff, 0xc0,
    0x0, 0x0, 0x0, 0x4, 0xff, 0xff, 0xff, 0xff,
    0xff, 0xff, 0xff, 0xff, 0xff, 0xff, 0xff, 0xff,
    0xff, 0xb0, 0x0, 0x0, 0x0, 0xef, 0xff, 0xff,
    0xff, 0xff, 0xff, 0xff, 0xff, 0xff, 0xff, 0xff,
    0xff, 0xff, 0xff, 0x70, 0x0, 0x0, 0x7f, 0xff,
    0xff, 0xff, 0xff, 0xff, 0xff, 0xff, 0xff, 0xff,
    0xff, 0xff, 0xff, 0xff, 0xff, 0x10, 0x0, 0xe,
    0xff, 0xff, 0xff, 0xff, 0xe5, 0x2f, 0xff, 0xff,
    0xff, 0xdc, 0xff, 0xff, 0xff, 0xff, 0xf9, 0x0,
    0x3, 0xff, 0xff, 0xff, 0xff, 0xd1, 0x2, 0xff,
    0xff, 0xff, 0xf8, 0x9, 0xff, 0xff, 0xff, 0xff,
    0xe0, 0x0, 0x6f, 0xff, 0xff, 0xff, 0xf3, 0x0,
    0x2f, 0xff, 0xff, 0xff, 0x80, 0xb, 0xff, 0xff,
    0xff, 0xff, 0x30, 0x9, 0xff, 0xff, 0xff, 0xfd,
    0x0, 0x2, 0xff, 0xff, 0xff, 0xf8, 0x0, 0x3f,
    0xff, 0xff, 0xff, 0xf6, 0x0, 0xaf, 0xff, 0xff,
    0xff, 0xa0, 0x0, 0x2f, 0xff, 0xff, 0xff, 0x80,
    0x0, 0xdf, 0xff, 0xff, 0xff, 0x90, 0xa, 0xff,
    0xff, 0xff, 0xfb, 0x0, 0x2, 0xff, 0xff, 0xff,
    0xf8, 0x0, 0xb, 0xff, 0xff, 0xff, 0xfa, 0x0,
    0x9f, 0xff, 0xff, 0xff, 0xe0, 0x0, 0x2f, 0xff,
    0xff, 0xff, 0x80, 0x0, 0xaf, 0xff, 0xff, 0xff,
    0xb0, 0x7, 0xff, 0xff, 0xff, 0xff, 0x60, 0x2,
    0xff, 0xff, 0xff, 0xf8, 0x0, 0x9, 0xff, 0xff,
    0xff, 0xfb, 0x0, 0x4f, 0xff, 0xff, 0xff, 0xff,
    0x40, 0x2f, 0xff, 0xff, 0xff, 0x80, 0x0, 0x6a,
    0xaa, 0xaa, 0xaa, 0x70, 0x0, 0xff, 0xff, 0xff,
    0xff, 0xff, 0xa4, 0xff, 0xff, 0xff, 0xf8, 0x0,
    0x0, 0x0, 0x0, 0x0, 0x0, 0x0, 0xa, 0xff,
    0xff, 0xff, 0xff, 0xff, 0xff, 0xff, 0xff, 0xff,
    0x80, 0x0, 0x0, 0x0, 0x0, 0x0, 0x0, 0x0,
    0x2f, 0xff, 0xff, 0xff, 0xff, 0xff, 0xff, 0xff,
    0xff, 0xf9, 0x0, 0x0, 0x0, 0x0, 0x0, 0x0,
    0x0, 0x0, 0x6f, 0xff, 0xff, 0xff, 0xff, 0xff,
    0xff, 0xff, 0xff, 0xfb, 0x61, 0x0, 0x0, 0x0,
    0x0, 0x0, 0x0, 0x0, 0x8f, 0xff, 0xff, 0xff,
    0xff, 0xff, 0xff, 0xff, 0xff, 0xff, 0xfb, 0x40,
    0x0, 0x0, 0x0, 0x0, 0x0, 0x0, 0x6f, 0xff,
    0xff, 0xff, 0xff, 0xff, 0xff, 0xff, 0xff, 0xff,
    0xff, 0xd5, 0x0, 0x0, 0x0, 0x0, 0x0, 0x0,
    0x2a, 0xff, 0xff, 0xff, 0xff, 0xff, 0xff, 0xff,
    0xff, 0xff, 0xff, 0xfb, 0x10, 0x0, 0x0, 0x0,
    0x0, 0x0, 0x3, 0xaf, 0xff, 0xff, 0xff, 0xff,
    0xff, 0xff, 0xff, 0xff, 0xff, 0xfe, 0x30, 0x0,
    0x0, 0x0, 0x0, 0x0, 0x0, 0x6, 0xbf, 0xff,
    0xff, 0xff, 0xff, 0xff, 0xff, 0xff, 0xff, 0xff,
    0x20, 0x0, 0x0, 0x0, 0x0, 0x0, 0x0, 0x0,
    0x2f, 0xff, 0xff, 0xff, 0xff, 0xff, 0xff, 0xff,
    0xff, 0xfd, 0x0, 0x0, 0x0, 0x0, 0x0, 0x0,
    0x0, 0x2, 0xff, 0xff, 0xff, 0xff, 0xff, 0xff,
    0xff, 0xff, 0xff, 0xf8, 0x0, 0x0, 0x0, 0x0,
    0x0, 0x0, 0x0, 0x2f, 0xff, 0xff, 0xff, 0xa7,
    0xef, 0xff, 0xff, 0xff, 0xff, 0xe0, 0x57, 0x77,
    0x77, 0x77, 0x30, 0x0, 0x2, 0xff, 0xff, 0xff,
    0xf8, 0x0, 0x8f, 0xff, 0xff, 0xff, 0xff, 0x4d,
    0xff, 0xff, 0xff, 0xf8, 0x0, 0x0, 0x2f, 0xff,
    0xff, 0xff, 0x80, 0x0, 0x7f, 0xff, 0xff, 0xff,
    0xf7, 0xdf, 0xff, 0xff, 0xff, 0x80, 0x0, 0x2,
    0xff, 0xff, 0xff, 0xf8, 0x0, 0x0, 0xef, 0xff,
    0xff, 0xff, 0xac, 0xff, 0xff, 0xff, 0xf9, 0x0,
    0x0, 0x2f, 0xff, 0xff, 0xff, 0x80, 0x0, 0xa,
    0xff, 0xff, 0xff, 0xfb, 0xbf, 0xff, 0xff, 0xff,
    0xb0, 0x0, 0x2, 0xff, 0xff, 0xff, 0xf8, 0x0,
    0x0, 0x9f, 0xff, 0xff, 0xff, 0xb8, 0xff, 0xff,
    0xff, 0xff, 0x0, 0x0, 0x2f, 0xff, 0xff, 0xff,
    0x80, 0x0, 0xb, 0xff, 0xff, 0xff, 0xfa, 0x5f,
    0xff, 0xff, 0xff, 0xf6, 0x0, 0x2, 0xff, 0xff,
    0xff, 0xf8, 0x0, 0x1, 0xff, 0xff, 0xff, 0xff,
    0x81, 0xff, 0xff, 0xff, 0xff, 0xe2, 0x0, 0x2f,
    0xff, 0xff, 0xff, 0x80, 0x0, 0x9f, 0xff, 0xff,
    0xff, 0xf4, 0xb, 0xff, 0xff, 0xff, 0xff, 0xe3,
    0x2, 0xff, 0xff, 0xff, 0xf8, 0x0, 0x7f, 0xff,
    0xff, 0xff, 0xff, 0x0, 0x4f, 0xff, 0xff, 0xff,
    0xff, 0xf9, 0x4f, 0xff, 0xff, 0xff, 0x84, 0xcf,
    0xff, 0xff, 0xff, 0xff, 0xa0, 0x0, 0xbf, 0xff,
    0xff, 0xff, 0xff, 0xff, 0xff, 0xff, 0xff, 0xff,
    0xff, 0xff, 0xff, 0xff, 0xff, 0xf2, 0x0, 0x1,
    0xef, 0xff, 0xff, 0xff, 0xff, 0xff, 0xff, 0xff,
    0xff, 0xff, 0xff, 0xff, 0xff, 0xff, 0xf8, 0x0,
    0x0, 0x4, 0xff, 0xff, 0xff, 0xff, 0xff, 0xff,
    0xff, 0xff, 0xff, 0xff, 0xff, 0xff, 0xff, 0xfb,
    0x0, 0x0, 0x0, 0x4, 0xff, 0xff, 0xff, 0xff,
    0xff, 0xff, 0xff, 0xff, 0xff, 0xff, 0xff, 0xff,
    0xfb, 0x0, 0x0, 0x0, 0x0, 0x3, 0xdf, 0xff,
    0xff, 0xff, 0xff, 0xff, 0xff, 0xff, 0xff, 0xff,
    0xff, 0xf9, 0x0, 0x0, 0x0, 0x0, 0x0, 0x0,
    0x8f, 0xff, 0xff, 0xff, 0xff, 0xff, 0xff, 0xff,
    0xff, 0xff, 0xd4, 0x0, 0x0, 0x0, 0x0, 0x0,
    0x0, 0x0, 0x17, 0xdf, 0xff, 0xff, 0xff, 0xff,
    0xff, 0xff, 0xfb, 0x50, 0x0, 0x0, 0x0, 0x0,
    0x0, 0x0, 0x0, 0x0, 0x0, 0x26, 0xbf, 0xff,
    0xff, 0xff, 0xf9, 0x51, 0x0, 0x0, 0x0, 0x0,
    0x0, 0x0, 0x0, 0x0, 0x0, 0x0, 0x0, 0x2,
    0xff, 0xff, 0xff, 0xf8, 0x0, 0x0, 0x0, 0x0,
    0x0, 0x0, 0x0, 0x0, 0x0, 0x0, 0x0, 0x0,
    0x0, 0x2f, 0xff, 0xff, 0xff, 0x80, 0x0, 0x0,
    0x0, 0x0, 0x0, 0x0, 0x0, 0x0, 0x0, 0x0,
    0x0, 0x0, 0x2, 0xff, 0xff, 0xff, 0xf8, 0x0,
    0x0, 0x0, 0x0, 0x0, 0x0, 0x0, 0x0, 0x0,
    0x0, 0x0, 0x0, 0x0, 0x2f, 0xff, 0xff, 0xff,
    0x80, 0x0, 0x0, 0x0, 0x0, 0x0, 0x0, 0x0,
    0x0, 0x0, 0x0, 0x0, 0x0, 0x2, 0xff, 0xff,
    0xff, 0xf8, 0x0, 0x0, 0x0, 0x0, 0x0, 0x0,
    0x0, 0x0, 0x0, 0x0, 0x0, 0x0, 0x0, 0x2f,
    0xff, 0xff, 0xff, 0x80, 0x0, 0x0, 0x0, 0x0,
    0x0, 0x0, 0x0, 0x0, 0x0, 0x0, 0x0, 0x0,
    0x1, 0x88, 0x88, 0x88, 0x84, 0x0, 0x0, 0x0,
    0x0, 0x0, 0x0, 0x0,

    /* U+0025 "%" */
    0x0, 0x0, 0x0, 0x0, 0x13, 0x44, 0x31, 0x0,
    0x0, 0x0, 0x0, 0x0, 0x0, 0x0, 0x0, 0x0,
    0x0, 0x0, 0x1, 0x20, 0x0, 0x0, 0x0, 0x0,
    0x0, 0x2, 0x8d, 0xff, 0xff, 0xff, 0xd8, 0x10,
    0x0, 0x0, 0x0, 0x0, 0x0, 0x0, 0x0, 0x0,
    0x0, 0xb, 0xf5, 0x0, 0x0, 0x0, 0x0, 0x0,
    0x8f, 0xff, 0xff, 0xff, 0xff, 0xff, 0xf8, 0x0,
    0x0, 0x0, 0x0, 0x0, 0x0, 0x0, 0x0, 0x0,
    0x9f, 0xff, 0x80, 0x0, 0x0, 0x0, 0xb, 0xff,
    0xff, 0xff, 0xff, 0xff, 0xff, 0xff, 0xb0, 0x0,
    0x0, 0x0, 0x0, 0x0, 0x0, 0x0, 0x5, 0xff,
    0xff, 0xfa, 0x0, 0x0, 0x0, 0xaf, 0xff, 0xff,
    0xff, 0xff, 0xff, 0xff, 0xff, 0xfa, 0x0, 0x0,
    0x0, 0x0, 0x0, 0x0, 0x0, 0x3f, 0xff, 0xff,
    0xff, 0xa0, 0x0, 0x3, 0xff, 0xff, 0xff, 0xff,
    0xff, 0xff, 0xff, 0xff, 0xff, 0x40, 0x0, 0x0,
    0x0, 0x0, 0x0, 0x1, 0xef, 0xff, 0xff, 0xfe,
    0x20, 0x0, 0xb, 0xff, 0xff, 0xff, 0xc4, 0x0,
    0x3b, 0xff, 0xff, 0xff, 0xb0, 0x0, 0x0, 0x0,
    0x0, 0x0, 0xc, 0xff, 0xff, 0xff, 0xf4, 0x0,
    0x0, 0xf, 0xff, 0xff, 0xfc, 0x0, 0x0, 0x0,
    0xcf, 0xff, 0xff, 0xf0, 0x0, 0x0, 0x0, 0x0,
    0x0, 0x9f, 0xff, 0xff, 0xff, 0x70, 0x0, 0x0,
    0x3f, 0xff, 0xff, 0xf4, 0x0, 0x0, 0x0, 0x4f,
    0xff, 0xff, 0xf3, 0x0, 0x0, 0x0, 0x0, 0x6,
    0xff, 0xff, 0xff, 0xfa, 0x0, 0x0, 0x0, 0x4f,
    0xff, 0xff, 0xf1, 0x0, 0x0, 0x0, 0xf, 0xff,
    0xff, 0xf5, 0x0, 0x0, 0x0, 0x0, 0x3f, 0xff,
    0xff, 0xff, 0xc0, 0x0, 0x0, 0x0, 0x5f, 0xff,
    0xff, 0xf1, 0x0, 0x0, 0x0, 0xf, 0xff, 0xff,
    0xf6, 0x0, 0x0, 0x0, 0x1, 0xef, 0xff, 0xff,
    0xfe, 0x10, 0x0, 0x0, 0x0, 0x4f, 0xff, 0xff,
    0xf1, 0x0, 0x0, 0x0, 0xf, 0xff, 0xff, 0xf5,
    0x0, 0x0, 0x0, 0xc, 0xff, 0xff, 0xff, 0xf3,
    0x0, 0x0, 0x0, 0x0, 0x3f, 0xff, 0xff, 0xf4,
    0x0, 0x0, 0x0, 0x4f, 0xff, 0xff, 0xf4, 0x0,
    0x0, 0x0, 0x9f, 0xff, 0xff, 0xff, 0x60, 0x0,
    0x0, 0x0, 0x0, 0xf, 0xff, 0xff, 0xfc, 0x0,
    0x0, 0x0, 0xcf, 0xff, 0xff, 0xf1, 0x0, 0x0,
    0x6, 0xff, 0xff, 0xff, 0xf9, 0x0, 0x0, 0x0,
    0x0, 0x0, 0xb, 0xff, 0xff, 0xff, 0xc4, 0x0,
    0x3b, 0xff, 0xff, 0xff, 0xc0, 0x0, 0x0, 0x3f,
    0xff, 0xff, 0xff, 0xc0, 0x0, 0x0, 0x0, 0x0,
    0x0, 0x3, 0xff, 0xff, 0xff, 0xff, 0xff, 0xff,
    0xff, 0xff, 0xff, 0x40, 0x0, 0x1, 0xef, 0xff,
    0xff, 0xfe, 0x10, 0x0, 0x0, 0x0, 0x0, 0x0,
    0x0, 0xaf, 0xff, 0xff, 0xff, 0xff, 0xff, 0xff,
    0xff, 0xfb, 0x0, 0x0, 0xc, 0xff, 0xff, 0xff,
    0xf3, 0x0, 0x0, 0x0, 0x0, 0x0, 0x0, 0x0,
    0xc, 0xff, 0xff, 0xff, 0xff, 0xff, 0xff, 0xff,
    0xc0, 0x0, 0x0, 0xaf, 0xff, 0xff, 0xff, 0x60,
    0x0, 0x0, 0x0, 0x0, 0x0, 0x0, 0x0, 0x0,
    0x8f, 0xff, 0xff, 0xff, 0xff, 0xff, 0xf9, 0x0,
    0x0, 0x7, 0xff, 0xff, 0xff, 0xf9, 0x0, 0x0,
    0x0, 0x0, 0x0, 0x0, 0x0, 0x0, 0x0, 0x2,
    0x9d, 0xff, 0xff, 0xff, 0xe9, 0x20, 0x0, 0x0,
    0x4f, 0xff, 0xff, 0xff, 0xc0, 0x0, 0x0, 0x0,
    0x0, 0x0, 0x0, 0x0, 0x0, 0x0, 0x0, 0x0,
    0x13, 0x44, 0x31, 0x0, 0x0, 0x0, 0x2, 0xef,
    0xff, 0xff, 0xfe, 0x10, 0x0, 0x0, 0x0, 0x0,
    0x0, 0x0, 0x0, 0x0, 0x0, 0x0, 0x0, 0x0,
    0x0, 0x0, 0x0, 0x0, 0x0, 0xd, 0xff, 0xff,
    0xff, 0xf3, 0x0, 0x0, 0x0, 0x0, 0x0, 0x0,
    0x0, 0x0, 0x0, 0x0, 0x0, 0x0, 0x0, 0x0,
    0x0, 0x0, 0x0, 0x0, 0xaf, 0xff, 0xff, 0xff,
    0x50, 0x0, 0x0, 0x0, 0x0, 0x0, 0x0, 0x0,
    0x0, 0x0, 0x0, 0x0, 0x0, 0x0, 0x0, 0x0,
    0x0, 0x0, 0x7, 0xff, 0xff, 0xff, 0xf8, 0x0,
    0x0, 0x0, 0x0, 0x0, 0x0, 0x0, 0x0, 0x0,
    0x0, 0x0, 0x0, 0x0, 0x0, 0x0, 0x0, 0x0,
    0x0, 0x4f, 0xff, 0xff, 0xff, 0xb0, 0x0, 0x0,
    0x0, 0x0, 0x0, 0x0, 0x0, 0x0, 0x0, 0x0,
    0x0, 0x0, 0x0, 0x0, 0x0, 0x0, 0x0, 0x2,
    0xff, 0xff, 0xff, 0xfd, 0x10, 0x0, 0x0, 0x0,
    0x0, 0x0, 0x0, 0x0, 0x0, 0x0, 0x0, 0x0,
    0x0, 0x0, 0x0, 0x0, 0x0, 0x0, 0xd, 0xff,
    0xff, 0xff, 0xf2, 0x0, 0x0, 0x0, 0x0, 0x0,
    0x0, 0x0, 0x0, 0x0, 0x0, 0x0, 0x0, 0x0,
    0x0, 0x0, 0x0, 0x0, 0x0, 0xbf, 0xff, 0xff,
    0xff, 0x50, 0x0, 0x0, 0x16, 0xad, 0xef, 0xed,
    0xa6, 0x0, 0x0, 0x0, 0x0, 0x0, 0x0, 0x0,
    0x0, 0x0, 0x0, 0x8, 0xff, 0xff, 0xff, 0xf8,
    0x0, 0x0, 0x9, 0xff, 0xff, 0xff, 0xff, 0xff,
    0xf7, 0x0, 0x0, 0x0, 0x0, 0x0, 0x0, 0x0,
    0x0, 0x0, 0x5f, 0xff, 0xff, 0xff, 0xb0, 0x0,
    0x2, 0xdf, 0xff, 0xff, 0xff, 0xff, 0xff, 0xff,
    0xc1, 0x0, 0x0, 0x0, 0x0, 0x0, 0x0, 0x0,
    0x2, 0xff, 0xff, 0xff, 0xfd, 0x10, 0x0, 0xd,
    0xff, 0xff, 0xff, 0xff, 0xff, 0xff, 0xff, 0xfc,
    0x0, 0x0, 0x0, 0x0, 0x0, 0x0, 0x0, 0x1d,
    0xff, 0xff, 0xff, 0xf2, 0x0, 0x0, 0x9f, 0xff,
    0xff, 0xff, 0xff, 0xff, 0xff, 0xff, 0xff, 0x80,
    0x0, 0x0, 0x0, 0x0, 0x0, 0x0, 0xbf, 0xff,
    0xff, 0xff, 0x50, 0x0, 0x1, 0xff, 0xff, 0xff,
    0xfc, 0x65, 0x6c, 0xff, 0xff, 0xff, 0xf1, 0x0,
    0x0, 0x0, 0x0, 0x0, 0x8, 0xff, 0xff, 0xff,
    0xf8, 0x0, 0x0, 0x6, 0xff, 0xff, 0xff, 0x90,
    0x0, 0x0, 0x9f, 0xff, 0xff, 0xf5, 0x0, 0x0,
    0x0, 0x0, 0x0, 0x5f, 0xff, 0xff, 0xff, 0xb0,
    0x0, 0x0, 0xa, 0xff, 0xff, 0xfe, 0x0, 0x0,
    0x0, 0xe, 0xff, 0xff, 0xf9, 0x0, 0x0, 0x0,
    0x0, 0x2, 0xff, 0xff, 0xff, 0xfd, 0x0, 0x0,
    0x0, 0xc, 0xff, 0xff, 0xf9, 0x0, 0x0, 0x0,
    0xa, 0xff, 0xff, 0xfb, 0x0, 0x0, 0x0, 0x0,
    0x1d, 0xff, 0xff, 0xff, 0xf2, 0x0, 0x0, 0x0,
    0xd, 0xff, 0xff, 0xf8, 0x0, 0x0, 0x0, 0x8,
    0xff, 0xff, 0xfd, 0x0, 0x0, 0x0, 0x0, 0xbf,
    0xff, 0xff, 0xff, 0x40, 0x0, 0x0, 0x0, 0xd,
    0xff, 0xff, 0xf8, 0x0, 0x0, 0x0, 0x8, 0xff,
    0xff, 0xfd, 0x0, 0x0, 0x0, 0x9, 0xff, 0xff,
    0xff, 0xf7, 0x0, 0x0, 0x0, 0x0, 0xc, 0xff,
    0xff, 0xf9, 0x0, 0x0, 0x0, 0xa, 0xff, 0xff,
    0xfb, 0x0, 0x0, 0x0, 0x5f, 0xff, 0xff, 0xff,
    0xa0, 0x0, 0x0, 0x0, 0x0, 0xa, 0xff, 0xff,
    0xfe, 0x0, 0x0, 0x0, 0xe, 0xff, 0xff, 0xfa,
    0x0, 0x0, 0x3, 0xff, 0xff, 0xff, 0xfd, 0x0,
    0x0, 0x0, 0x0, 0x0, 0x6, 0xff, 0xff, 0xff,
    0x90, 0x0, 0x0, 0x9f, 0xff, 0xff, 0xf5, 0x0,
    0x0, 0x1e, 0xff, 0xff, 0xff, 0xe2, 0x0, 0x0,
    0x0, 0x0, 0x0, 0x1, 0xff, 0xff, 0xff, 0xfc,
    0x65, 0x6c, 0xff, 0xff, 0xff, 0xf1, 0x0, 0x0,
    0xcf, 0xff, 0xff, 0xff, 0x40, 0x0, 0x0, 0x0,
    0x0, 0x0, 0x0, 0x9f, 0xff, 0xff, 0xff, 0xff,
    0xff, 0xff, 0xff, 0xff, 0x80, 0x0, 0x2, 0xef,
    0xff, 0xff, 0xf7, 0x0, 0x0, 0x0, 0x0, 0x0,
    0x0, 0x0, 0xd, 0xff, 0xff, 0xff, 0xff, 0xff,
    0xff, 0xff, 0xfc, 0x0, 0x0, 0x0, 0x1c, 0xff,
    0xff, 0xa0, 0x0, 0x0, 0x0, 0x0, 0x0, 0x0,
    0x0, 0x2, 0xdf, 0xff, 0xff, 0xff, 0xff, 0xff,
    0xff, 0xc1, 0x0, 0x0, 0x0, 0x0, 0x9f, 0xfc,
    0x0, 0x0, 0x0, 0x0, 0x0, 0x0, 0x0, 0x0,
    0x0, 0x9, 0xff, 0xff, 0xff, 0xff, 0xff, 0xf8,
    0x0, 0x0, 0x0, 0x0, 0x0, 0x6, 0xe1, 0x0,
    0x0, 0x0, 0x0, 0x0, 0x0, 0x0, 0x0, 0x0,
    0x0, 0x16, 0xad, 0xef, 0xed, 0xa6, 0x10, 0x0,
    0x0, 0x0, 0x0, 0x0, 0x0, 0x0, 0x0, 0x0,
    0x0, 0x0, 0x0, 0x0, 0x0, 0x0, 0x0, 0x0,
    0x0, 0x0, 0x0, 0x0, 0x0, 0x0, 0x0, 0x0,

    /* U+0026 "&" */
    0x0, 0x0, 0x0, 0x0, 0x5, 0x9c, 0xef, 0xff,
    0xff, 0xff, 0xf4, 0x0, 0x0, 0x0, 0x0, 0x0,
    0x0, 0x0, 0x0, 0x0, 0x0, 0x19, 0xff, 0xff,
    0xff, 0xff, 0xff, 0xff, 0xf4, 0x0, 0x0, 0x0,
    0x0, 0x0, 0x0, 0x0, 0x0, 0x0, 0x6, 0xff,
    0xff, 0xff, 0xff, 0xff, 0xff, 0xff, 0xf4, 0x0,
    0x0, 0x0, 0x0, 0x0, 0x0, 0x0, 0x0, 0x0,
    0x9f, 0xff, 0xff, 0xff, 0xff, 0xff, 0xff, 0xff,
    0xf4, 0x0, 0x0, 0x0, 0x0, 0x0, 0x0, 0x0,
    0x0, 0x7, 0xff, 0xff, 0xff, 0xff, 0xff, 0xff,
    0xff, 0xff, 0xf4, 0x0, 0x0, 0x0, 0x0, 0x0,
    0x0, 0x0, 0x0, 0x3f, 0xff, 0xff, 0xff, 0xff,
    0xff, 0xff, 0xff, 0xff, 0xf4, 0x0, 0x0, 0x0,
    0x0, 0x0, 0x0, 0x0, 0x0, 0xcf, 0xff, 0xff,
    0xff, 0xff, 0xff, 0xdc, 0xbb, 0xbb, 0xb3, 0x0,
    0x0, 0x0, 0x0, 0x0, 0x0, 0x0, 0x2, 0xff,
    0xff, 0xff, 0xff, 0xfe, 0x60, 0x0, 0x0, 0x0,
    0x0, 0x0, 0x0, 0x0, 0x0, 0x0, 0x0, 0x0,
    0x8, 0xff, 0xff, 0xff, 0xff, 0xc0, 0x0, 0x0,
    0x0, 0x0, 0x0, 0x0, 0x0, 0x0, 0x0, 0x0,
    0x0, 0x0, 0xb, 0xff, 0xff, 0xff, 0xfe, 0x0,
    0x0, 0x0, 0x0, 0x0, 0x0, 0x0, 0x0, 0x0,
    0x0, 0x0, 0x0, 0x0, 0xd, 0xff, 0xff, 0xff,
    0xf8, 0x0, 0x0, 0x0, 0x0, 0x0, 0x0, 0x0,
    0x0, 0x0, 0x0, 0x0, 0x0, 0x0, 0xe, 0xff,
    0xff, 0xff, 0xf3, 0x0, 0x0, 0x0, 0x0, 0x0,
    0x0, 0x0, 0x0, 0x0, 0x0, 0x0, 0x0, 0x0,
    0xe, 0xff, 0xff, 0xff, 0xf2, 0x0, 0x0, 0x0,
    0x0, 0x0, 0x0, 0x0, 0x0, 0x0, 0x0, 0x0,
    0x0, 0x0, 0xd, 0xff, 0xff, 0xff, 0xf2, 0x0,
    0x0, 0x0, 0x0, 0x0, 0x0, 0xdd, 0xdd, 0xdd,
    0xdd, 0x0, 0x0, 0x0, 0xb, 0xff, 0xff, 0xff,
    0xf4, 0x0, 0x0, 0x0, 0x0, 0x0, 0x0, 0xff,
    0xff, 0xff, 0xff, 0x0, 0x0, 0x0, 0x7, 0xff,
    0xff, 0xff, 0xfa, 0x0, 0x0, 0x0, 0x0, 0x0,
    0x0, 0xff, 0xff, 0xff, 0xff, 0x0, 0x0, 0x0,
    0x1, 0xff, 0xff, 0xff, 0xff, 0x30, 0x0, 0x0,
    0x0, 0x0, 0x0, 0xff, 0xff, 0xff, 0xff, 0x0,
    0x0, 0x0, 0x0, 0x9f, 0xff, 0xff, 0xff, 0xe3,
    0x0, 0x0, 0x0, 0x0, 0x0, 0xff, 0xff, 0xff,
    0xff, 0x0, 0x0, 0x0, 0x0, 0xd, 0xff, 0xff,
    0xff, 0xff, 0xa5, 0x10, 0x0, 0x0, 0x0, 0xff,
    0xff, 0xff, 0xff, 0x0, 0x0, 0x0, 0x0, 0x1,
    0xcf, 0xff, 0xff, 0xff, 0xff, 0xff, 0xff, 0xff,
    0xff, 0xff, 0xff, 0xff, 0xff, 0xff, 0xff, 0xfe,
    0x0, 0x0, 0x8, 0xff, 0xff, 0xff, 0xff, 0xff,
    0xff, 0xff, 0xff, 0xff, 0xff, 0xff, 0xff, 0xff,
    0xff, 0xfe, 0x0, 0x0, 0x0, 0x28, 0xef, 0xff,
    0xff, 0xff, 0xff, 0xff, 0xff, 0xff, 0xff, 0xff,
    0xff, 0xff, 0xff, 0xfe, 0x0, 0x0, 0x0, 0x0,
    0xbf, 0xff, 0xff, 0xff, 0xff, 0xff, 0xff, 0xff,
    0xff, 0xff, 0xff, 0xff, 0xff, 0xfe, 0x0, 0x0,
    0x0, 0x7e, 0xff, 0xff, 0xff, 0xff, 0xff, 0xff,
    0xff, 0xff, 0xff, 0xff, 0xff, 0xff, 0xff, 0xfe,
    0x0, 0x0, 0x3d, 0xff, 0xff, 0xff, 0xff, 0xff,
    0xff, 0xff, 0xff, 0xff, 0xff, 0xff, 0xff, 0xff,
    0xff, 0xfe, 0x0, 0x4, 0xff, 0xff, 0xff, 0xff,
    0xff, 0xcb, 0xbb, 0xbb, 0xbb, 0xff, 0xff, 0xff,
    0xff, 0xbb, 0xbb, 0xba, 0x0, 0x3f, 0xff, 0xff,
    0xff, 0xfc, 0x40, 0x0, 0x0, 0x0, 0x0, 0xff,
    0xff, 0xff, 0xff, 0x0, 0x0, 0x0, 0x0, 0xdf,
    0xff, 0xff, 0xff, 0x90, 0x0, 0x0, 0x0, 0x0,
    0x0, 0xff, 0xff, 0xff, 0xff, 0x0, 0x0, 0x0,
    0x5, 0xff, 0xff, 0xff, 0xfc, 0x0, 0x0, 0x0,
    0x0, 0x0, 0x0, 0xff, 0xff, 0xff, 0xff, 0x0,
    0x0, 0x0, 0xa, 0xff, 0xff, 0xff, 0xf4, 0x0,
    0x0, 0x0, 0x0, 0x0, 0x0, 0xff, 0xff, 0xff,
    0xff, 0x0, 0x0, 0x0, 0xf, 0xff, 0xff, 0xff,
    0xf0, 0x0, 0x0, 0x0, 0x0, 0x0, 0x0, 0xff,
    0xff, 0xff, 0xff, 0x0, 0x0, 0x0, 0x1f, 0xff,
    0xff, 0xff, 0xe0, 0x0, 0x0, 0x0, 0x0, 0x0,
    0x0, 0xff, 0xff, 0xff, 0xff, 0x0, 0x0, 0x0,
    0x2f, 0xff, 0xff, 0xff, 0xe0, 0x0, 0x0, 0x0,
    0x0, 0x0, 0x0, 0xff, 0xff, 0xff, 0xff, 0x0,
    0x0, 0x0, 0x2f, 0xff, 0xff, 0xff, 0xf0, 0x0,
    0x0, 0x0, 0x0, 0x0, 0x0, 0xff, 0xff, 0xff,
    0xff, 0x0, 0x0, 0x0, 0x1f, 0xff, 0xff, 0xff,
    0xf4, 0x0, 0x0, 0x0, 0x0, 0x0, 0x0, 0xff,
    0xff, 0xff, 0xff, 0x0, 0x0, 0x0, 0xf, 0xff,
    0xff, 0xff, 0xfc, 0x0, 0x0, 0x0, 0x0, 0x0,
    0x0, 0xff, 0xff, 0xff, 0xff, 0x0, 0x0, 0x0,
    0xc, 0xff, 0xff, 0xff, 0xff, 0xa0, 0x0, 0x0,
    0x0, 0x0, 0x0, 0xff, 0xff, 0xff, 0xff, 0x0,
    0x0, 0x0, 0x6, 0xff, 0xff, 0xff, 0xff, 0xfd,
    0x50, 0x0, 0x0, 0x0, 0x0, 0xff, 0xff, 0xff,
    0xff, 0x0, 0x0, 0x0, 0x1, 0xff, 0xff, 0xff,
    0xff, 0xff, 0xff, 0xcb, 0xbb, 0xbb, 0xbb, 0xff,
    0xff, 0xff, 0xff, 0x0, 0x0, 0x0, 0x0, 0x7f,
    0xff, 0xff, 0xff, 0xff, 0xff, 0xff, 0xff, 0xff,
    0xff, 0xff, 0xff, 0xff, 0xff, 0x0, 0x0, 0x0,
    0x0, 0xb, 0xff, 0xff, 0xff, 0xff, 0xff, 0xff,
    0xff, 0xff, 0xff, 0xff, 0xff, 0xff, 0xff, 0x0,
    0x0, 0x0, 0x0, 0x0, 0xcf, 0xff, 0xff, 0xff,
    0xff, 0xff, 0xff, 0xff, 0xff, 0xff, 0xff, 0xff,
    0xff, 0x0, 0x0, 0x0, 0x0, 0x0, 0x9, 0xff,
    0xff, 0xff, 0xff, 0xff, 0xff, 0xff, 0xff, 0xff,
    0xff, 0xff, 0xff, 0x0, 0x0, 0x0, 0x0, 0x0,
    0x0, 0x3b, 0xff, 0xff, 0xff, 0xff, 0xff, 0xff,
    0xff, 0xff, 0xff, 0xff, 0xff, 0x0, 0x0, 0x0,
    0x0, 0x0, 0x0, 0x0, 0x26, 0xad, 0xef, 0xff,
    0xff, 0xff, 0xff, 0xff, 0xff, 0xff, 0xff, 0x0,
    0x0, 0x0,

    /* U+0027 "'" */
    0x0, 0x5, 0xbe, 0xfe, 0xa3, 0x0, 0x0, 0xa,
    0xff, 0xff, 0xff, 0xf7, 0x0, 0x9, 0xff, 0xff,
    0xff, 0xff, 0xf5, 0x1, 0xff, 0xff, 0xff, 0xff,
    0xff, 0xd0, 0x6f, 0xff, 0xff, 0xff, 0xff, 0xff,
    0x28, 0xff, 0xff, 0xff, 0xff, 0xff, 0xf4, 0x7f,
    0xff, 0xff, 0xff, 0xff, 0xff, 0x54, 0xff, 0xff,
    0xff, 0xff, 0xff, 0xf5, 0xd, 0xff, 0xff, 0xff,
    0xff, 0xff, 0x50, 0x2e, 0xff, 0xff, 0xff, 0xff,
    0xf5, 0x0, 0x1a, 0xff, 0xff, 0xff, 0xff, 0x50,
    0x0, 0x1, 0x45, 0xaf, 0xff, 0xf5, 0x0, 0x0,
    0x0, 0x8, 0xff, 0xff, 0x50, 0x0, 0x0, 0x0,
    0x8f, 0xff, 0xf5, 0x0, 0x0, 0x0, 0xa, 0xff,
    0xff, 0x40, 0x0, 0x0, 0x1, 0xff, 0xff, 0xf3,
    0x0, 0x66, 0x68, 0xef, 0xff, 0xff, 0x0, 0xf,
    0xff, 0xff, 0xff, 0xff, 0xa0, 0x0, 0xff, 0xff,
    0xff, 0xff, 0xf2, 0x0, 0xf, 0xff, 0xff, 0xff,
    0xe3, 0x0, 0x0, 0xff, 0xff, 0xeb, 0x70, 0x0,
    0x0,

    /* U+0028 "(" */
    0x0, 0x0, 0x0, 0x0, 0x0, 0x0, 0x0, 0x15,
    0x8a, 0xde, 0xee, 0x0, 0x0, 0x0, 0x0, 0x0,
    0x2, 0x8d, 0xff, 0xff, 0xff, 0xff, 0x0, 0x0,
    0x0, 0x0, 0x2, 0xbf, 0xff, 0xff, 0xff, 0xff,
    0xff, 0x0, 0x0, 0x0, 0x0, 0x8f, 0xff, 0xff,
    0xff, 0xff, 0xff, 0xff, 0x0, 0x0, 0x0, 0x1c,
    0xff, 0xff, 0xff, 0xff, 0xff, 0xff, 0xff, 0x0,
    0x0, 0x2, 0xdf, 0xff, 0xff, 0xff, 0xff, 0xff,
    0xff, 0xff, 0x0, 0x0, 0xd, 0xff, 0xff, 0xff,
    0xff, 0xff, 0xff, 0xff, 0xff, 0x0, 0x0, 0xbf,
    0xff, 0xff, 0xff, 0xff, 0xff, 0xc8, 0x42, 0x0,
    0x0, 0x5, 0xff, 0xff, 0xff, 0xff, 0xff, 0xa2,
    0x0, 0x0, 0x0, 0x0, 0xe, 0xff, 0xff, 0xff,
    0xff, 0xe4, 0x0, 0x0, 0x0, 0x0, 0x0, 0x6f,
    0xff, 0xff, 0xff, 0xfe, 0x20, 0x0, 0x0, 0x0,
    0x0, 0x0, 0xdf, 0xff, 0xff, 0xff, 0xf3, 0x0,
    0x0, 0x0, 0x0, 0x0, 0x3, 0xff, 0xff, 0xff,
    0xff, 0x70, 0x0, 0x0, 0x0, 0x0, 0x0, 0x8,
    0xff, 0xff, 0xff, 0xfe, 0x0, 0x0, 0x0, 0x0,
    0x0, 0x0, 0xc, 0xff, 0xff, 0xff, 0xf7, 0x0,
    0x0, 0x0, 0x0, 0x0, 0x0, 0xf, 0xff, 0xff,
    0xff, 0xf2, 0x0, 0x0, 0x0, 0x0, 0x0, 0x0,
    0x3f, 0xff, 0xff, 0xff, 0xd0, 0x0, 0x0, 0x0,
    0x0, 0x0, 0x0, 0x5f, 0xff, 0xff, 0xff, 0x90,
    0x0, 0x0, 0x0, 0x0, 0x0, 0x0, 0x7f, 0xff,
    0xff, 0xff, 0x60, 0x0, 0x0, 0x0, 0x0, 0x0,
    0x0, 0x9f, 0xff, 0xff, 0xff, 0x40, 0x0, 0x0,
    0x0, 0x0, 0x0, 0x0, 0xaf, 0xff, 0xff, 0xff,
    0x20, 0x0, 0x0, 0x0, 0x0, 0x0, 0x0, 0xbf,
    0xff, 0xff, 0xff, 0x10, 0x0, 0x0, 0x0, 0x0,
    0x0, 0x0, 0xcf, 0xff, 0xff, 0xff, 0x0, 0x0,
    0x0, 0x0, 0x0, 0x0, 0x0, 0xcf, 0xff, 0xff,
    0xff, 0x0, 0x0, 0x0, 0x0, 0x0, 0x0, 0x0,
    0xcf, 0xff, 0xff, 0xff, 0x0, 0x0, 0x0, 0x0,
    0x0, 0x0, 0x0, 0xcf, 0xff, 0xff, 0xff, 0x0,
    0x0, 0x0, 0x0, 0x0, 0x0, 0x0, 0xcf, 0xff,
    0xff, 0xff, 0x0, 0x0, 0x0, 0x0, 0x0, 0x0,
    0x0, 0xcf, 0xff, 0xff, 0xff, 0x0, 0x0, 0x0,
    0x0, 0x0, 0x0, 0x0, 0xcf, 0xff, 0xff, 0xff,
    0x0, 0x0, 0x0, 0x0, 0x0, 0x0, 0x0, 0xcf,
    0xff, 0xff, 0xff, 0x0, 0x0, 0x0, 0x0, 0x0,
    0x0, 0x0, 0xcf, 0xff, 0xff, 0xff, 0x0, 0x0,
    0x0, 0x0, 0x0, 0x0, 0x0, 0xcf, 0xff, 0xff,
    0xff, 0x0, 0x0, 0x0, 0x0, 0x0, 0x0, 0x0,
    0xcf, 0xff, 0xff, 0xff, 0x0, 0x0, 0x0, 0x0,
    0x0, 0x0, 0x0, 0xcf, 0xff, 0xff, 0xff, 0x0,
    0x0, 0x0, 0x0, 0x0, 0x0, 0x0, 0xcf, 0xff,
    0xff, 0xff, 0x0, 0x0, 0x0, 0x0, 0x0, 0x0,
    0x0, 0xcf, 0xff, 0xff, 0xff, 0x0, 0x0, 0x0,
    0x0, 0x0, 0x0, 0x0, 0xcf, 0xff, 0xff, 0xff,
    0x0, 0x0, 0x0, 0x0, 0x0, 0x0, 0x0, 0xcf,
    0xff, 0xff, 0xff, 0x0, 0x0, 0x0, 0x0, 0x0,
    0x0, 0x0, 0xcf, 0xff, 0xff, 0xff, 0x0, 0x0,
    0x0, 0x0, 0x0, 0x0, 0x0, 0xcf, 0xff, 0xff,
    0xff, 0x0, 0x0, 0x0, 0x0, 0x0, 0x0, 0x0,
    0xcf, 0xff, 0xff, 0xff, 0x0, 0x0, 0x0, 0x0,
    0x0, 0x0, 0x0, 0xcf, 0xff, 0xff, 0xff, 0x0,
    0x0, 0x0, 0x0, 0x0, 0x0, 0x0, 0xcf, 0xff,
    0xff, 0xff, 0x0, 0x0, 0x0, 0x0, 0x0, 0x0,
    0x0, 0xbf, 0xff, 0xff, 0xff, 0x10, 0x0, 0x0,
    0x0, 0x0, 0x0, 0x0, 0xaf, 0xff, 0xff, 0xff,
    0x20, 0x0, 0x0, 0x0, 0x0, 0x0, 0x0, 0x9f,
    0xff, 0xff, 0xff, 0x40, 0x0, 0x0, 0x0, 0x0,
    0x0, 0x0, 0x7f, 0xff, 0xff, 0xff, 0x60, 0x0,
    0x0, 0x0, 0x0, 0x0, 0x0, 0x5f, 0xff, 0xff,
    0xff, 0x90, 0x0, 0x0, 0x0, 0x0, 0x0, 0x0,
    0x3f, 0xff, 0xff, 0xff, 0xd0, 0x0, 0x0, 0x0,
    0x0, 0x0, 0x0, 0xf, 0xff, 0xff, 0xff, 0xf2,
    0x0, 0x0, 0x0, 0x0, 0x0, 0x0, 0xc, 0xff,
    0xff, 0xff, 0xf7, 0x0, 0x0, 0x0, 0x0, 0x0,
    0x0, 0x8, 0xff, 0xff, 0xff, 0xfe, 0x0, 0x0,
    0x0, 0x0, 0x0, 0x0, 0x3, 0xff, 0xff, 0xff,
    0xff, 0x70, 0x0, 0x0, 0x0, 0x0, 0x0, 0x0,
    0xdf, 0xff, 0xff, 0xff, 0xf3, 0x0, 0x0, 0x0,
    0x0, 0x0, 0x0, 0x6f, 0xff, 0xff, 0xff, 0xfe,
    0x30, 0x0, 0x0, 0x0, 0x0, 0x0, 0xe, 0xff,
    0xff, 0xff, 0xff, 0xf4, 0x0, 0x0, 0x0, 0x0,
    0x0, 0x5, 0xff, 0xff, 0xff, 0xff, 0xff, 0xb3,
    0x0, 0x0, 0x0, 0x0, 0x0, 0xbf, 0xff, 0xff,
    0xff, 0xff, 0xff, 0xd9, 0x42, 0x10, 0x0, 0x0,
    0xd, 0xff, 0xff, 0xff, 0xff, 0xff, 0xff, 0xff,
    0xff, 0x0, 0x0, 0x2, 0xdf, 0xff, 0xff, 0xff,
    0xff, 0xff, 0xff, 0xff, 0x0, 0x0, 0x0, 0x1c,
    0xff, 0xff, 0xff, 0xff, 0xff, 0xff, 0xff, 0x0,
    0x0, 0x0, 0x0, 0x8f, 0xff, 0xff, 0xff, 0xff,
    0xff, 0xff, 0x0, 0x0, 0x0, 0x0, 0x2, 0xbf,
    0xff, 0xff, 0xff, 0xff, 0xff, 0x0, 0x0, 0x0,
    0x0, 0x0, 0x2, 0x8d, 0xff, 0xff, 0xff, 0xff,
    0x0, 0x0, 0x0, 0x0, 0x0, 0x0, 0x0, 0x15,
    0x8a, 0xde, 0xee,

    /* U+0029 ")" */
    0xfe, 0xed, 0xa8, 0x51, 0x0, 0x0, 0x0, 0x0,
    0x0, 0x0, 0x0, 0xff, 0xff, 0xff, 0xff, 0xd8,
    0x20, 0x0, 0x0, 0x0, 0x0, 0x0, 0xff, 0xff,
    0xff, 0xff, 0xff, 0xfa, 0x20, 0x0, 0x0, 0x0,
    0x0, 0xff, 0xff, 0xff, 0xff, 0xff, 0xff, 0xf8,
    0x0, 0x0, 0x0, 0x0, 0xff, 0xff, 0xff, 0xff,
    0xff, 0xff, 0xff, 0xc1, 0x0, 0x0, 0x0, 0xff,
    0xff, 0xff, 0xff, 0xff, 0xff, 0xff, 0xfd, 0x10,
    0x0, 0x0, 0xff, 0xff, 0xff, 0xff, 0xff, 0xff,
    0xff, 0xff, 0xd0, 0x0, 0x0, 0x0, 0x24, 0x8c,
    0xff, 0xff, 0xff, 0xff, 0xff, 0xfa, 0x0, 0x0,
    0x0, 0x0, 0x0, 0x2a, 0xff, 0xff, 0xff, 0xff,
    0xff, 0x40, 0x0, 0x0, 0x0, 0x0, 0x0, 0x4e,
    0xff, 0xff, 0xff, 0xff, 0xd0, 0x0, 0x0, 0x0,
    0x0, 0x0, 0x2, 0xef, 0xff, 0xff, 0xff, 0xf6,
    0x0, 0x0, 0x0, 0x0, 0x0, 0x0, 0x3f, 0xff,
    0xff, 0xff, 0xfc, 0x0, 0x0, 0x0, 0x0, 0x0,
    0x0, 0x7, 0xff, 0xff, 0xff, 0xff, 0x20, 0x0,
    0x0, 0x0, 0x0, 0x0, 0x0, 0xef, 0xff, 0xff,
    0xff, 0x70, 0x0, 0x0, 0x0, 0x0, 0x0, 0x0,
    0x8f, 0xff, 0xff, 0xff, 0xb0, 0x0, 0x0, 0x0,
    0x0, 0x0, 0x0, 0x2f, 0xff, 0xff, 0xff, 0xf0,
    0x0, 0x0, 0x0, 0x0, 0x0, 0x0, 0xd, 0xff,
    0xff, 0xff, 0xf3, 0x0, 0x0, 0x0, 0x0, 0x0,
    0x0, 0xa, 0xff, 0xff, 0xff, 0xf5, 0x0, 0x0,
    0x0, 0x0, 0x0, 0x0, 0x7, 0xff, 0xff, 0xff,
    0xf7, 0x0, 0x0, 0x0, 0x0, 0x0, 0x0, 0x4,
    0xff, 0xff, 0xff, 0xf9, 0x0, 0x0, 0x0, 0x0,
    0x0, 0x0, 0x3, 0xff, 0xff, 0xff, 0xfa, 0x0,
    0x0, 0x0, 0x0, 0x0, 0x0, 0x1, 0xff, 0xff,
    0xff, 0xfa, 0x0, 0x0, 0x0, 0x0, 0x0, 0x0,
    0x1, 0xff, 0xff, 0xff, 0xfb, 0x0, 0x0, 0x0,
    0x0, 0x0, 0x0, 0x0, 0xff, 0xff, 0xff, 0xfc,
    0x0, 0x0, 0x0, 0x0, 0x0, 0x0, 0x0, 0xff,
    0xff, 0xff, 0xfc, 0x0, 0x0, 0x0, 0x0, 0x0,
    0x0, 0x0, 0xff, 0xff, 0xff, 0xfc, 0x0, 0x0,
    0x0, 0x0, 0x0, 0x0, 0x0, 0xff, 0xff, 0xff,
    0xfc, 0x0, 0x0, 0x0, 0x0, 0x0, 0x0, 0x0,
    0xff, 0xff, 0xff, 0xfc, 0x0, 0x0, 0x0, 0x0,
    0x0, 0x0, 0x0, 0xff, 0xff, 0xff, 0xfc, 0x0,
    0x0, 0x0, 0x0, 0x0, 0x0, 0x0, 0xff, 0xff,
    0xff, 0xfc, 0x0, 0x0, 0x0, 0x0, 0x0, 0x0,
    0x0, 0xff, 0xff, 0xff, 0xfc, 0x0, 0x0, 0x0,
    0x0, 0x0, 0x0, 0x0, 0xff, 0xff, 0xff, 0xfc,
    0x0, 0x0, 0x0, 0x0, 0x0, 0x0, 0x0, 0xff,
    0xff, 0xff, 0xfc, 0x0, 0x0, 0x0, 0x0, 0x0,
    0x0, 0x0, 0xff, 0xff, 0xff, 0xfc, 0x0, 0x0,
    0x0, 0x0, 0x0, 0x0, 0x0, 0xff, 0xff, 0xff,
    0xfc, 0x0, 0x0, 0x0, 0x0, 0x0, 0x0, 0x0,
    0xff, 0xff, 0xff, 0xfc, 0x0, 0x0, 0x0, 0x0,
    0x0, 0x0, 0x0, 0xff, 0xff, 0xff, 0xfc, 0x0,
    0x0, 0x0, 0x0, 0x0, 0x0, 0x0, 0xff, 0xff,
    0xff, 0xfc, 0x0, 0x0, 0x0, 0x0, 0x0, 0x0,
    0x0, 0xff, 0xff, 0xff, 0xfc, 0x0, 0x0, 0x0,
    0x0, 0x0, 0x0, 0x0, 0xff, 0xff, 0xff, 0xfc,
    0x0, 0x0, 0x0, 0x0, 0x0, 0x0, 0x0, 0xff,
    0xff, 0xff, 0xfc, 0x0, 0x0, 0x0, 0x0, 0x0,
    0x0, 0x0, 0xff, 0xff, 0xff, 0xfc, 0x0, 0x0,
    0x0, 0x0, 0x0, 0x0, 0x1, 0xff, 0xff, 0xff,
    0xfb, 0x0, 0x0, 0x0, 0x0, 0x0, 0x0, 0x1,
    0xff, 0xff, 0xff, 0xfa, 0x0, 0x0, 0x0, 0x0,
    0x0, 0x0, 0x3, 0xff, 0xff, 0xff, 0xfa, 0x0,
    0x0, 0x0, 0x0, 0x0, 0x0, 0x4, 0xff, 0xff,
    0xff, 0xf9, 0x0, 0x0, 0x0, 0x0, 0x0, 0x0,
    0x7, 0xff, 0xff, 0xff, 0xf7, 0x0, 0x0, 0x0,
    0x0, 0x0, 0x0, 0xa, 0xff, 0xff, 0xff, 0xf5,
    0x0, 0x0, 0x0, 0x0, 0x0, 0x0, 0xd, 0xff,
    0xff, 0xff, 0xf3, 0x0, 0x0, 0x0, 0x0, 0x0,
    0x0, 0x2f, 0xff, 0xff, 0xff, 0xf0, 0x0, 0x0,
    0x0, 0x0, 0x0, 0x0, 0x8f, 0xff, 0xff, 0xff,
    0xb0, 0x0, 0x0, 0x0, 0x0, 0x0, 0x0, 0xef,
    0xff, 0xff, 0xff, 0x70, 0x0, 0x0, 0x0, 0x0,
    0x0, 0x7, 0xff, 0xff, 0xff, 0xff, 0x20, 0x0,
    0x0, 0x0, 0x0, 0x0, 0x3f, 0xff, 0xff, 0xff,
    0xfc, 0x0, 0x0, 0x0, 0x0, 0x0, 0x3, 0xef,
    0xff, 0xff, 0xff, 0xf6, 0x0, 0x0, 0x0, 0x0,
    0x0, 0x4f, 0xff, 0xff, 0xff, 0xff, 0xd0, 0x0,
    0x0, 0x0, 0x0, 0x3b, 0xff, 0xff, 0xff, 0xff,
    0xff, 0x40, 0x0, 0x1, 0x34, 0x9d, 0xff, 0xff,
    0xff, 0xff, 0xff, 0xfa, 0x0, 0x0, 0xff, 0xff,
    0xff, 0xff, 0xff, 0xff, 0xff, 0xff, 0xd0, 0x0,
    0x0, 0xff, 0xff, 0xff, 0xff, 0xff, 0xff, 0xff,
    0xfd, 0x10, 0x0, 0x0, 0xff, 0xff, 0xff, 0xff,
    0xff, 0xff, 0xff, 0xc1, 0x0, 0x0, 0x0, 0xff,
    0xff, 0xff, 0xff, 0xff, 0xff, 0xf8, 0x0, 0x0,
    0x0, 0x0, 0xff, 0xff, 0xff, 0xff, 0xff, 0xfb,
    0x20, 0x0, 0x0, 0x0, 0x0, 0xff, 0xff, 0xff,
    0xff, 0xd8, 0x20, 0x0, 0x0, 0x0, 0x0, 0x0,
    0xfe, 0xed, 0xa8, 0x51, 0x0, 0x0, 0x0, 0x0,
    0x0, 0x0, 0x0,

    /* U+002A "*" */
    0x0, 0x0, 0x0, 0x0, 0x0, 0x0, 0x4, 0x44,
    0x42, 0x0, 0x0, 0x0, 0x0, 0x0, 0x0, 0x0,
    0x0, 0x0, 0x0, 0x0, 0x0, 0x1f, 0xff, 0xfa,
    0x0, 0x0, 0x0, 0x0, 0x0, 0x0, 0x0, 0x0,
    0x0, 0x0, 0x0, 0x0, 0x1f, 0xff, 0xfa, 0x0,
    0x0, 0x0, 0x0, 0x0, 0x0, 0x0, 0x0, 0x0,
    0x51, 0x0, 0x0, 0x1f, 0xff, 0xfa, 0x0, 0x0,
    0x4, 0x20, 0x0, 0x0, 0x0, 0x0, 0x7, 0xfc,
    0x10, 0x0, 0x1f, 0xff, 0xfa, 0x0, 0x0, 0x5f,
    0xe1, 0x0, 0x0, 0x0, 0x0, 0x6f, 0xff, 0xc1,
    0x0, 0x1f, 0xff, 0xfa, 0x0, 0x5, 0xff, 0xfd,
    0x10, 0x0, 0x0, 0x5, 0xff, 0xff, 0xfc, 0x10,
    0xf, 0xff, 0xf8, 0x0, 0x5f, 0xff, 0xff, 0xd0,
    0x0, 0x0, 0x1, 0xcf, 0xff, 0xff, 0xa0, 0xc,
    0xff, 0xf5, 0x2, 0xff, 0xff, 0xff, 0x60, 0x0,
    0x0, 0x0, 0x1d, 0xff, 0xff, 0xf5, 0x9, 0xff,
    0xf2, 0xc, 0xff, 0xff, 0xf7, 0x0, 0x0, 0x0,
    0x0, 0x1, 0xdf, 0xff, 0xfe, 0x16, 0xff, 0xf0,
    0x7f, 0xff, 0xff, 0x70, 0x0, 0x0, 0x0, 0x0,
    0x0, 0x1c, 0xff, 0xff, 0xb8, 0xff, 0xe6, 0xff,
    0xff, 0xf6, 0x0, 0x0, 0x0, 0x0, 0x0, 0x0,
    0x0, 0x7f, 0xff, 0xff, 0xff, 0xff, 0xff, 0xfd,
    0x20, 0x0, 0x0, 0x0, 0x0, 0x0, 0x0, 0x0,
    0x2, 0xdf, 0xff, 0xff, 0xff, 0xff, 0x80, 0x0,
    0x0, 0x0, 0x0, 0x3f, 0xff, 0xff, 0xdb, 0x85,
    0x8f, 0xff, 0xff, 0xff, 0xff, 0x46, 0x9c, 0xff,
    0xff, 0xfc, 0x3f, 0xff, 0xff, 0xff, 0xff, 0xff,
    0xff, 0xff, 0xff, 0xff, 0xff, 0xff, 0xff, 0xff,
    0xfc, 0x3f, 0xff, 0xff, 0xff, 0xff, 0xff, 0xff,
    0xff, 0xff, 0xff, 0xff, 0xff, 0xff, 0xff, 0xfc,
    0x3f, 0xff, 0xff, 0xff, 0xff, 0xff, 0xff, 0xff,
    0xff, 0xff, 0xff, 0xff, 0xff, 0xff, 0xfc, 0x2c,
    0xcc, 0xcc, 0xa7, 0x41, 0x6f, 0xff, 0xff, 0xff,
    0xff, 0x3, 0x58, 0xbc, 0xcc, 0xc9, 0x0, 0x0,
    0x0, 0x0, 0x5, 0xff, 0xff, 0xff, 0xff, 0xff,
    0xb1, 0x0, 0x0, 0x0, 0x0, 0x0, 0x0, 0x0,
    0x1, 0xaf, 0xff, 0xff, 0xff, 0xff, 0xff, 0xff,
    0x50, 0x0, 0x0, 0x0, 0x0, 0x0, 0x0, 0x3e,
    0xff, 0xff, 0x86, 0xff, 0xe2, 0xef, 0xff, 0xfa,
    0x0, 0x0, 0x0, 0x0, 0x0, 0x3, 0xff, 0xff,
    0xfd, 0x7, 0xff, 0xf0, 0x5f, 0xff, 0xff, 0xa0,
    0x0, 0x0, 0x0, 0x0, 0x3e, 0xff, 0xff, 0xf3,
    0xa, 0xff, 0xf3, 0xa, 0xff, 0xff, 0xfa, 0x0,
    0x0, 0x0, 0x2, 0xef, 0xff, 0xff, 0x80, 0xd,
    0xff, 0xf6, 0x1, 0xef, 0xff, 0xff, 0xa0, 0x0,
    0x0, 0x3, 0xff, 0xff, 0xfa, 0x0, 0xf, 0xff,
    0xf8, 0x0, 0x2e, 0xff, 0xff, 0xb0, 0x0, 0x0,
    0x0, 0x3f, 0xff, 0x90, 0x0, 0x1f, 0xff, 0xfa,
    0x0, 0x2, 0xef, 0xfb, 0x0, 0x0, 0x0, 0x0,
    0x3, 0xf9, 0x0, 0x0, 0x1f, 0xff, 0xfa, 0x0,
    0x0, 0x2e, 0xb0, 0x0, 0x0, 0x0, 0x0, 0x0,
    0x20, 0x0, 0x0, 0x1f, 0xff, 0xfa, 0x0, 0x0,
    0x2, 0x0, 0x0, 0x0, 0x0, 0x0, 0x0, 0x0,
    0x0, 0x0, 0x1f, 0xff, 0xfa, 0x0, 0x0, 0x0,
    0x0, 0x0, 0x0, 0x0, 0x0, 0x0, 0x0, 0x0,
    0x0, 0x1f, 0xff, 0xfa, 0x0, 0x0, 0x0, 0x0,
    0x0, 0x0,

    /* U+002B "+" */
    0x0, 0x0, 0x0, 0x0, 0x0, 0x0, 0x0, 0x0,
    0x0, 0x0, 0x0, 0x0, 0x0, 0x0, 0x0, 0x0,
    0x0, 0x0, 0x0, 0xff, 0xff, 0xff, 0xf9, 0x0,
    0x0, 0x0, 0x0, 0x0, 0x0, 0x0, 0x0, 0x0,
    0x0, 0xff, 0xff, 0xff, 0xf9, 0x0, 0x0, 0x0,
    0x0, 0x0, 0x0, 0x0, 0x0, 0x0, 0x0, 0xff,
    0xff, 0xff, 0xf9, 0x0, 0x0, 0x0, 0x0, 0x0,
    0x0, 0x0, 0x0, 0x0, 0x0, 0xff, 0xff, 0xff,
    0xf9, 0x0, 0x0, 0x0, 0x0, 0x0, 0x0, 0x0,
    0x0, 0x0, 0x0, 0xff, 0xff, 0xff, 0xf9, 0x0,
    0x0, 0x0, 0x0, 0x0, 0x0, 0x0, 0x0, 0x0,
    0x0, 0xff, 0xff, 0xff, 0xf9, 0x0, 0x0, 0x0,
    0x0, 0x0, 0x0, 0x0, 0x0, 0x0, 0x0, 0xff,
    0xff, 0xff, 0xf9, 0x0, 0x0, 0x0, 0x0, 0x0,
    0x0, 0x0, 0x0, 0x0, 0x0, 0xff, 0xff, 0xff,
    0xf9, 0x0, 0x0, 0x0, 0x0, 0x0, 0x0, 0x0,
    0x0, 0x0, 0x0, 0xff, 0xff, 0xff, 0xf9, 0x0,
    0x0, 0x0, 0x0, 0x0, 0x36, 0x66, 0x66, 0x66,
    0x66, 0xff, 0xff, 0xff, 0xfc, 0x66, 0x66, 0x66,
    0x66, 0x61, 0x8f, 0xff, 0xff, 0xff, 0xff, 0xff,
    0xff, 0xff, 0xff, 0xff, 0xff, 0xff, 0xff, 0xf3,
    0x8f, 0xff, 0xff, 0xff, 0xff, 0xff, 0xff, 0xff,
    0xff, 0xff, 0xff, 0xff, 0xff, 0xf3, 0x8f, 0xff,
    0xff, 0xff, 0xff, 0xff, 0xff, 0xff, 0xff, 0xff,
    0xff, 0xff, 0xff, 0xf3, 0x8f, 0xff, 0xff, 0xff,
    0xff, 0xff, 0xff, 0xff, 0xff, 0xff, 0xff, 0xff,
    0xff, 0xf3, 0x8f, 0xff, 0xff, 0xff, 0xff, 0xff,
    0xff, 0xff, 0xff, 0xff, 0xff, 0xff, 0xff, 0xf3,
    0x8f, 0xff, 0xff, 0xff, 0xff, 0xff, 0xff, 0xff,
    0xff, 0xff, 0xff, 0xff, 0xff, 0xf3, 0x8f, 0xff,
    0xff, 0xff, 0xff, 0xff, 0xff, 0xff, 0xff, 0xff,
    0xff, 0xff, 0xff, 0xf3, 0x0, 0x0, 0x0, 0x0,
    0x0, 0xff, 0xff, 0xff, 0xf9, 0x0, 0x0, 0x0,
    0x0, 0x0, 0x0, 0x0, 0x0, 0x0, 0x0, 0xff,
    0xff, 0xff, 0xf9, 0x0, 0x0, 0x0, 0x0, 0x0,
    0x0, 0x0, 0x0, 0x0, 0x0, 0xff, 0xff, 0xff,
    0xf9, 0x0, 0x0, 0x0, 0x0, 0x0, 0x0, 0x0,
    0x0, 0x0, 0x0, 0xff, 0xff, 0xff, 0xf9, 0x0,
    0x0, 0x0, 0x0, 0x0, 0x0, 0x0, 0x0, 0x0,
    0x0, 0xff, 0xff, 0xff, 0xf9, 0x0, 0x0, 0x0,
    0x0, 0x0, 0x0, 0x0, 0x0, 0x0, 0x0, 0xff,
    0xff, 0xff, 0xf9, 0x0, 0x0, 0x0, 0x0, 0x0,
    0x0, 0x0, 0x0, 0x0, 0x0, 0xff, 0xff, 0xff,
    0xf9, 0x0, 0x0, 0x0, 0x0, 0x0, 0x0, 0x0,
    0x0, 0x0, 0x0, 0xff, 0xff, 0xff, 0xf9, 0x0,
    0x0, 0x0, 0x0, 0x0, 0x0, 0x0, 0x0, 0x0,
    0x0, 0xff, 0xff, 0xff, 0xf9, 0x0, 0x0, 0x0,
    0x0, 0x0, 0x0, 0x0, 0x0, 0x0, 0x0, 0xff,
    0xff, 0xff, 0xf9, 0x0, 0x0, 0x0, 0x0, 0x0,

    /* U+002C "," */
    0x0, 0x5, 0xbe, 0xfe, 0xa3, 0x0, 0x0, 0xa,
    0xff, 0xff, 0xff, 0xf7, 0x0, 0x8, 0xff, 0xff,
    0xff, 0xff, 0xf5, 0x1, 0xff, 0xff, 0xff, 0xff,
    0xff, 0xd0, 0x6f, 0xff, 0xff, 0xff, 0xff, 0xff,
    0x28, 0xff, 0xff, 0xff, 0xff, 0xff, 0xf4, 0x7f,
    0xff, 0xff, 0xff, 0xff, 0xff, 0x54, 0xff, 0xff,
    0xff, 0xff, 0xff, 0xf5, 0xd, 0xff, 0xff, 0xff,
    0xff, 0xff, 0x50, 0x2e, 0xff, 0xff, 0xff, 0xff,
    0xf5, 0x0, 0x1a, 0xff, 0xff, 0xff, 0xff, 0x50,
    0x0, 0x1, 0x45, 0xaf, 0xff, 0xf5, 0x0, 0x0,
    0x0, 0x8, 0xff, 0xff, 0x50, 0x0, 0x0, 0x0,
    0x8f, 0xff, 0xf5, 0x0, 0x0, 0x0, 0xa, 0xff,
    0xff, 0x40, 0x0, 0x0, 0x1, 0xff, 0xff, 0xf3,
    0x0, 0x66, 0x68, 0xef, 0xff, 0xff, 0x0, 0xf,
    0xff, 0xff, 0xff, 0xff, 0xa0, 0x0, 0xff, 0xff,
    0xff, 0xff, 0xf2, 0x0, 0xf, 0xff, 0xff, 0xff,
    0xe3, 0x0, 0x0, 0xff, 0xff, 0xeb, 0x70, 0x0,
    0x0,

    /* U+002D "-" */
    0x36, 0x66, 0x66, 0x66, 0x66, 0x66, 0x66, 0x66,
    0x66, 0x61, 0xaf, 0xff, 0xff, 0xff, 0xff, 0xff,
    0xff, 0xff, 0xff, 0xf4, 0xaf, 0xff, 0xff, 0xff,
    0xff, 0xff, 0xff, 0xff, 0xff, 0xf4, 0xaf, 0xff,
    0xff, 0xff, 0xff, 0xff, 0xff, 0xff, 0xff, 0xf4,
    0xaf, 0xff, 0xff, 0xff, 0xff, 0xff, 0xff, 0xff,
    0xff, 0xf4, 0xaf, 0xff, 0xff, 0xff, 0xff, 0xff,
    0xff, 0xff, 0xff, 0xf4, 0xaf, 0xff, 0xff, 0xff,
    0xff, 0xff, 0xff, 0xff, 0xff, 0xf4, 0xaf, 0xff,
    0xff, 0xff, 0xff, 0xff, 0xff, 0xff, 0xff, 0xf4,

    /* U+002E "." */
    0x0, 0x0, 0x3, 0x43, 0x0, 0x0, 0x0, 0x0,
    0x8e, 0xff, 0xff, 0x90, 0x0, 0x0, 0xcf, 0xff,
    0xff, 0xff, 0xd1, 0x0, 0xaf, 0xff, 0xff, 0xff,
    0xff, 0xb0, 0x2f, 0xff, 0xff, 0xff, 0xff, 0xff,
    0x36, 0xff, 0xff, 0xff, 0xff, 0xff, 0xf7, 0x8f,
    0xff, 0xff, 0xff, 0xff, 0xff, 0x97, 0xff, 0xff,
    0xff, 0xff, 0xff, 0xf8, 0x5f, 0xff, 0xff, 0xff,
    0xff, 0xff, 0x60, 0xff, 0xff, 0xff, 0xff, 0xff,
    0xf1, 0x6, 0xff, 0xff, 0xff, 0xff, 0xf7, 0x0,
    0x8, 0xff, 0xff, 0xff, 0xf9, 0x0, 0x0, 0x3,
    0xae, 0xfe, 0xb4, 0x0, 0x0,

    /* U+002F "/" */
    0x0, 0x0, 0x0, 0x0, 0x0, 0x0, 0x0, 0x0,
    0x0, 0x5, 0xff, 0xff, 0xff, 0xfb, 0x0, 0x0,
    0x0, 0x0, 0x0, 0x0, 0x0, 0x0, 0x0, 0xb,
    0xff, 0xff, 0xff, 0xf5, 0x0, 0x0, 0x0, 0x0,
    0x0, 0x0, 0x0, 0x0, 0x0, 0xf, 0xff, 0xff,
    0xff, 0xf1, 0x0, 0x0, 0x0, 0x0, 0x0, 0x0,
    0x0, 0x0, 0x0, 0x5f, 0xff, 0xff, 0xff, 0xb0,
    0x0, 0x0, 0x0, 0x0, 0x0, 0x0, 0x0, 0x0,
    0x0, 0xaf, 0xff, 0xff, 0xff, 0x60, 0x0, 0x0,
    0x0, 0x0, 0x0, 0x0, 0x0, 0x0, 0x0, 0xff,
    0xff, 0xff, 0xff, 0x10, 0x0, 0x0, 0x0, 0x0,
    0x0, 0x0, 0x0, 0x0, 0x5, 0xff, 0xff, 0xff,
    0xfb, 0x0, 0x0, 0x0, 0x0, 0x0, 0x0, 0x0,
    0x0, 0x0, 0xa, 0xff, 0xff, 0xff, 0xf6, 0x0,
    0x0, 0x0, 0x0, 0x0, 0x0, 0x0, 0x0, 0x0,
    0xf, 0xff, 0xff, 0xff, 0xf1, 0x0, 0x0, 0x0,
    0x0, 0x0, 0x0, 0x0, 0x0, 0x0, 0x4f, 0xff,
    0xff, 0xff, 0xc0, 0x0, 0x0, 0x0, 0x0, 0x0,
    0x0, 0x0, 0x0, 0x0, 0x9f, 0xff, 0xff, 0xff,
    0x70, 0x0, 0x0, 0x0, 0x0, 0x0, 0x0, 0x0,
    0x0, 0x0, 0xef, 0xff, 0xff, 0xff, 0x20, 0x0,
    0x0, 0x0, 0x0, 0x0, 0x0, 0x0, 0x0, 0x4,
    0xff, 0xff, 0xff, 0xfc, 0x0, 0x0, 0x0, 0x0,
    0x0, 0x0, 0x0, 0x0, 0x0, 0x9, 0xff, 0xff,
    0xff, 0xf7, 0x0, 0x0, 0x0, 0x0, 0x0, 0x0,
    0x0, 0x0, 0x0, 0xe, 0xff, 0xff, 0xff, 0xf2,
    0x0, 0x0, 0x0, 0x0, 0x0, 0x0, 0x0, 0x0,
    0x0, 0x3f, 0xff, 0xff, 0xff, 0xd0, 0x0, 0x0,
    0x0, 0x0, 0x0, 0x0, 0x0, 0x0, 0x0, 0x8f,
    0xff, 0xff, 0xff, 0x80, 0x0, 0x0, 0x0, 0x0,
    0x0, 0x0, 0x0, 0x0, 0x0, 0xef, 0xff, 0xff,
    0xff, 0x20, 0x0, 0x0, 0x0, 0x0, 0x0, 0x0,
    0x0, 0x0, 0x3, 0xff, 0xff, 0xff, 0xfd, 0x0,
    0x0, 0x0, 0x0, 0x0, 0x0, 0x0, 0x0, 0x0,
    0x8, 0xff, 0xff, 0xff, 0xf8, 0x0, 0x0, 0x0,
    0x0, 0x0, 0x0, 0x0, 0x0, 0x0, 0xd, 0xff,
    0xff, 0xff, 0xf3, 0x0, 0x0, 0x0, 0x0, 0x0,
    0x0, 0x0, 0x0, 0x0, 0x2f, 0xff, 0xff, 0xff,
    0xe0, 0x0, 0x0, 0x0, 0x0, 0x0, 0x0, 0x0,
    0x0, 0x0, 0x8f, 0xff, 0xff, 0xff, 0x80, 0x0,
    0x0, 0x0, 0x0, 0x0, 0x0, 0x0, 0x0, 0x0,
    0xdf, 0xff, 0xff, 0xff, 0x30, 0x0, 0x0, 0x0,
    0x0, 0x0, 0x0, 0x0, 0x0, 0x2, 0xff, 0xff,
    0xff, 0xfe, 0x0, 0x0, 0x0, 0x0, 0x0, 0x0,
    0x0, 0x0, 0x0, 0x7, 0xff, 0xff, 0xff, 0xf9,
    0x0, 0x0, 0x0, 0x0, 0x0, 0x0, 0x0, 0x0,
    0x0, 0xc, 0xff, 0xff, 0xff, 0xf4, 0x0, 0x0,
    0x0, 0x0, 0x0, 0x0, 0x0, 0x0, 0x0, 0x2f,
    0xff, 0xff, 0xff, 0xe0, 0x0, 0x0, 0x0, 0x0,
    0x0, 0x0, 0x0, 0x0, 0x0, 0x7f, 0xff, 0xff,
    0xff, 0x90, 0x0, 0x0, 0x0, 0x0, 0x0, 0x0,
    0x0, 0x0, 0x0, 0xcf, 0xff, 0xff, 0xff, 0x40,
    0x0, 0x0, 0x0, 0x0, 0x0, 0x0, 0x0, 0x0,
    0x1, 0xff, 0xff, 0xff, 0xff, 0x0, 0x0, 0x0,
    0x0, 0x0, 0x0, 0x0, 0x0, 0x0, 0x6, 0xff,
    0xff, 0xff, 0xfa, 0x0, 0x0, 0x0, 0x0, 0x0,
    0x0, 0x0, 0x0, 0x0, 0xc, 0xff, 0xff, 0xff,
    0xf5, 0x0, 0x0, 0x0, 0x0, 0x0, 0x0, 0x0,
    0x0, 0x0, 0x1f, 0xff, 0xff, 0xff, 0xf0, 0x0,
    0x0, 0x0, 0x0, 0x0, 0x0, 0x0, 0x0, 0x0,
    0x6f, 0xff, 0xff, 0xff, 0xa0, 0x0, 0x0, 0x0,
    0x0, 0x0, 0x0, 0x0, 0x0, 0x0, 0xbf, 0xff,
    0xff, 0xff, 0x50, 0x0, 0x0, 0x0, 0x0, 0x0,
    0x0, 0x0, 0x0, 0x1, 0xff, 0xff, 0xff, 0xff,
    0x0, 0x0, 0x0, 0x0, 0x0, 0x0, 0x0, 0x0,
    0x0, 0x6, 0xff, 0xff, 0xff, 0xfb, 0x0, 0x0,
    0x0, 0x0, 0x0, 0x0, 0x0, 0x0, 0x0, 0xb,
    0xff, 0xff, 0xff, 0xf5, 0x0, 0x0, 0x0, 0x0,
    0x0, 0x0, 0x0, 0x0, 0x0, 0xf, 0xff, 0xff,
    0xff, 0xf1, 0x0, 0x0, 0x0, 0x0, 0x0, 0x0,
    0x0, 0x0, 0x0, 0x5f, 0xff, 0xff, 0xff, 0xb0,
    0x0, 0x0, 0x0, 0x0, 0x0, 0x0, 0x0, 0x0,
    0x0, 0xaf, 0xff, 0xff, 0xff, 0x60, 0x0, 0x0,
    0x0, 0x0, 0x0, 0x0, 0x0, 0x0, 0x0, 0xff,
    0xff, 0xff, 0xff, 0x10, 0x0, 0x0, 0x0, 0x0,
    0x0, 0x0, 0x0, 0x0, 0x5, 0xff, 0xff, 0xff,
    0xfb, 0x0, 0x0, 0x0, 0x0, 0x0, 0x0, 0x0,
    0x0, 0x0, 0xa, 0xff, 0xff, 0xff, 0xf6, 0x0,
    0x0, 0x0, 0x0, 0x0, 0x0, 0x0, 0x0, 0x0,
    0xf, 0xff, 0xff, 0xff, 0xf1, 0x0, 0x0, 0x0,
    0x0, 0x0, 0x0, 0x0, 0x0, 0x0, 0x4f, 0xff,
    0xff, 0xff, 0xc0, 0x0, 0x0, 0x0, 0x0, 0x0,
    0x0, 0x0, 0x0, 0x0, 0x9f, 0xff, 0xff, 0xff,
    0x70, 0x0, 0x0, 0x0, 0x0, 0x0, 0x0, 0x0,
    0x0, 0x0, 0xef, 0xff, 0xff, 0xff, 0x20, 0x0,
    0x0, 0x0, 0x0, 0x0, 0x0, 0x0, 0x0, 0x4,
    0xff, 0xff, 0xff, 0xfc, 0x0, 0x0, 0x0, 0x0,
    0x0, 0x0, 0x0, 0x0, 0x0, 0x9, 0xff, 0xff,
    0xff, 0xf7, 0x0, 0x0, 0x0, 0x0, 0x0, 0x0,
    0x0, 0x0, 0x0, 0xe, 0xff, 0xff, 0xff, 0xf2,
    0x0, 0x0, 0x0, 0x0, 0x0, 0x0, 0x0, 0x0,
    0x0, 0x3f, 0xff, 0xff, 0xff, 0xd0, 0x0, 0x0,
    0x0, 0x0, 0x0, 0x0, 0x0, 0x0, 0x0, 0x9f,
    0xff, 0xff, 0xff, 0x80, 0x0, 0x0, 0x0, 0x0,
    0x0, 0x0, 0x0, 0x0, 0x0, 0xef, 0xff, 0xff,
    0xff, 0x20, 0x0, 0x0, 0x0, 0x0, 0x0, 0x0,
    0x0, 0x0, 0x3, 0xff, 0xff, 0xff, 0xfd, 0x0,
    0x0, 0x0, 0x0, 0x0, 0x0, 0x0, 0x0, 0x0,
    0x8, 0xff, 0xff, 0xff, 0xf8, 0x0, 0x0, 0x0,
    0x0, 0x0, 0x0, 0x0, 0x0, 0x0, 0xd, 0xff,
    0xff, 0xff, 0xf3, 0x0, 0x0, 0x0, 0x0, 0x0,
    0x0, 0x0, 0x0, 0x0,

    /* U+0030 "0" */
    0x0, 0x0, 0x0, 0x0, 0x0, 0x2, 0x69, 0xce,
    0xff, 0xfe, 0xdb, 0x84, 0x0, 0x0, 0x0, 0x0,
    0x0, 0x0, 0x0, 0x0, 0x0, 0x0, 0x6, 0xdf,
    0xff, 0xff, 0xff, 0xff, 0xff, 0xff, 0xf9, 0x30,
    0x0, 0x0, 0x0, 0x0, 0x0, 0x0, 0x0, 0x5,
    0xef, 0xff, 0xff, 0xff, 0xff, 0xff, 0xff, 0xff,
    0xff, 0xfa, 0x10, 0x0, 0x0, 0x0, 0x0, 0x0,
    0x0, 0xaf, 0xff, 0xff, 0xff, 0xff, 0xff, 0xff,
    0xff, 0xff, 0xff, 0xff, 0xe4, 0x0, 0x0, 0x0,
    0x0, 0x0, 0x1d, 0xff, 0xff, 0xff, 0xff, 0xff,
    0xff, 0xff, 0xff, 0xff, 0xff, 0xff, 0xff, 0x60,
    0x0, 0x0, 0x0, 0x0, 0xdf, 0xff, 0xff, 0xff,
    0xff, 0xff, 0xff, 0xff, 0xff, 0xff, 0xff, 0xff,
    0xff, 0xf5, 0x0, 0x0, 0x0, 0xa, 0xff, 0xff,
    0xff, 0xff, 0xff, 0xff, 0xff, 0xff, 0xff, 0xff,
    0xff, 0xff, 0xff, 0xff, 0x20, 0x0, 0x0, 0x5f,
    0xff, 0xff, 0xff, 0xff, 0xff, 0xd9, 0x76, 0x78,
    0xbf, 0xff, 0xff, 0xff, 0xff, 0xff, 0xc0, 0x0,
    0x0, 0xdf, 0xff, 0xff, 0xff, 0xff, 0xb3, 0x0,
    0x0, 0x0, 0x0, 0x7e, 0xff, 0xff, 0xff, 0xff,
    0xf5, 0x0, 0x5, 0xff, 0xff, 0xff, 0xff, 0xf7,
    0x0, 0x0, 0x0, 0x0, 0x0, 0x2, 0xdf, 0xff,
    0xff, 0xff, 0xfc, 0x0, 0xb, 0xff, 0xff, 0xff,
    0xff, 0x70, 0x0, 0x0, 0x0, 0x0, 0x0, 0x0,
    0x1e, 0xff, 0xff, 0xff, 0xff, 0x20, 0xf, 0xff,
    0xff, 0xff, 0xfc, 0x0, 0x0, 0x0, 0x0, 0x0,
    0x0, 0x0, 0x4, 0xff, 0xff, 0xff, 0xff, 0x70,
    0x4f, 0xff, 0xff, 0xff, 0xf5, 0x0, 0x0, 0x0,
    0x0, 0x0, 0x0, 0x0, 0x0, 0xdf, 0xff, 0xff,
    0xff, 0xb0, 0x7f, 0xff, 0xff, 0xff, 0xe0, 0x0,
    0x0, 0x0, 0x0, 0x0, 0x0, 0x0, 0x0, 0x7f,
    0xff, 0xff, 0xff, 0xe0, 0x9f, 0xff, 0xff, 0xff,
    0xb0, 0x0, 0x0, 0x0, 0x0, 0x0, 0x0, 0x0,
    0x0, 0x3f, 0xff, 0xff, 0xff, 0xf0, 0xbf, 0xff,
    0xff, 0xff, 0x80, 0x0, 0x0, 0x0, 0x0, 0x0,
    0x0, 0x0, 0x0, 0xf, 0xff, 0xff, 0xff, 0xf2,
    0xcf, 0xff, 0xff, 0xff, 0x70, 0x0, 0x0, 0x0,
    0x0, 0x0, 0x0, 0x0, 0x0, 0xf, 0xff, 0xff,
    0xff, 0xf3, 0xcf, 0xff, 0xff, 0xff, 0x60, 0x0,
    0x0, 0x0, 0x0, 0x0, 0x0, 0x0, 0x0, 0xe,
    0xff, 0xff, 0xff, 0xf4, 0xcf, 0xff, 0xff, 0xff,
    0x60, 0x0, 0x0, 0x0, 0x0, 0x0, 0x0, 0x0,
    0x0, 0xe, 0xff, 0xff, 0xff, 0xf4, 0xcf, 0xff,
    0xff, 0xff, 0x60, 0x0, 0x0, 0x0, 0x0, 0x0,
    0x0, 0x0, 0x0, 0xe, 0xff, 0xff, 0xff, 0xf4,
    0xcf, 0xff, 0xff, 0xff, 0x60, 0x0, 0x0, 0x0,
    0x0, 0x0, 0x0, 0x0, 0x0, 0xe, 0xff, 0xff,
    0xff, 0xf4, 0xcf, 0xff, 0xff, 0xff, 0x60, 0x0,
    0x0, 0x0, 0x0, 0x0, 0x0, 0x0, 0x0, 0xe,
    0xff, 0xff, 0xff, 0xf4, 0xcf, 0xff, 0xff, 0xff,
    0x60, 0x0, 0x0, 0x0, 0x0, 0x0, 0x0, 0x0,
    0x0, 0xe, 0xff, 0xff, 0xff, 0xf4, 0xcf, 0xff,
    0xff, 0xff, 0x60, 0x0, 0x0, 0x0, 0x0, 0x0,
    0x0, 0x0, 0x0, 0xe, 0xff, 0xff, 0xff, 0xf4,
    0xcf, 0xff, 0xff, 0xff, 0x60, 0x0, 0x0, 0x0,
    0x0, 0x0, 0x0, 0x0, 0x0, 0xe, 0xff, 0xff,
    0xff, 0xf4, 0xcf, 0xff, 0xff, 0xff, 0x60, 0x0,
    0x0, 0x0, 0x0, 0x0, 0x0, 0x0, 0x0, 0xe,
    0xff, 0xff, 0xff, 0xf4, 0xcf, 0xff, 0xff, 0xff,
    0x60, 0x0, 0x0, 0x0, 0x0, 0x0, 0x0, 0x0,
    0x0, 0xe, 0xff, 0xff, 0xff, 0xf4, 0xcf, 0xff,
    0xff, 0xff, 0x60, 0x0, 0x0, 0x0, 0x0, 0x0,
    0x0, 0x0, 0x0, 0xe, 0xff, 0xff, 0xff, 0xf4,
    0xcf, 0xff, 0xff, 0xff, 0x60, 0x0, 0x0, 0x0,
    0x0, 0x0, 0x0, 0x0, 0x0, 0xe, 0xff, 0xff,
    0xff, 0xf4, 0xcf, 0xff, 0xff, 0xff, 0x60, 0x0,
    0x0, 0x0, 0x0, 0x0, 0x0, 0x0, 0x0, 0xe,
    0xff, 0xff, 0xff, 0xf4, 0xcf, 0xff, 0xff, 0xff,
    0x70, 0x0, 0x0, 0x0, 0x0, 0x0, 0x0, 0x0,
    0x0, 0xf, 0xff, 0xff, 0xff, 0xf3, 0xbf, 0xff,
    0xff, 0xff, 0x80, 0x0, 0x0, 0x0, 0x0, 0x0,
    0x0, 0x0, 0x0, 0xf, 0xff, 0xff, 0xff, 0xf2,
    0x9f, 0xff, 0xff, 0xff, 0xa0, 0x0, 0x0, 0x0,
    0x0, 0x0, 0x0, 0x0, 0x0, 0x3f, 0xff, 0xff,
    0xff, 0xf0, 0x7f, 0xff, 0xff, 0xff, 0xe0, 0x0,
    0x0, 0x0, 0x0, 0x0, 0x0, 0x0, 0x0, 0x7f,
    0xff, 0xff, 0xff, 0xe0, 0x4f, 0xff, 0xff, 0xff,
    0xf3, 0x0, 0x0, 0x0, 0x0, 0x0, 0x0, 0x0,
    0x0, 0xcf, 0xff, 0xff, 0xff, 0xb0, 0x1f, 0xff,
    0xff, 0xff, 0xfa, 0x0, 0x0, 0x0, 0x0, 0x0,
    0x0, 0x0, 0x3, 0xff, 0xff, 0xff, 0xff, 0x80,
    0xc, 0xff, 0xff, 0xff, 0xff, 0x40, 0x0, 0x0,
    0x0, 0x0, 0x0, 0x0, 0xd, 0xff, 0xff, 0xff,
    0xff, 0x30, 0x6, 0xff, 0xff, 0xff, 0xff, 0xf4,
    0x0, 0x0, 0x0, 0x0, 0x0, 0x0, 0xbf, 0xff,
    0xff, 0xff, 0xfd, 0x0, 0x0, 0xef, 0xff, 0xff,
    0xff, 0xff, 0x91, 0x0, 0x0, 0x0, 0x0, 0x5d,
    0xff, 0xff, 0xff, 0xff, 0xf7, 0x0, 0x0, 0x6f,
    0xff, 0xff, 0xff, 0xff, 0xff, 0xc8, 0x76, 0x68,
    0xae, 0xff, 0xff, 0xff, 0xff, 0xff, 0xe0, 0x0,
    0x0, 0xc, 0xff, 0xff, 0xff, 0xff, 0xff, 0xff,
    0xff, 0xff, 0xff, 0xff, 0xff, 0xff, 0xff, 0xff,
    0x40, 0x0, 0x0, 0x1, 0xef, 0xff, 0xff, 0xff,
    0xff, 0xff, 0xff, 0xff, 0xff, 0xff, 0xff, 0xff,
    0xff, 0xf8, 0x0, 0x0, 0x0, 0x0, 0x2e, 0xff,
    0xff, 0xff, 0xff, 0xff, 0xff, 0xff, 0xff, 0xff,
    0xff, 0xff, 0xff, 0x80, 0x0, 0x0, 0x0, 0x0,
    0x1, 0xcf, 0xff, 0xff, 0xff, 0xff, 0xff, 0xff,
    0xff, 0xff, 0xff, 0xff, 0xf6, 0x0, 0x0, 0x0,
    0x0, 0x0, 0x0, 0x7, 0xef, 0xff, 0xff, 0xff,
    0xff, 0xff, 0xff, 0xff, 0xff, 0xfb, 0x20, 0x0,
    0x0, 0x0, 0x0, 0x0, 0x0, 0x0, 0x17, 0xdf,
    0xff, 0xff, 0xff, 0xff, 0xff, 0xff, 0xfa, 0x30,
    0x0, 0x0, 0x0, 0x0, 0x0, 0x0, 0x0, 0x0,
    0x0, 0x2, 0x6a, 0xce, 0xff, 0xfe, 0xdb, 0x85,
    0x0, 0x0, 0x0, 0x0, 0x0, 0x0,

    /* U+0031 "1" */
    0x0, 0x0, 0x0, 0x0, 0x0, 0x11, 0x11, 0x11,
    0x11, 0x11, 0x11, 0x11, 0x10, 0x0, 0x0, 0x0,
    0x0, 0x5f, 0xff, 0xff, 0xff, 0xff, 0xff, 0xff,
    0xfb, 0x0, 0x0, 0x0, 0x0, 0xc, 0xff, 0xff,
    0xff, 0xff, 0xff, 0xff, 0xff, 0xb0, 0x0, 0x0,
    0x0, 0x3, 0xff, 0xff, 0xff, 0xff, 0xff, 0xff,
    0xff, 0xfb, 0x0, 0x0, 0x0, 0x0, 0xbf, 0xff,
    0xff, 0xff, 0xff, 0xff, 0xff, 0xff, 0xb0, 0x0,
    0x0, 0x0, 0x2f, 0xff, 0xff, 0xff, 0xff, 0xff,
    0xff, 0xff, 0xfb, 0x0, 0x0, 0x0, 0x9, 0xff,
    0xff, 0xff, 0xff, 0xff, 0xff, 0xff, 0xff, 0xb0,
    0x0, 0x0, 0x1, 0xff, 0xff, 0xff, 0xff, 0x27,
    0xff, 0xff, 0xff, 0xfb, 0x0, 0x0, 0x0, 0x7f,
    0xff, 0xff, 0xff, 0xb0, 0x7f, 0xff, 0xff, 0xff,
    0xb0, 0x0, 0x0, 0xe, 0xff, 0xff, 0xff, 0xf4,
    0x7, 0xff, 0xff, 0xff, 0xfb, 0x0, 0x0, 0x6,
    0xff, 0xff, 0xff, 0xfd, 0x0, 0x7f, 0xff, 0xff,
    0xff, 0xb0, 0x0, 0x0, 0xdf, 0xff, 0xff, 0xff,
    0x70, 0x7, 0xff, 0xff, 0xff, 0xfb, 0x0, 0x0,
    0x4f, 0xff, 0xff, 0xff, 0xf1, 0x0, 0x7f, 0xff,
    0xff, 0xff, 0xb0, 0x0, 0xb, 0xff, 0xff, 0xff,
    0xf9, 0x0, 0x7, 0xff, 0xff, 0xff, 0xfb, 0x0,
    0x3, 0xff, 0xff, 0xff, 0xff, 0x30, 0x0, 0x7f,
    0xff, 0xff, 0xff, 0xb0, 0x0, 0xaf, 0xff, 0xff,
    0xff, 0xc0, 0x0, 0x7, 0xff, 0xff, 0xff, 0xfb,
    0x0, 0x1f, 0xff, 0xff, 0xff, 0xf5, 0x0, 0x0,
    0x7f, 0xff, 0xff, 0xff, 0xb0, 0x8, 0xff, 0xff,
    0xff, 0xfe, 0x0, 0x0, 0x7, 0xff, 0xff, 0xff,
    0xfb, 0x0, 0xef, 0xff, 0xff, 0xff, 0x80, 0x0,
    0x0, 0x7f, 0xff, 0xff, 0xff, 0xb0, 0x6f, 0xff,
    0xff, 0xff, 0xf1, 0x0, 0x0, 0x7, 0xff, 0xff,
    0xff, 0xfb, 0xd, 0xff, 0xff, 0xff, 0xfa, 0x0,
    0x0, 0x0, 0x7f, 0xff, 0xff, 0xff, 0xb0, 0x44,
    0x44, 0x44, 0x44, 0x10, 0x0, 0x0, 0x7, 0xff,
    0xff, 0xff, 0xfb, 0x0, 0x0, 0x0, 0x0, 0x0,
    0x0, 0x0, 0x0, 0x7f, 0xff, 0xff, 0xff, 0xb0,
    0x0, 0x0, 0x0, 0x0, 0x0, 0x0, 0x0, 0x7,
    0xff, 0xff, 0xff, 0xfb, 0x0, 0x0, 0x0, 0x0,
    0x0, 0x0, 0x0, 0x0, 0x7f, 0xff, 0xff, 0xff,
    0xb0, 0x0, 0x0, 0x0, 0x0, 0x0, 0x0, 0x0,
    0x7, 0xff, 0xff, 0xff, 0xfb, 0x0, 0x0, 0x0,
    0x0, 0x0, 0x0, 0x0, 0x0, 0x7f, 0xff, 0xff,
    0xff, 0xb0, 0x0, 0x0, 0x0, 0x0, 0x0, 0x0,
    0x0, 0x7, 0xff, 0xff, 0xff, 0xfb, 0x0, 0x0,
    0x0, 0x0, 0x0, 0x0, 0x0, 0x0, 0x7f, 0xff,
    0xff, 0xff, 0xb0, 0x0, 0x0, 0x0, 0x0, 0x0,
    0x0, 0x0, 0x7, 0xff, 0xff, 0xff, 0xfb, 0x0,
    0x0, 0x0, 0x0, 0x0, 0x0, 0x0, 0x0, 0x7f,
    0xff, 0xff, 0xff, 0xb0, 0x0, 0x0, 0x0, 0x0,
    0x0, 0x0, 0x0, 0x7, 0xff, 0xff, 0xff, 0xfb,
    0x0, 0x0, 0x0, 0x0, 0x0, 0x0, 0x0, 0x0,
    0x7f, 0xff, 0xff, 0xff, 0xb0, 0x0, 0x0, 0x0,
    0x0, 0x0, 0x0, 0x0, 0x7, 0xff, 0xff, 0xff,
    0xfb, 0x0, 0x0, 0x0, 0x0, 0x0, 0x0, 0x0,
    0x0, 0x7f, 0xff, 0xff, 0xff, 0xb0, 0x0, 0x0,
    0x0, 0x0, 0x0, 0x0, 0x0, 0x7, 0xff, 0xff,
    0xff, 0xfb, 0x0, 0x0, 0x0, 0x0, 0x0, 0x0,
    0x0, 0x0, 0x7f, 0xff, 0xff, 0xff, 0xb0, 0x0,
    0x0, 0x0, 0x0, 0x0, 0x0, 0x0, 0x7, 0xff,
    0xff, 0xff, 0xfb, 0x0, 0x0, 0x0, 0x0, 0x0,
    0x0, 0x0, 0x0, 0x7f, 0xff, 0xff, 0xff, 0xb0,
    0x0, 0x0, 0x0, 0x0, 0x0, 0x0, 0x0, 0x7,
    0xff, 0xff, 0xff, 0xfb, 0x0, 0x0, 0x0, 0x0,
    0x0, 0x0, 0x0, 0x0, 0x7f, 0xff, 0xff, 0xff,
    0xb0, 0x0, 0x0, 0x0, 0x0, 0x0, 0x0, 0x0,
    0x7, 0xff, 0xff, 0xff, 0xfb, 0x0, 0x0, 0x0,
    0x0, 0x0, 0x0, 0x0, 0x0, 0x7f, 0xff, 0xff,
    0xff, 0xb0, 0x0, 0x0, 0x0, 0x0, 0x0, 0x0,
    0x0, 0x7, 0xff, 0xff, 0xff, 0xfb, 0x0, 0x0,
    0x0, 0x0, 0x0, 0x0, 0x0, 0x0, 0x7f, 0xff,
    0xff, 0xff, 0xb0, 0x0, 0x0, 0x0, 0x0, 0x0,
    0x0, 0x0, 0x7, 0xff, 0xff, 0xff, 0xfb,

    /* U+0032 "2" */
    0x0, 0x0, 0x0, 0x0, 0x0, 0x0, 0x0, 0x24,
    0x55, 0x43, 0x10, 0x0, 0x0, 0x0, 0x0, 0x0,
    0x0, 0x0, 0x0, 0x0, 0x0, 0x0, 0x38, 0xcf,
    0xff, 0xff, 0xff, 0xff, 0xa6, 0x0, 0x0, 0x0,
    0x0, 0x0, 0x0, 0x0, 0x0, 0x0, 0x5c, 0xff,
    0xff, 0xff, 0xff, 0xff, 0xff, 0xff, 0xf9, 0x10,
    0x0, 0x0, 0x0, 0x0, 0x0, 0x0, 0x1b, 0xff,
    0xff, 0xff, 0xff, 0xff, 0xff, 0xff, 0xff, 0xff,
    0xf7, 0x0, 0x0, 0x0, 0x0, 0x0, 0x4, 0xef,
    0xff, 0xff, 0xff, 0xff, 0xff, 0xff, 0xff, 0xff,
    0xff, 0xff, 0xb0, 0x0, 0x0, 0x0, 0x0, 0x4f,
    0xff, 0xff, 0xff, 0xff, 0xff, 0xff, 0xff, 0xff,
    0xff, 0xff, 0xff, 0xfc, 0x0, 0x0, 0x0, 0x2,
    0xff, 0xff, 0xff, 0xff, 0xff, 0xff, 0xff, 0xff,
    0xff, 0xff, 0xff, 0xff, 0xff, 0xb0, 0x0, 0x0,
    0xd, 0xff, 0xff, 0xff, 0xff, 0xff, 0xff, 0xff,
    0xff, 0xff, 0xff, 0xff, 0xff, 0xff, 0xf7, 0x0,
    0x0, 0x6f, 0xff, 0xff, 0xff, 0xff, 0xfb, 0x52,
    0x0, 0x13, 0x7d, 0xff, 0xff, 0xff, 0xff, 0xff,
    0x10, 0x0, 0xef, 0xff, 0xff, 0xff, 0xfd, 0x30,
    0x0, 0x0, 0x0, 0x0, 0x6f, 0xff, 0xff, 0xff,
    0xff, 0x80, 0x4, 0xff, 0xff, 0xff, 0xff, 0xd0,
    0x0, 0x0, 0x0, 0x0, 0x0, 0x4, 0xff, 0xff,
    0xff, 0xff, 0xd0, 0x9, 0xff, 0xff, 0xff, 0xff,
    0x20, 0x0, 0x0, 0x0, 0x0, 0x0, 0x0, 0x8f,
    0xff, 0xff, 0xff, 0xf2, 0xd, 0xff, 0xff, 0xff,
    0xfa, 0x0, 0x0, 0x0, 0x0, 0x0, 0x0, 0x0,
    0x1f, 0xff, 0xff, 0xff, 0xf5, 0xf, 0xff, 0xff,
    0xff, 0xf5, 0x0, 0x0, 0x0, 0x0, 0x0, 0x0,
    0x0, 0xc, 0xff, 0xff, 0xff, 0xf7, 0x1f, 0xff,
    0xff, 0xff, 0xf2, 0x0, 0x0, 0x0, 0x0, 0x0,
    0x0, 0x0, 0xa, 0xff, 0xff, 0xff, 0xf8, 0x2f,
    0xff, 0xff, 0xff, 0xf0, 0x0, 0x0, 0x0, 0x0,
    0x0, 0x0, 0x0, 0xa, 0xff, 0xff, 0xff, 0xf9,
    0x2f, 0xff, 0xff, 0xff, 0xf0, 0x0, 0x0, 0x0,
    0x0, 0x0, 0x0, 0x0, 0xb, 0xff, 0xff, 0xff,
    0xf8, 0x1, 0x11, 0x11, 0x11, 0x10, 0x0, 0x0,
    0x0, 0x0, 0x0, 0x0, 0x0, 0xe, 0xff, 0xff,
    0xff, 0xf7, 0x0, 0x0, 0x0, 0x0, 0x0, 0x0,
    0x0, 0x0, 0x0, 0x0, 0x0, 0x0, 0x4f, 0xff,
    0xff, 0xff, 0xf5, 0x0, 0x0, 0x0, 0x0, 0x0,
    0x0, 0x0, 0x0, 0x0, 0x0, 0x0, 0x0, 0xcf,
    0xff, 0xff, 0xff, 0xf2, 0x0, 0x0, 0x0, 0x0,
    0x0, 0x0, 0x0, 0x0, 0x0, 0x0, 0x0, 0x8,
    0xff, 0xff, 0xff, 0xff, 0xe0, 0x0, 0x0, 0x0,
    0x0, 0x0, 0x0, 0x0, 0x0, 0x0, 0x0, 0x0,
    0x9f, 0xff, 0xff, 0xff, 0xff, 0x80, 0x0, 0x0,
    0x0, 0x0, 0x0, 0x0, 0x0, 0x0, 0x0, 0x0,
    0x4d, 0xff, 0xff, 0xff, 0xff, 0xff, 0x10, 0x0,
    0x0, 0x0, 0x0, 0x0, 0x0, 0x0, 0x0, 0x1,
    0x7d, 0xff, 0xff, 0xff, 0xff, 0xff, 0xf8, 0x0,
    0x0, 0x0, 0x0, 0x0, 0x0, 0x0, 0x0, 0x27,
    0xcf, 0xff, 0xff, 0xff, 0xff, 0xff, 0xff, 0xd0,
    0x0, 0x0, 0x0, 0x0, 0x0, 0x0, 0x1, 0x7c,
    0xff, 0xff, 0xff, 0xff, 0xff, 0xff, 0xff, 0xfe,
    0x20, 0x0, 0x0, 0x0, 0x0, 0x0, 0x3, 0xaf,
    0xff, 0xff, 0xff, 0xff, 0xff, 0xff, 0xff, 0xff,
    0xe2, 0x0, 0x0, 0x0, 0x0, 0x0, 0x2, 0xbf,
    0xff, 0xff, 0xff, 0xff, 0xff, 0xff, 0xff, 0xff,
    0xfb, 0x10, 0x0, 0x0, 0x0, 0x0, 0x0, 0x6f,
    0xff, 0xff, 0xff, 0xff, 0xff, 0xff, 0xff, 0xff,
    0xfe, 0x50, 0x0, 0x0, 0x0, 0x0, 0x0, 0x9,
    0xff, 0xff, 0xff, 0xff, 0xff, 0xff, 0xff, 0xff,
    0xfe, 0x70, 0x0, 0x0, 0x0, 0x0, 0x0, 0x0,
    0xaf, 0xff, 0xff, 0xff, 0xff, 0xff, 0xff, 0xff,
    0xfb, 0x50, 0x0, 0x0, 0x0, 0x0, 0x0, 0x0,
    0x7, 0xff, 0xff, 0xff, 0xff, 0xff, 0xff, 0xff,
    0xc7, 0x10, 0x0, 0x0, 0x0, 0x0, 0x0, 0x0,
    0x0, 0x2f, 0xff, 0xff, 0xff, 0xff, 0xff, 0xfb,
    0x61, 0x0, 0x0, 0x0, 0x0, 0x0, 0x0, 0x0,
    0x0, 0x0, 0xbf, 0xff, 0xff, 0xff, 0xff, 0xe7,
    0x10, 0x0, 0x0, 0x0, 0x0, 0x0, 0x0, 0x0,
    0x0, 0x0, 0x2, 0xff, 0xff, 0xff, 0xff, 0xfa,
    0x10, 0x0, 0x0, 0x0, 0x0, 0x0, 0x0, 0x0,
    0x0, 0x0, 0x0, 0x7, 0xff, 0xff, 0xff, 0xff,
    0x80, 0x0, 0x0, 0x0, 0x0, 0x0, 0x0, 0x0,
    0x0, 0x0, 0x0, 0x0, 0xc, 0xff, 0xff, 0xff,
    0xfc, 0x0, 0x0, 0x0, 0x0, 0x0, 0x0, 0x0,
    0x0, 0x0, 0x0, 0x0, 0x0, 0xf, 0xff, 0xff,
    0xff, 0xf5, 0x0, 0x0, 0x0, 0x0, 0x0, 0x0,
    0x0, 0x0, 0x0, 0x0, 0x0, 0x0, 0x1f, 0xff,
    0xff, 0xff, 0xf2, 0x0, 0x0, 0x0, 0x0, 0x0,
    0x0, 0x0, 0x0, 0x0, 0x0, 0x0, 0x0, 0x3f,
    0xff, 0xff, 0xff, 0xf8, 0x88, 0x88, 0x88, 0x88,
    0x88, 0x88, 0x88, 0x88, 0x88, 0x88, 0x88, 0x81,
    0x4f, 0xff, 0xff, 0xff, 0xff, 0xff, 0xff, 0xff,
    0xff, 0xff, 0xff, 0xff, 0xff, 0xff, 0xff, 0xff,
    0xf3, 0x4f, 0xff, 0xff, 0xff, 0xff, 0xff, 0xff,
    0xff, 0xff, 0xff, 0xff, 0xff, 0xff, 0xff, 0xff,
    0xff, 0xf3, 0x5f, 0xff, 0xff, 0xff, 0xff, 0xff,
    0xff, 0xff, 0xff, 0xff, 0xff, 0xff, 0xff, 0xff,
    0xff, 0xff, 0xf3, 0x5f, 0xff, 0xff, 0xff, 0xff,
    0xff, 0xff, 0xff, 0xff, 0xff, 0xff, 0xff, 0xff,
    0xff, 0xff, 0xff, 0xf3, 0x5f, 0xff, 0xff, 0xff,
    0xff, 0xff, 0xff, 0xff, 0xff, 0xff, 0xff, 0xff,
    0xff, 0xff, 0xff, 0xff, 0xf3, 0x5f, 0xff, 0xff,
    0xff, 0xff, 0xff, 0xff, 0xff, 0xff, 0xff, 0xff,
    0xff, 0xff, 0xff, 0xff, 0xff, 0xf3, 0x5f, 0xff,
    0xff, 0xff, 0xff, 0xff, 0xff, 0xff, 0xff, 0xff,
    0xff, 0xff, 0xff, 0xff, 0xff, 0xff, 0xf3,

    /* U+0033 "3" */
    0x4, 0x66, 0x66, 0x66, 0x66, 0x66, 0x66, 0x66,
    0x66, 0x66, 0x66, 0x66, 0x66, 0x66, 0x66, 0x66,
    0x60, 0x0, 0xaf, 0xff, 0xff, 0xff, 0xff, 0xff,
    0xff, 0xff, 0xff, 0xff, 0xff, 0xff, 0xff, 0xff,
    0xff, 0xff, 0x10, 0xa, 0xff, 0xff, 0xff, 0xff,
    0xff, 0xff, 0xff, 0xff, 0xff, 0xff, 0xff, 0xff,
    0xff, 0xff, 0xff, 0xf1, 0x0, 0xaf, 0xff, 0xff,
    0xff, 0xff, 0xff, 0xff, 0xff, 0xff, 0xff, 0xff,
    0xff, 0xff, 0xff, 0xff, 0xff, 0x10, 0xa, 0xff,
    0xff, 0xff, 0xff, 0xff, 0xff, 0xff, 0xff, 0xff,
    0xff, 0xff, 0xff, 0xff, 0xff, 0xff, 0xf1, 0x0,
    0xaf, 0xff, 0xff, 0xff, 0xff, 0xff, 0xff, 0xff,
    0xff, 0xff, 0xff, 0xff, 0xff, 0xff, 0xff, 0xff,
    0x10, 0xa, 0xff, 0xff, 0xff, 0xff, 0xff, 0xff,
    0xff, 0xff, 0xff, 0xff, 0xff, 0xff, 0xff, 0xff,
    0xff, 0xf1, 0x0, 0xaf, 0xff, 0xff, 0xff, 0xff,
    0xff, 0xff, 0xff, 0xff, 0xff, 0xff, 0xff, 0xff,
    0xff, 0xff, 0xff, 0x10, 0x0, 0x0, 0x0, 0x0,
    0x0, 0x0, 0x0, 0x0, 0x0, 0x0, 0x0, 0x0,
    0xff, 0xff, 0xff, 0xff, 0xf1, 0x0, 0x0, 0x0,
    0x0, 0x0, 0x0, 0x0, 0x0, 0x0, 0x0, 0x0,
    0x2, 0xbf, 0xff, 0xff, 0xff, 0xff, 0x10, 0x0,
    0x0, 0x0, 0x0, 0x0, 0x0, 0x0, 0x0, 0x0,
    0x0, 0x19, 0xff, 0xff, 0xff, 0xff, 0xff, 0xf1,
    0x0, 0x0, 0x0, 0x0, 0x0, 0x0, 0x0, 0x0,
    0x0, 0x0, 0x8f, 0xff, 0xff, 0xff, 0xff, 0xff,
    0xfe, 0x0, 0x0, 0x0, 0x0, 0x0, 0x0, 0x0,
    0x0, 0x0, 0x6, 0xef, 0xff, 0xff, 0xff, 0xff,
    0xff, 0xf8, 0x0, 0x0, 0x0, 0x0, 0x0, 0x0,
    0x0, 0x0, 0x0, 0x5d, 0xff, 0xff, 0xff, 0xff,
    0xff, 0xff, 0x91, 0x0, 0x0, 0x0, 0x0, 0x0,
    0x0, 0x0, 0x0, 0x4, 0xcf, 0xff, 0xff, 0xff,
    0xff, 0xff, 0xfb, 0x20, 0x0, 0x0, 0x0, 0x0,
    0x0, 0x0, 0x0, 0x0, 0x2b, 0xff, 0xff, 0xff,
    0xff, 0xff, 0xff, 0xc3, 0x0, 0x0, 0x0, 0x0,
    0x0, 0x0, 0x0, 0x0, 0x1, 0xaf, 0xff, 0xff,
    0xff, 0xff, 0xff, 0xfd, 0x50, 0x0, 0x0, 0x0,
    0x0, 0x0, 0x0, 0x0, 0x0, 0x0, 0x7f, 0xff,
    0xff, 0xff, 0xff, 0xff, 0xe6, 0x0, 0x0, 0x0,
    0x0, 0x0, 0x0, 0x0, 0x0, 0x0, 0x0, 0x7,
    0xff, 0xff, 0xff, 0xff, 0xff, 0x70, 0x0, 0x0,
    0x0, 0x0, 0x0, 0x0, 0x0, 0x0, 0x0, 0x0,
    0x0, 0x7f, 0xff, 0xff, 0xff, 0xff, 0x90, 0x0,
    0x0, 0x0, 0x0, 0x0, 0x0, 0x0, 0x0, 0x0,
    0x0, 0x0, 0x7, 0xff, 0xff, 0xff, 0xff, 0xff,
    0xff, 0xed, 0xb7, 0x30, 0x0, 0x0, 0x0, 0x0,
    0x0, 0x0, 0x0, 0x0, 0x7f, 0xff, 0xff, 0xff,
    0xff, 0xff, 0xff, 0xff, 0xff, 0xd5, 0x0, 0x0,
    0x0, 0x0, 0x0, 0x0, 0x0, 0x7, 0xff, 0xff,
    0xff, 0xff, 0xff, 0xff, 0xff, 0xff, 0xff, 0xfc,
    0x10, 0x0, 0x0, 0x0, 0x0, 0x0, 0x0, 0x7f,
    0xff, 0xff, 0xff, 0xff, 0xff, 0xff, 0xff, 0xff,
    0xff, 0xfe, 0x20, 0x0, 0x0, 0x0, 0x0, 0x0,
    0x7, 0xff, 0xff, 0xff, 0xff, 0xff, 0xff, 0xff,
    0xff, 0xff, 0xff, 0xfe, 0x10, 0x0, 0x0, 0x0,
    0x0, 0x0, 0x7f, 0xff, 0xff, 0xff, 0xff, 0xff,
    0xff, 0xff, 0xff, 0xff, 0xff, 0xfb, 0x0, 0x0,
    0x0, 0x0, 0x0, 0x0, 0x0, 0x0, 0x0, 0x0,
    0x1, 0x26, 0xbf, 0xff, 0xff, 0xff, 0xff, 0xf4,
    0x0, 0x0, 0x0, 0x0, 0x0, 0x0, 0x0, 0x0,
    0x0, 0x0, 0x0, 0x0, 0x3d, 0xff, 0xff, 0xff,
    0xff, 0xb0, 0x0, 0x0, 0x0, 0x0, 0x0, 0x0,
    0x0, 0x0, 0x0, 0x0, 0x0, 0x0, 0x1d, 0xff,
    0xff, 0xff, 0xff, 0x0, 0x0, 0x0, 0x0, 0x0,
    0x0, 0x0, 0x0, 0x0, 0x0, 0x0, 0x0, 0x0,
    0x5f, 0xff, 0xff, 0xff, 0xf2, 0x34, 0x44, 0x44,
    0x44, 0x10, 0x0, 0x0, 0x0, 0x0, 0x0, 0x0,
    0x0, 0x0, 0xff, 0xff, 0xff, 0xff, 0x4d, 0xff,
    0xff, 0xff, 0xf6, 0x0, 0x0, 0x0, 0x0, 0x0,
    0x0, 0x0, 0x0, 0xd, 0xff, 0xff, 0xff, 0xf5,
    0xcf, 0xff, 0xff, 0xff, 0x70, 0x0, 0x0, 0x0,
    0x0, 0x0, 0x0, 0x0, 0x0, 0xdf, 0xff, 0xff,
    0xff, 0x5b, 0xff, 0xff, 0xff, 0xf9, 0x0, 0x0,
    0x0, 0x0, 0x0, 0x0, 0x0, 0x0, 0xf, 0xff,
    0xff, 0xff, 0xf4, 0x9f, 0xff, 0xff, 0xff, 0xd0,
    0x0, 0x0, 0x0, 0x0, 0x0, 0x0, 0x0, 0x2,
    0xff, 0xff, 0xff, 0xff, 0x36, 0xff, 0xff, 0xff,
    0xff, 0x50, 0x0, 0x0, 0x0, 0x0, 0x0, 0x0,
    0x0, 0x8f, 0xff, 0xff, 0xff, 0xf0, 0x2f, 0xff,
    0xff, 0xff, 0xfe, 0x10, 0x0, 0x0, 0x0, 0x0,
    0x0, 0x0, 0x2f, 0xff, 0xff, 0xff, 0xfd, 0x0,
    0xdf, 0xff, 0xff, 0xff, 0xfd, 0x20, 0x0, 0x0,
    0x0, 0x0, 0x0, 0x2e, 0xff, 0xff, 0xff, 0xff,
    0x80, 0x6, 0xff, 0xff, 0xff, 0xff, 0xff, 0x71,
    0x0, 0x0, 0x0, 0x1, 0x7f, 0xff, 0xff, 0xff,
    0xff, 0xf2, 0x0, 0xd, 0xff, 0xff, 0xff, 0xff,
    0xff, 0xfb, 0x87, 0x67, 0x8b, 0xff, 0xff, 0xff,
    0xff, 0xff, 0xf9, 0x0, 0x0, 0x3f, 0xff, 0xff,
    0xff, 0xff, 0xff, 0xff, 0xff, 0xff, 0xff, 0xff,
    0xff, 0xff, 0xff, 0xfe, 0x10, 0x0, 0x0, 0x7f,
    0xff, 0xff, 0xff, 0xff, 0xff, 0xff, 0xff, 0xff,
    0xff, 0xff, 0xff, 0xff, 0xff, 0x30, 0x0, 0x0,
    0x0, 0x7f, 0xff, 0xff, 0xff, 0xff, 0xff, 0xff,
    0xff, 0xff, 0xff, 0xff, 0xff, 0xff, 0x40, 0x0,
    0x0, 0x0, 0x0, 0x5f, 0xff, 0xff, 0xff, 0xff,
    0xff, 0xff, 0xff, 0xff, 0xff, 0xff, 0xfe, 0x30,
    0x0, 0x0, 0x0, 0x0, 0x0, 0x1a, 0xff, 0xff,
    0xff, 0xff, 0xff, 0xff, 0xff, 0xff, 0xff, 0xf9,
    0x10, 0x0, 0x0, 0x0, 0x0, 0x0, 0x0, 0x2,
    0x9e, 0xff, 0xff, 0xff, 0xff, 0xff, 0xff, 0xfe,
    0x82, 0x0, 0x0, 0x0, 0x0, 0x0, 0x0, 0x0,
    0x0, 0x0, 0x3, 0x7a, 0xde, 0xff, 0xfe, 0xca,
    0x73, 0x0, 0x0, 0x0, 0x0, 0x0, 0x0,

    /* U+0034 "4" */
    0x0, 0x0, 0x0, 0x0, 0x0, 0x0, 0x0, 0x2,
    0xff, 0xff, 0xff, 0xff, 0xff, 0xff, 0xff, 0xe0,
    0x0, 0x0, 0x0, 0x0, 0x0, 0x0, 0x0, 0x0,
    0x0, 0x0, 0x0, 0xbf, 0xff, 0xff, 0xff, 0xff,
    0xff, 0xff, 0xfe, 0x0, 0x0, 0x0, 0x0, 0x0,
    0x0, 0x0, 0x0, 0x0, 0x0, 0x0, 0x5f, 0xff,
    0xff, 0xff, 0xff, 0xff, 0xff, 0xff, 0xe0, 0x0,
    0x0, 0x0, 0x0, 0x0, 0x0, 0x0, 0x0, 0x0,
    0x0, 0xd, 0xff, 0xff, 0xff, 0xff, 0xff, 0xff,
    0xff, 0xfe, 0x0, 0x0, 0x0, 0x0, 0x0, 0x0,
    0x0, 0x0, 0x0, 0x0, 0x7, 0xff, 0xff, 0xff,
    0xff, 0xff, 0xff, 0xff, 0xff, 0xe0, 0x0, 0x0,
    0x0, 0x0, 0x0, 0x0, 0x0, 0x0, 0x0, 0x1,
    0xff, 0xff, 0xff, 0xff, 0x88, 0xff, 0xff, 0xff,
    0xfe, 0x0, 0x0, 0x0, 0x0, 0x0, 0x0, 0x0,
    0x0, 0x0, 0x0, 0xaf, 0xff, 0xff, 0xff, 0xd0,
    0x5f, 0xff, 0xff, 0xff, 0xe0, 0x0, 0x0, 0x0,
    0x0, 0x0, 0x0, 0x0, 0x0, 0x0, 0x3f, 0xff,
    0xff, 0xff, 0xf3, 0x5, 0xff, 0xff, 0xff, 0xfe,
    0x0, 0x0, 0x0, 0x0, 0x0, 0x0, 0x0, 0x0,
    0x0, 0xd, 0xff, 0xff, 0xff, 0xfa, 0x0, 0x5f,
    0xff, 0xff, 0xff, 0xe0, 0x0, 0x0, 0x0, 0x0,
    0x0, 0x0, 0x0, 0x0, 0x6, 0xff, 0xff, 0xff,
    0xff, 0x10, 0x5, 0xff, 0xff, 0xff, 0xfe, 0x0,
    0x0, 0x0, 0x0, 0x0, 0x0, 0x0, 0x0, 0x1,
    0xef, 0xff, 0xff, 0xff, 0x70, 0x0, 0x5f, 0xff,
    0xff, 0xff, 0xe0, 0x0, 0x0, 0x0, 0x0, 0x0,
    0x0, 0x0, 0x0, 0x9f, 0xff, 0xff, 0xff, 0xd0,
    0x0, 0x5, 0xff, 0xff, 0xff, 0xfe, 0x0, 0x0,
    0x0, 0x0, 0x0, 0x0, 0x0, 0x0, 0x2f, 0xff,
    0xff, 0xff, 0xf5, 0x0, 0x0, 0x5f, 0xff, 0xff,
    0xff, 0xe0, 0x0, 0x0, 0x0, 0x0, 0x0, 0x0,
    0x0, 0xc, 0xff, 0xff, 0xff, 0xfb, 0x0, 0x0,
    0x5, 0xff, 0xff, 0xff, 0xfe, 0x0, 0x0, 0x0,
    0x0, 0x0, 0x0, 0x0, 0x5, 0xff, 0xff, 0xff,
    0xff, 0x20, 0x0, 0x0, 0x5f, 0xff, 0xff, 0xff,
    0xe0, 0x0, 0x0, 0x0, 0x0, 0x0, 0x0, 0x0,
    0xef, 0xff, 0xff, 0xff, 0x80, 0x0, 0x0, 0x5,
    0xff, 0xff, 0xff, 0xfe, 0x0, 0x0, 0x0, 0x0,
    0x0, 0x0, 0x0, 0x8f, 0xff, 0xff, 0xff, 0xe0,
    0x0, 0x0, 0x0, 0x5f, 0xff, 0xff, 0xff, 0xe0,
    0x0, 0x0, 0x0, 0x0, 0x0, 0x0, 0x2f, 0xff,
    0xff, 0xff, 0xf6, 0x0, 0x0, 0x0, 0x5, 0xff,
    0xff, 0xff, 0xfe, 0x0, 0x0, 0x0, 0x0, 0x0,
    0x0, 0xb, 0xff, 0xff, 0xff, 0xfc, 0x0, 0x0,
    0x0, 0x0, 0x5f, 0xff, 0xff, 0xff, 0xe0, 0x0,
    0x0, 0x0, 0x0, 0x0, 0x4, 0xff, 0xff, 0xff,
    0xff, 0x30, 0x0, 0x0, 0x0, 0x5, 0xff, 0xff,
    0xff, 0xfe, 0x0, 0x0, 0x0, 0x0, 0x0, 0x0,
    0xdf, 0xff, 0xff, 0xff, 0xa0, 0x0, 0x0, 0x0,
    0x0, 0x5f, 0xff, 0xff, 0xff, 0xe0, 0x0, 0x0,
    0x0, 0x0, 0x0, 0x7f, 0xff, 0xff, 0xff, 0xf1,
    0x0, 0x0, 0x0, 0x0, 0x5, 0xff, 0xff, 0xff,
    0xfe, 0x0, 0x0, 0x0, 0x0, 0x0, 0x1f, 0xff,
    0xff, 0xff, 0xf7, 0x0, 0x0, 0x0, 0x0, 0x0,
    0x5f, 0xff, 0xff, 0xff, 0xe0, 0x0, 0x0, 0x0,
    0x0, 0xa, 0xff, 0xff, 0xff, 0xfd, 0x0, 0x0,
    0x0, 0x0, 0x0, 0x5, 0xff, 0xff, 0xff, 0xfe,
    0x0, 0x0, 0x0, 0x0, 0x3, 0xff, 0xff, 0xff,
    0xff, 0x40, 0x0, 0x0, 0x0, 0x0, 0x0, 0x5f,
    0xff, 0xff, 0xff, 0xe0, 0x0, 0x0, 0x0, 0x0,
    0xcf, 0xff, 0xff, 0xff, 0xb0, 0x0, 0x0, 0x0,
    0x0, 0x0, 0x5, 0xff, 0xff, 0xff, 0xfe, 0x0,
    0x0, 0x0, 0x0, 0x4f, 0xff, 0xff, 0xff, 0xf2,
    0x0, 0x0, 0x0, 0x0, 0x0, 0x0, 0x5f, 0xff,
    0xff, 0xff, 0xe0, 0x0, 0x0, 0x0, 0x5, 0xff,
    0xff, 0xff, 0xf9, 0x0, 0x0, 0x0, 0x0, 0x0,
    0x0, 0x5, 0xff, 0xff, 0xff, 0xfe, 0x0, 0x0,
    0x0, 0x0, 0x5f, 0xff, 0xff, 0xff, 0xa6, 0x66,
    0x66, 0x66, 0x66, 0x66, 0x66, 0x9f, 0xff, 0xff,
    0xff, 0xe6, 0x66, 0x66, 0x66, 0x15, 0xff, 0xff,
    0xff, 0xff, 0xff, 0xff, 0xff, 0xff, 0xff, 0xff,
    0xff, 0xff, 0xff, 0xff, 0xff, 0xff, 0xff, 0xff,
    0xf4, 0x5f, 0xff, 0xff, 0xff, 0xff, 0xff, 0xff,
    0xff, 0xff, 0xff, 0xff, 0xff, 0xff, 0xff, 0xff,
    0xff, 0xff, 0xff, 0xff, 0x45, 0xff, 0xff, 0xff,
    0xff, 0xff, 0xff, 0xff, 0xff, 0xff, 0xff, 0xff,
    0xff, 0xff, 0xff, 0xff, 0xff, 0xff, 0xff, 0xf4,
    0x5f, 0xff, 0xff, 0xff, 0xff, 0xff, 0xff, 0xff,
    0xff, 0xff, 0xff, 0xff, 0xff, 0xff, 0xff, 0xff,
    0xff, 0xff, 0xff, 0x45, 0xff, 0xff, 0xff, 0xff,
    0xff, 0xff, 0xff, 0xff, 0xff, 0xff, 0xff, 0xff,
    0xff, 0xff, 0xff, 0xff, 0xff, 0xff, 0xf4, 0x5f,
    0xff, 0xff, 0xff, 0xff, 0xff, 0xff, 0xff, 0xff,
    0xff, 0xff, 0xff, 0xff, 0xff, 0xff, 0xff, 0xff,
    0xff, 0xff, 0x45, 0xff, 0xff, 0xff, 0xff, 0xff,
    0xff, 0xff, 0xff, 0xff, 0xff, 0xff, 0xff, 0xff,
    0xff, 0xff, 0xff, 0xff, 0xff, 0xf4, 0x0, 0x0,
    0x0, 0x0, 0x0, 0x0, 0x0, 0x0, 0x0, 0x0,
    0x0, 0x5f, 0xff, 0xff, 0xff, 0xe0, 0x0, 0x0,
    0x0, 0x0, 0x0, 0x0, 0x0, 0x0, 0x0, 0x0,
    0x0, 0x0, 0x0, 0x0, 0x5, 0xff, 0xff, 0xff,
    0xfe, 0x0, 0x0, 0x0, 0x0, 0x0, 0x0, 0x0,
    0x0, 0x0, 0x0, 0x0, 0x0, 0x0, 0x0, 0x0,
    0x5f, 0xff, 0xff, 0xff, 0xe0, 0x0, 0x0, 0x0,
    0x0, 0x0, 0x0, 0x0, 0x0, 0x0, 0x0, 0x0,
    0x0, 0x0, 0x0, 0x5, 0xff, 0xff, 0xff, 0xfe,
    0x0, 0x0, 0x0, 0x0, 0x0, 0x0, 0x0, 0x0,
    0x0, 0x0, 0x0, 0x0, 0x0, 0x0, 0x0, 0x5f,
    0xff, 0xff, 0xff, 0xe0, 0x0, 0x0, 0x0, 0x0,
    0x0, 0x0, 0x0, 0x0, 0x0, 0x0, 0x0, 0x0,
    0x0, 0x0, 0x5, 0xff, 0xff, 0xff, 0xfe, 0x0,
    0x0, 0x0, 0x0, 0x0, 0x0, 0x0, 0x0, 0x0,
    0x0, 0x0, 0x0, 0x0, 0x0, 0x0, 0x5f, 0xff,
    0xff, 0xff, 0xe0, 0x0, 0x0, 0x0, 0x0, 0x0,
    0x0, 0x0, 0x0, 0x0, 0x0, 0x0, 0x0, 0x0,
    0x0, 0x5, 0xff, 0xff, 0xff, 0xfe, 0x0, 0x0,
    0x0, 0x0, 0x0, 0x0, 0x0, 0x0, 0x0, 0x0,
    0x0, 0x0, 0x0, 0x0, 0x0, 0x5f, 0xff, 0xff,
    0xff, 0xe0, 0x0, 0x0, 0x0, 0x0,

    /* U+0035 "5" */
    0x2, 0xff, 0xff, 0xff, 0xff, 0xff, 0xff, 0xff,
    0xff, 0xff, 0xff, 0xff, 0xff, 0xff, 0xff, 0xff,
    0x70, 0x0, 0x2f, 0xff, 0xff, 0xff, 0xff, 0xff,
    0xff, 0xff, 0xff, 0xff, 0xff, 0xff, 0xff, 0xff,
    0xff, 0xf7, 0x0, 0x2, 0xff, 0xff, 0xff, 0xff,
    0xff, 0xff, 0xff, 0xff, 0xff, 0xff, 0xff, 0xff,
    0xff, 0xff, 0xff, 0x70, 0x0, 0x2f, 0xff, 0xff,
    0xff, 0xff, 0xff, 0xff, 0xff, 0xff, 0xff, 0xff,
    0xff, 0xff, 0xff, 0xff, 0xf7, 0x0, 0x2, 0xff,
    0xff, 0xff, 0xff, 0xff, 0xff, 0xff, 0xff, 0xff,
    0xff, 0xff, 0xff, 0xff, 0xff, 0xff, 0x70, 0x0,
    0x2f, 0xff, 0xff, 0xff, 0xff, 0xff, 0xff, 0xff,
    0xff, 0xff, 0xff, 0xff, 0xff, 0xff, 0xff, 0xf7,
    0x0, 0x2, 0xff, 0xff, 0xff, 0xff, 0xff, 0xff,
    0xff, 0xff, 0xff, 0xff, 0xff, 0xff, 0xff, 0xff,
    0xff, 0x70, 0x0, 0x2f, 0xff, 0xff, 0xff, 0xf8,
    0x88, 0x88, 0x88, 0x88, 0x88, 0x88, 0x88, 0x88,
    0x88, 0x88, 0x83, 0x0, 0x2, 0xff, 0xff, 0xff,
    0xff, 0x0, 0x0, 0x0, 0x0, 0x0, 0x0, 0x0,
    0x0, 0x0, 0x0, 0x0, 0x0, 0x0, 0x2f, 0xff,
    0xff, 0xff, 0xf0, 0x0, 0x0, 0x0, 0x0, 0x0,
    0x0, 0x0, 0x0, 0x0, 0x0, 0x0, 0x0, 0x2,
    0xff, 0xff, 0xff, 0xff, 0x0, 0x0, 0x0, 0x0,
    0x0, 0x0, 0x0, 0x0, 0x0, 0x0, 0x0, 0x0,
    0x0, 0x2f, 0xff, 0xff, 0xff, 0xf0, 0x0, 0x0,
    0x0, 0x0, 0x0, 0x0, 0x0, 0x0, 0x0, 0x0,
    0x0, 0x0, 0x2, 0xff, 0xff, 0xff, 0xff, 0x0,
    0x0, 0x0, 0x0, 0x0, 0x0, 0x0, 0x0, 0x0,
    0x0, 0x0, 0x0, 0x0, 0x2f, 0xff, 0xff, 0xff,
    0xf0, 0x0, 0x0, 0x0, 0x0, 0x0, 0x0, 0x0,
    0x0, 0x0, 0x0, 0x0, 0x0, 0x2, 0xff, 0xff,
    0xff, 0xff, 0x0, 0x0, 0x0, 0x0, 0x0, 0x0,
    0x0, 0x0, 0x0, 0x0, 0x0, 0x0, 0x0, 0x2f,
    0xff, 0xff, 0xff, 0xf0, 0x0, 0x1, 0x6a, 0xde,
    0xff, 0xec, 0x94, 0x0, 0x0, 0x0, 0x0, 0x0,
    0x2, 0xff, 0xff, 0xff, 0xff, 0x0, 0x19, 0xff,
    0xff, 0xff, 0xff, 0xff, 0xff, 0x81, 0x0, 0x0,
    0x0, 0x0, 0x2f, 0xff, 0xff, 0xff, 0xf0, 0x3e,
    0xff, 0xff, 0xff, 0xff, 0xff, 0xff, 0xff, 0xf6,
    0x0, 0x0, 0x0, 0x2, 0xff, 0xff, 0xff, 0xff,
    0xcf, 0xff, 0xff, 0xff, 0xff, 0xff, 0xff, 0xff,
    0xff, 0xfa, 0x0, 0x0, 0x0, 0x2f, 0xff, 0xff,
    0xff, 0xff, 0xff, 0xff, 0xff, 0xff, 0xff, 0xff,
    0xff, 0xff, 0xff, 0xfa, 0x0, 0x0, 0x2, 0xff,
    0xff, 0xff, 0xff, 0xff, 0xff, 0xff, 0xff, 0xff,
    0xff, 0xff, 0xff, 0xff, 0xff, 0xf7, 0x0, 0x0,
    0x2f, 0xff, 0xff, 0xff, 0xff, 0xff, 0xff, 0xff,
    0xee, 0xff, 0xff, 0xff, 0xff, 0xff, 0xff, 0xf2,
    0x0, 0x2, 0xff, 0xff, 0xff, 0xff, 0xff, 0xff,
    0x93, 0x0, 0x0, 0x38, 0xff, 0xff, 0xff, 0xff,
    0xff, 0xb0, 0x0, 0x2f, 0xff, 0xff, 0xff, 0xff,
    0xfe, 0x30, 0x0, 0x0, 0x0, 0x1, 0xcf, 0xff,
    0xff, 0xff, 0xff, 0x20, 0x2, 0xff, 0xff, 0xff,
    0xff, 0xff, 0x30, 0x0, 0x0, 0x0, 0x0, 0x0,
    0xcf, 0xff, 0xff, 0xff, 0xf7, 0x0, 0x0, 0x0,
    0x0, 0x0, 0x0, 0x0, 0x0, 0x0, 0x0, 0x0,
    0x0, 0x1, 0xff, 0xff, 0xff, 0xff, 0xc0, 0x0,
    0x0, 0x0, 0x0, 0x0, 0x0, 0x0, 0x0, 0x0,
    0x0, 0x0, 0x0, 0x9, 0xff, 0xff, 0xff, 0xff,
    0x0, 0x0, 0x0, 0x0, 0x0, 0x0, 0x0, 0x0,
    0x0, 0x0, 0x0, 0x0, 0x0, 0x4f, 0xff, 0xff,
    0xff, 0xf1, 0x0, 0x0, 0x0, 0x0, 0x0, 0x0,
    0x0, 0x0, 0x0, 0x0, 0x0, 0x0, 0x1, 0xff,
    0xff, 0xff, 0xff, 0x20, 0x0, 0x0, 0x0, 0x0,
    0x0, 0x0, 0x0, 0x0, 0x0, 0x0, 0x0, 0x0,
    0xf, 0xff, 0xff, 0xff, 0xf3, 0x7e, 0xee, 0xee,
    0xee, 0xa0, 0x0, 0x0, 0x0, 0x0, 0x0, 0x0,
    0x0, 0x0, 0xff, 0xff, 0xff, 0xff, 0x38, 0xff,
    0xff, 0xff, 0xfd, 0x0, 0x0, 0x0, 0x0, 0x0,
    0x0, 0x0, 0x0, 0x1f, 0xff, 0xff, 0xff, 0xf2,
    0x7f, 0xff, 0xff, 0xff, 0xf0, 0x0, 0x0, 0x0,
    0x0, 0x0, 0x0, 0x0, 0x3, 0xff, 0xff, 0xff,
    0xff, 0x15, 0xff, 0xff, 0xff, 0xff, 0x30, 0x0,
    0x0, 0x0, 0x0, 0x0, 0x0, 0x0, 0x7f, 0xff,
    0xff, 0xff, 0xf0, 0x2f, 0xff, 0xff, 0xff, 0xfa,
    0x0, 0x0, 0x0, 0x0, 0x0, 0x0, 0x0, 0xe,
    0xff, 0xff, 0xff, 0xfc, 0x0, 0xef, 0xff, 0xff,
    0xff, 0xf4, 0x0, 0x0, 0x0, 0x0, 0x0, 0x0,
    0x9, 0xff, 0xff, 0xff, 0xff, 0x80, 0x9, 0xff,
    0xff, 0xff, 0xff, 0xe3, 0x0, 0x0, 0x0, 0x0,
    0x0, 0x7, 0xff, 0xff, 0xff, 0xff, 0xf3, 0x0,
    0x2f, 0xff, 0xff, 0xff, 0xff, 0xf7, 0x0, 0x0,
    0x0, 0x0, 0x3b, 0xff, 0xff, 0xff, 0xff, 0xfc,
    0x0, 0x0, 0xaf, 0xff, 0xff, 0xff, 0xff, 0xff,
    0xb8, 0x66, 0x79, 0xdf, 0xff, 0xff, 0xff, 0xff,
    0xff, 0x40, 0x0, 0x1, 0xef, 0xff, 0xff, 0xff,
    0xff, 0xff, 0xff, 0xff, 0xff, 0xff, 0xff, 0xff,
    0xff, 0xff, 0xa0, 0x0, 0x0, 0x4, 0xff, 0xff,
    0xff, 0xff, 0xff, 0xff, 0xff, 0xff, 0xff, 0xff,
    0xff, 0xff, 0xff, 0xd1, 0x0, 0x0, 0x0, 0x5,
    0xff, 0xff, 0xff, 0xff, 0xff, 0xff, 0xff, 0xff,
    0xff, 0xff, 0xff, 0xff, 0xe1, 0x0, 0x0, 0x0,
    0x0, 0x4, 0xef, 0xff, 0xff, 0xff, 0xff, 0xff,
    0xff, 0xff, 0xff, 0xff, 0xff, 0xc1, 0x0, 0x0,
    0x0, 0x0, 0x0, 0x1, 0xaf, 0xff, 0xff, 0xff,
    0xff, 0xff, 0xff, 0xff, 0xff, 0xff, 0x70, 0x0,
    0x0, 0x0, 0x0, 0x0, 0x0, 0x0, 0x29, 0xff,
    0xff, 0xff, 0xff, 0xff, 0xff, 0xff, 0xe7, 0x10,
    0x0, 0x0, 0x0, 0x0, 0x0, 0x0, 0x0, 0x0,
    0x0, 0x48, 0xad, 0xef, 0xff, 0xec, 0xa7, 0x30,
    0x0, 0x0, 0x0, 0x0, 0x0,

    /* U+0036 "6" */
    0x0, 0x0, 0x0, 0x0, 0x0, 0x3, 0x8a, 0xde,
    0xff, 0xfe, 0xca, 0x73, 0x0, 0x0, 0x0, 0x0,
    0x0, 0x0, 0x0, 0x0, 0x0, 0x29, 0xff, 0xff,
    0xff, 0xff, 0xff, 0xff, 0xff, 0xe8, 0x10, 0x0,
    0x0, 0x0, 0x0, 0x0, 0x0, 0x1a, 0xff, 0xff,
    0xff, 0xff, 0xff, 0xff, 0xff, 0xff, 0xff, 0xf8,
    0x0, 0x0, 0x0, 0x0, 0x0, 0x4, 0xef, 0xff,
    0xff, 0xff, 0xff, 0xff, 0xff, 0xff, 0xff, 0xff,
    0xff, 0xc2, 0x0, 0x0, 0x0, 0x0, 0x6f, 0xff,
    0xff, 0xff, 0xff, 0xff, 0xff, 0xff, 0xff, 0xff,
    0xff, 0xff, 0xfe, 0x20, 0x0, 0x0, 0x5, 0xff,
    0xff, 0xff, 0xff, 0xff, 0xff, 0xff, 0xff, 0xff,
    0xff, 0xff, 0xff, 0xff, 0xd1, 0x0, 0x0, 0x1f,
    0xff, 0xff, 0xff, 0xff, 0xff, 0xff, 0xff, 0xff,
    0xff, 0xff, 0xff, 0xff, 0xff, 0xfa, 0x0, 0x0,
    0xbf, 0xff, 0xff, 0xff, 0xff, 0xff, 0xb8, 0x76,
    0x78, 0xcf, 0xff, 0xff, 0xff, 0xff, 0xff, 0x30,
    0x3, 0xff, 0xff, 0xff, 0xff, 0xfe, 0x60, 0x0,
    0x0, 0x0, 0x1, 0x9f, 0xff, 0xff, 0xff, 0xff,
    0xb0, 0xa, 0xff, 0xff, 0xff, 0xff, 0xd2, 0x0,
    0x0, 0x0, 0x0, 0x0, 0x6, 0xff, 0xff, 0xff,
    0xff, 0xf1, 0xf, 0xff, 0xff, 0xff, 0xfe, 0x10,
    0x0, 0x0, 0x0, 0x0, 0x0, 0x0, 0x9f, 0xff,
    0xff, 0xff, 0xf5, 0x4f, 0xff, 0xff, 0xff, 0xf6,
    0x0, 0x0, 0x0, 0x0, 0x0, 0x0, 0x0, 0x1f,
    0xff, 0xff, 0xff, 0xf8, 0x7f, 0xff, 0xff, 0xff,
    0xe0, 0x0, 0x0, 0x0, 0x0, 0x0, 0x0, 0x0,
    0xc, 0xff, 0xff, 0xff, 0xfa, 0x9f, 0xff, 0xff,
    0xff, 0xa0, 0x0, 0x0, 0x0, 0x0, 0x0, 0x0,
    0x0, 0xa, 0xff, 0xff, 0xff, 0xfb, 0xbf, 0xff,
    0xff, 0xff, 0x80, 0x0, 0x0, 0x0, 0x0, 0x0,
    0x0, 0x0, 0x1, 0x22, 0x22, 0x22, 0x21, 0xcf,
    0xff, 0xff, 0xff, 0x60, 0x0, 0x0, 0x0, 0x0,
    0x0, 0x0, 0x0, 0x0, 0x0, 0x0, 0x0, 0x0,
    0xcf, 0xff, 0xff, 0xff, 0x60, 0x0, 0x0, 0x0,
    0x0, 0x0, 0x0, 0x0, 0x0, 0x0, 0x0, 0x0,
    0x0, 0xcf, 0xff, 0xff, 0xff, 0x60, 0x0, 0x1,
    0x6a, 0xde, 0xff, 0xfd, 0xb7, 0x20, 0x0, 0x0,
    0x0, 0x0, 0xcf, 0xff, 0xff, 0xff, 0x60, 0x1,
    0x9f, 0xff, 0xff, 0xff, 0xff, 0xff, 0xfc, 0x50,
    0x0, 0x0, 0x0, 0xcf, 0xff, 0xff, 0xff, 0x60,
    0x4e, 0xff, 0xff, 0xff, 0xff, 0xff, 0xff, 0xff,
    0xfc, 0x20, 0x0, 0x0, 0xcf, 0xff, 0xff, 0xff,
    0x97, 0xff, 0xff, 0xff, 0xff, 0xff, 0xff, 0xff,
    0xff, 0xff, 0xf5, 0x0, 0x0, 0xcf, 0xff, 0xff,
    0xff, 0xff, 0xff, 0xff, 0xff, 0xff, 0xff, 0xff,
    0xff, 0xff, 0xff, 0xff, 0x50, 0x0, 0xcf, 0xff,
    0xff, 0xff, 0xff, 0xff, 0xff, 0xff, 0xff, 0xff,
    0xff, 0xff, 0xff, 0xff, 0xff, 0xf3, 0x0, 0xcf,
    0xff, 0xff, 0xff, 0xff, 0xff, 0xff, 0xec, 0xaa,
    0xbd, 0xff, 0xff, 0xff, 0xff, 0xff, 0xfd, 0x0,
    0xcf, 0xff, 0xff, 0xff, 0xff, 0xff, 0x93, 0x0,
    0x0, 0x0, 0x28, 0xff, 0xff, 0xff, 0xff, 0xff,
    0x70, 0xcf, 0xff, 0xff, 0xff, 0xff, 0xd3, 0x0,
    0x0, 0x0, 0x0, 0x0, 0x2c, 0xff, 0xff, 0xff,
    0xff, 0xe0, 0xcf, 0xff, 0xff, 0xff, 0xfe, 0x20,
    0x0, 0x0, 0x0, 0x0, 0x0, 0x0, 0xdf, 0xff,
    0xff, 0xff, 0xf4, 0xcf, 0xff, 0xff, 0xff, 0xf5,
    0x0, 0x0, 0x0, 0x0, 0x0, 0x0, 0x0, 0x2f,
    0xff, 0xff, 0xff, 0xf8, 0xcf, 0xff, 0xff, 0xff,
    0xd0, 0x0, 0x0, 0x0, 0x0, 0x0, 0x0, 0x0,
    0xb, 0xff, 0xff, 0xff, 0xfb, 0xcf, 0xff, 0xff,
    0xff, 0x90, 0x0, 0x0, 0x0, 0x0, 0x0, 0x0,
    0x0, 0x6, 0xff, 0xff, 0xff, 0xfe, 0xcf, 0xff,
    0xff, 0xff, 0x70, 0x0, 0x0, 0x0, 0x0, 0x0,
    0x0, 0x0, 0x4, 0xff, 0xff, 0xff, 0xff, 0xcf,
    0xff, 0xff, 0xff, 0x60, 0x0, 0x0, 0x0, 0x0,
    0x0, 0x0, 0x0, 0x3, 0xff, 0xff, 0xff, 0xff,
    0xcf, 0xff, 0xff, 0xff, 0x70, 0x0, 0x0, 0x0,
    0x0, 0x0, 0x0, 0x0, 0x4, 0xff, 0xff, 0xff,
    0xff, 0xbf, 0xff, 0xff, 0xff, 0x80, 0x0, 0x0,
    0x0, 0x0, 0x0, 0x0, 0x0, 0x5, 0xff, 0xff,
    0xff, 0xfe, 0x9f, 0xff, 0xff, 0xff, 0xc0, 0x0,
    0x0, 0x0, 0x0, 0x0, 0x0, 0x0, 0xa, 0xff,
    0xff, 0xff, 0xfc, 0x6f, 0xff, 0xff, 0xff, 0xf3,
    0x0, 0x0, 0x0, 0x0, 0x0, 0x0, 0x0, 0x1f,
    0xff, 0xff, 0xff, 0xf9, 0x2f, 0xff, 0xff, 0xff,
    0xfc, 0x0, 0x0, 0x0, 0x0, 0x0, 0x0, 0x0,
    0xaf, 0xff, 0xff, 0xff, 0xf5, 0xc, 0xff, 0xff,
    0xff, 0xff, 0xb0, 0x0, 0x0, 0x0, 0x0, 0x0,
    0x9, 0xff, 0xff, 0xff, 0xff, 0xf0, 0x5, 0xff,
    0xff, 0xff, 0xff, 0xfd, 0x50, 0x0, 0x0, 0x0,
    0x4, 0xcf, 0xff, 0xff, 0xff, 0xff, 0x90, 0x0,
    0xdf, 0xff, 0xff, 0xff, 0xff, 0xfe, 0xa7, 0x66,
    0x79, 0xdf, 0xff, 0xff, 0xff, 0xff, 0xff, 0x10,
    0x0, 0x3f, 0xff, 0xff, 0xff, 0xff, 0xff, 0xff,
    0xff, 0xff, 0xff, 0xff, 0xff, 0xff, 0xff, 0xf6,
    0x0, 0x0, 0x7, 0xff, 0xff, 0xff, 0xff, 0xff,
    0xff, 0xff, 0xff, 0xff, 0xff, 0xff, 0xff, 0xff,
    0x90, 0x0, 0x0, 0x0, 0x8f, 0xff, 0xff, 0xff,
    0xff, 0xff, 0xff, 0xff, 0xff, 0xff, 0xff, 0xff,
    0xfa, 0x0, 0x0, 0x0, 0x0, 0x6, 0xff, 0xff,
    0xff, 0xff, 0xff, 0xff, 0xff, 0xff, 0xff, 0xff,
    0xff, 0x70, 0x0, 0x0, 0x0, 0x0, 0x0, 0x2b,
    0xff, 0xff, 0xff, 0xff, 0xff, 0xff, 0xff, 0xff,
    0xff, 0xc3, 0x0, 0x0, 0x0, 0x0, 0x0, 0x0,
    0x0, 0x4b, 0xff, 0xff, 0xff, 0xff, 0xff, 0xff,
    0xff, 0xb4, 0x0, 0x0, 0x0, 0x0, 0x0, 0x0,
    0x0, 0x0, 0x0, 0x15, 0x9b, 0xde, 0xff, 0xed,
    0xb9, 0x51, 0x0, 0x0, 0x0, 0x0, 0x0,

    /* U+0037 "7" */
    0x26, 0x66, 0x66, 0x66, 0x66, 0x66, 0x66, 0x66,
    0x66, 0x66, 0x66, 0x66, 0x66, 0x66, 0x66, 0x66,
    0x55, 0xff, 0xff, 0xff, 0xff, 0xff, 0xff, 0xff,
    0xff, 0xff, 0xff, 0xff, 0xff, 0xff, 0xff, 0xff,
    0xfe, 0x5f, 0xff, 0xff, 0xff, 0xff, 0xff, 0xff,
    0xff, 0xff, 0xff, 0xff, 0xff, 0xff, 0xff, 0xff,
    0xff, 0xe5, 0xff, 0xff, 0xff, 0xff, 0xff, 0xff,
    0xff, 0xff, 0xff, 0xff, 0xff, 0xff, 0xff, 0xff,
    0xff, 0xfe, 0x5f, 0xff, 0xff, 0xff, 0xff, 0xff,
    0xff, 0xff, 0xff, 0xff, 0xff, 0xff, 0xff, 0xff,
    0xff, 0xff, 0xe5, 0xff, 0xff, 0xff, 0xff, 0xff,
    0xff, 0xff, 0xff, 0xff, 0xff, 0xff, 0xff, 0xff,
    0xff, 0xff, 0xfe, 0x5f, 0xff, 0xff, 0xff, 0xff,
    0xff, 0xff, 0xff, 0xff, 0xff, 0xff, 0xff, 0xff,
    0xff, 0xff, 0xff, 0xe5, 0xff, 0xff, 0xff, 0xff,
    0xff, 0xff, 0xff, 0xff, 0xff, 0xff, 0xff, 0xff,
    0xff, 0xff, 0xff, 0xfe, 0x0, 0x0, 0x0, 0x0,
    0x0, 0x0, 0x0, 0x0, 0x0, 0x0, 0x0, 0x0,
    0x8f, 0xff, 0xff, 0xff, 0xe0, 0x0, 0x0, 0x0,
    0x0, 0x0, 0x0, 0x0, 0x0, 0x0, 0x0, 0x0,
    0xc, 0xff, 0xff, 0xff, 0xfe, 0x0, 0x0, 0x0,
    0x0, 0x0, 0x0, 0x0, 0x0, 0x0, 0x0, 0x0,
    0x5, 0xff, 0xff, 0xff, 0xff, 0xd0, 0x0, 0x0,
    0x0, 0x0, 0x0, 0x0, 0x0, 0x0, 0x0, 0x0,
    0x0, 0xef, 0xff, 0xff, 0xff, 0xf5, 0x0, 0x0,
    0x0, 0x0, 0x0, 0x0, 0x0, 0x0, 0x0, 0x0,
    0x0, 0x7f, 0xff, 0xff, 0xff, 0xfc, 0x0, 0x0,
    0x0, 0x0, 0x0, 0x0, 0x0, 0x0, 0x0, 0x0,
    0x0, 0x1f, 0xff, 0xff, 0xff, 0xff, 0x30, 0x0,
    0x0, 0x0, 0x0, 0x0, 0x0, 0x0, 0x0, 0x0,
    0x0, 0x9, 0xff, 0xff, 0xff, 0xff, 0xb0, 0x0,
    0x0, 0x0, 0x0, 0x0, 0x0, 0x0, 0x0, 0x0,
    0x0, 0x2, 0xff, 0xff, 0xff, 0xff, 0xf2, 0x0,
    0x0, 0x0, 0x0, 0x0, 0x0, 0x0, 0x0, 0x0,
    0x0, 0x0, 0xbf, 0xff, 0xff, 0xff, 0xf9, 0x0,
    0x0, 0x0, 0x0, 0x0, 0x0, 0x0, 0x0, 0x0,
    0x0, 0x0, 0x4f, 0xff, 0xff, 0xff, 0xff, 0x10,
    0x0, 0x0, 0x0, 0x0, 0x0, 0x0, 0x0, 0x0,
    0x0, 0x0, 0xc, 0xff, 0xff, 0xff, 0xff, 0x70,
    0x0, 0x0, 0x0, 0x0, 0x0, 0x0, 0x0, 0x0,
    0x0, 0x0, 0x6, 0xff, 0xff, 0xff, 0xff, 0xe0,
    0x0, 0x0, 0x0, 0x0, 0x0, 0x0, 0x0, 0x0,
    0x0, 0x0, 0x0, 0xef, 0xff, 0xff, 0xff, 0xf6,
    0x0, 0x0, 0x0, 0x0, 0x0, 0x0, 0x0, 0x0,
    0x0, 0x0, 0x0, 0x7f, 0xff, 0xff, 0xff, 0xfd,
    0x0, 0x0, 0x0, 0x0, 0x0, 0x0, 0x0, 0x0,
    0x0, 0x0, 0x0, 0x1f, 0xff, 0xff, 0xff, 0xff,
    0x40, 0x0, 0x0, 0x0, 0x0, 0x0, 0x0, 0x0,
    0x0, 0x0, 0x0, 0x9, 0xff, 0xff, 0xff, 0xff,
    0xb0, 0x0, 0x0, 0x0, 0x0, 0x0, 0x0, 0x0,
    0x0, 0x0, 0x0, 0x2, 0xff, 0xff, 0xff, 0xff,
    0xf2, 0x0, 0x0, 0x0, 0x0, 0x0, 0x0, 0x0,
    0x0, 0x0, 0x0, 0x0, 0xbf, 0xff, 0xff, 0xff,
    0xf9, 0x0, 0x0, 0x0, 0x0, 0x0, 0x0, 0x0,
    0x0, 0x0, 0x0, 0x0, 0x4f, 0xff, 0xff, 0xff,
    0xff, 0x10, 0x0, 0x0, 0x0, 0x0, 0x0, 0x0,
    0x0, 0x0, 0x0, 0x0, 0xd, 0xff, 0xff, 0xff,
    0xff, 0x80, 0x0, 0x0, 0x0, 0x0, 0x0, 0x0,
    0x0, 0x0, 0x0, 0x0, 0x6, 0xff, 0xff, 0xff,
    0xff, 0xe0, 0x0, 0x0, 0x0, 0x0, 0x0, 0x0,
    0x0, 0x0, 0x0, 0x0, 0x0, 0xef, 0xff, 0xff,
    0xff, 0xf6, 0x0, 0x0, 0x0, 0x0, 0x0, 0x0,
    0x0, 0x0, 0x0, 0x0, 0x0, 0x8f, 0xff, 0xff,
    0xff, 0xfd, 0x0, 0x0, 0x0, 0x0, 0x0, 0x0,
    0x0, 0x0, 0x0, 0x0, 0x0, 0x1f, 0xff, 0xff,
    0xff, 0xff, 0x40, 0x0, 0x0, 0x0, 0x0, 0x0,
    0x0, 0x0, 0x0, 0x0, 0x0, 0xa, 0xff, 0xff,
    0xff, 0xff, 0xb0, 0x0, 0x0, 0x0, 0x0, 0x0,
    0x0, 0x0, 0x0, 0x0, 0x0, 0x3, 0xff, 0xff,
    0xff, 0xff, 0xf3, 0x0, 0x0, 0x0, 0x0, 0x0,
    0x0, 0x0, 0x0, 0x0, 0x0, 0x0, 0xcf, 0xff,
    0xff, 0xff, 0xfa, 0x0, 0x0, 0x0, 0x0, 0x0,
    0x0, 0x0, 0x0, 0x0, 0x0, 0x0, 0x5f, 0xff,
    0xff, 0xff, 0xff, 0x10, 0x0, 0x0, 0x0, 0x0,
    0x0, 0x0, 0x0, 0x0, 0x0, 0x0, 0xd, 0xff,
    0xff, 0xff, 0xff, 0x80, 0x0, 0x0, 0x0, 0x0,
    0x0, 0x0, 0x0, 0x0, 0x0, 0x0, 0x5, 0xff,
    0xff, 0xff, 0xff, 0xe0, 0x0, 0x0, 0x0, 0x0,
    0x0, 0x0, 0x0, 0x0, 0x0, 0x0, 0x0, 0xcf,
    0xff, 0xff, 0xff, 0xf6, 0x0, 0x0, 0x0, 0x0,
    0x0, 0x0, 0x0, 0x0, 0x0, 0x0, 0x0, 0x1f,
    0xff, 0xff, 0xff, 0xfd, 0x0, 0x0, 0x0, 0x0,
    0x0, 0x0, 0x0, 0x0, 0x0, 0x0, 0x0, 0x4,
    0xff, 0xff, 0xff, 0xff, 0x60, 0x0, 0x0, 0x0,
    0x0, 0x0, 0x0, 0x0, 0x0, 0x0, 0x0, 0x0,
    0x7f, 0xff, 0xff, 0xff, 0xf0, 0x0, 0x0, 0x0,
    0x0, 0x0, 0x0, 0x0, 0x0, 0x0, 0x0, 0x0,
    0x8, 0xff, 0xff, 0xff, 0xfc, 0x0, 0x0, 0x0,
    0x0, 0x0, 0x0, 0x0, 0x0, 0x0, 0x0, 0x0,
    0x0, 0x9f, 0xff, 0xff, 0xff, 0xa0, 0x0, 0x0,
    0x0, 0x0, 0x0, 0x0, 0x0, 0x0, 0x0, 0x0,
    0x0, 0x9, 0xff, 0xff, 0xff, 0xf9, 0x0, 0x0,
    0x0, 0x0, 0x0, 0x0, 0x0, 0x0, 0x0, 0x0,
    0x0, 0x0, 0x9f, 0xff, 0xff, 0xff, 0x90, 0x0,
    0x0, 0x0, 0x0, 0x0, 0x0, 0x0, 0x0,

    /* U+0038 "8" */
    0x0, 0x0, 0x0, 0x0, 0x0, 0x2, 0x69, 0xcd,
    0xef, 0xff, 0xec, 0xa7, 0x40, 0x0, 0x0, 0x0,
    0x0, 0x0, 0x0, 0x0, 0x0, 0x0, 0x18, 0xef,
    0xff, 0xff, 0xff, 0xff, 0xff, 0xff, 0xff, 0xa4,
    0x0, 0x0, 0x0, 0x0, 0x0, 0x0, 0x0, 0x19,
    0xff, 0xff, 0xff, 0xff, 0xff, 0xff, 0xff, 0xff,
    0xff, 0xff, 0xd4, 0x0, 0x0, 0x0, 0x0, 0x0,
    0x4, 0xef, 0xff, 0xff, 0xff, 0xff, 0xff, 0xff,
    0xff, 0xff, 0xff, 0xff, 0xff, 0x90, 0x0, 0x0,
    0x0, 0x0, 0x6f, 0xff, 0xff, 0xff, 0xff, 0xff,
    0xff, 0xff, 0xff, 0xff, 0xff, 0xff, 0xff, 0xfc,
    0x0, 0x0, 0x0, 0x5, 0xff, 0xff, 0xff, 0xff,
    0xff, 0xff, 0xff, 0xff, 0xff, 0xff, 0xff, 0xff,
    0xff, 0xff, 0xb0, 0x0, 0x0, 0x1e, 0xff, 0xff,
    0xff, 0xff, 0xff, 0xff, 0xff, 0xff, 0xff, 0xff,
    0xff, 0xff, 0xff, 0xff, 0xf7, 0x0, 0x0, 0x9f,
    0xff, 0xff, 0xff, 0xff, 0xff, 0xc9, 0x76, 0x67,
    0x8b, 0xff, 0xff, 0xff, 0xff, 0xff, 0xff, 0x0,
    0x0, 0xff, 0xff, 0xff, 0xff, 0xff, 0x81, 0x0,
    0x0, 0x0, 0x0, 0x5, 0xdf, 0xff, 0xff, 0xff,
    0xff, 0x60, 0x4, 0xff, 0xff, 0xff, 0xff, 0xe3,
    0x0, 0x0, 0x0, 0x0, 0x0, 0x0, 0xa, 0xff,
    0xff, 0xff, 0xff, 0xa0, 0x7, 0xff, 0xff, 0xff,
    0xff, 0x40, 0x0, 0x0, 0x0, 0x0, 0x0, 0x0,
    0x0, 0xdf, 0xff, 0xff, 0xff, 0xd0, 0x8, 0xff,
    0xff, 0xff, 0xfd, 0x0, 0x0, 0x0, 0x0, 0x0,
    0x0, 0x0, 0x0, 0x7f, 0xff, 0xff, 0xff, 0xf0,
    0x8, 0xff, 0xff, 0xff, 0xfa, 0x0, 0x0, 0x0,
    0x0, 0x0, 0x0, 0x0, 0x0, 0x4f, 0xff, 0xff,
    0xff, 0xf0, 0x7, 0xff, 0xff, 0xff, 0xfa, 0x0,
    0x0, 0x0, 0x0, 0x0, 0x0, 0x0, 0x0, 0x3f,
    0xff, 0xff, 0xff, 0xe0, 0x6, 0xff, 0xff, 0xff,
    0xfc, 0x0, 0x0, 0x0, 0x0, 0x0, 0x0, 0x0,
    0x0, 0x5f, 0xff, 0xff, 0xff, 0xc0, 0x3, 0xff,
    0xff, 0xff, 0xff, 0x10, 0x0, 0x0, 0x0, 0x0,
    0x0, 0x0, 0x0, 0xaf, 0xff, 0xff, 0xff, 0x90,
    0x0, 0xdf, 0xff, 0xff, 0xff, 0xb0, 0x0, 0x0,
    0x0, 0x0, 0x0, 0x0, 0x5, 0xff, 0xff, 0xff,
    0xff, 0x40, 0x0, 0x6f, 0xff, 0xff, 0xff, 0xfb,
    0x20, 0x0, 0x0, 0x0, 0x0, 0x0, 0x7f, 0xff,
    0xff, 0xff, 0xfd, 0x0, 0x0, 0xc, 0xff, 0xff,
    0xff, 0xff, 0xfb, 0x63, 0x10, 0x0, 0x24, 0x9e,
    0xff, 0xff, 0xff, 0xff, 0xf3, 0x0, 0x0, 0x1,
    0xdf, 0xff, 0xff, 0xff, 0xff, 0xff, 0xff, 0xff,
    0xff, 0xff, 0xff, 0xff, 0xff, 0xff, 0x60, 0x0,
    0x0, 0x0, 0x1b, 0xff, 0xff, 0xff, 0xff, 0xff,
    0xff, 0xff, 0xff, 0xff, 0xff, 0xff, 0xff, 0xe5,
    0x0, 0x0, 0x0, 0x0, 0x0, 0x5d, 0xff, 0xff,
    0xff, 0xff, 0xff, 0xff, 0xff, 0xff, 0xff, 0xff,
    0xf8, 0x10, 0x0, 0x0, 0x0, 0x0, 0x0, 0x4,
    0xff, 0xff, 0xff, 0xff, 0xff, 0xff, 0xff, 0xff,
    0xff, 0xff, 0xb0, 0x0, 0x0, 0x0, 0x0, 0x0,
    0x0, 0x6d, 0xff, 0xff, 0xff, 0xff, 0xff, 0xff,
    0xff, 0xff, 0xff, 0xff, 0xf9, 0x20, 0x0, 0x0,
    0x0, 0x0, 0x3d, 0xff, 0xff, 0xff, 0xff, 0xff,
    0xff, 0xff, 0xff, 0xff, 0xff, 0xff, 0xff, 0xf7,
    0x0, 0x0, 0x0, 0x4, 0xff, 0xff, 0xff, 0xff,
    0xff, 0xff, 0xff, 0xff, 0xff, 0xff, 0xff, 0xff,
    0xff, 0xff, 0xa0, 0x0, 0x0, 0x3f, 0xff, 0xff,
    0xff, 0xff, 0xff, 0xc9, 0x76, 0x67, 0x8b, 0xef,
    0xff, 0xff, 0xff, 0xff, 0xf9, 0x0, 0x0, 0xdf,
    0xff, 0xff, 0xff, 0xff, 0x71, 0x0, 0x0, 0x0,
    0x0, 0x4, 0xcf, 0xff, 0xff, 0xff, 0xff, 0x30,
    0x5, 0xff, 0xff, 0xff, 0xff, 0xd1, 0x0, 0x0,
    0x0, 0x0, 0x0, 0x0, 0x8, 0xff, 0xff, 0xff,
    0xff, 0xc0, 0xb, 0xff, 0xff, 0xff, 0xfe, 0x10,
    0x0, 0x0, 0x0, 0x0, 0x0, 0x0, 0x0, 0x9f,
    0xff, 0xff, 0xff, 0xf1, 0xf, 0xff, 0xff, 0xff,
    0xf7, 0x0, 0x0, 0x0, 0x0, 0x0, 0x0, 0x0,
    0x0, 0x1f, 0xff, 0xff, 0xff, 0xf5, 0x1f, 0xff,
    0xff, 0xff, 0xf2, 0x0, 0x0, 0x0, 0x0, 0x0,
    0x0, 0x0, 0x0, 0xb, 0xff, 0xff, 0xff, 0xf8,
    0x2f, 0xff, 0xff, 0xff, 0xf0, 0x0, 0x0, 0x0,
    0x0, 0x0, 0x0, 0x0, 0x0, 0x9, 0xff, 0xff,
    0xff, 0xf9, 0x3f, 0xff, 0xff, 0xff, 0xf0, 0x0,
    0x0, 0x0, 0x0, 0x0, 0x0, 0x0, 0x0, 0x9,
    0xff, 0xff, 0xff, 0xf9, 0x2f, 0xff, 0xff, 0xff,
    0xf2, 0x0, 0x0, 0x0, 0x0, 0x0, 0x0, 0x0,
    0x0, 0xb, 0xff, 0xff, 0xff, 0xf9, 0x1f, 0xff,
    0xff, 0xff, 0xf7, 0x0, 0x0, 0x0, 0x0, 0x0,
    0x0, 0x0, 0x0, 0x1f, 0xff, 0xff, 0xff, 0xf7,
    0xe, 0xff, 0xff, 0xff, 0xfe, 0x10, 0x0, 0x0,
    0x0, 0x0, 0x0, 0x0, 0x0, 0xaf, 0xff, 0xff,
    0xff, 0xf5, 0xa, 0xff, 0xff, 0xff, 0xff, 0xd1,
    0x0, 0x0, 0x0, 0x0, 0x0, 0x0, 0x8, 0xff,
    0xff, 0xff, 0xff, 0xf1, 0x5, 0xff, 0xff, 0xff,
    0xff, 0xff, 0x71, 0x0, 0x0, 0x0, 0x0, 0x4,
    0xcf, 0xff, 0xff, 0xff, 0xff, 0xb0, 0x0, 0xdf,
    0xff, 0xff, 0xff, 0xff, 0xff, 0xc9, 0x76, 0x67,
    0x8b, 0xef, 0xff, 0xff, 0xff, 0xff, 0xff, 0x40,
    0x0, 0x4f, 0xff, 0xff, 0xff, 0xff, 0xff, 0xff,
    0xff, 0xff, 0xff, 0xff, 0xff, 0xff, 0xff, 0xff,
    0xfa, 0x0, 0x0, 0x7, 0xff, 0xff, 0xff, 0xff,
    0xff, 0xff, 0xff, 0xff, 0xff, 0xff, 0xff, 0xff,
    0xff, 0xff, 0xd0, 0x0, 0x0, 0x0, 0x8f, 0xff,
    0xff, 0xff, 0xff, 0xff, 0xff, 0xff, 0xff, 0xff,
    0xff, 0xff, 0xff, 0xfd, 0x10, 0x0, 0x0, 0x0,
    0x6, 0xff, 0xff, 0xff, 0xff, 0xff, 0xff, 0xff,
    0xff, 0xff, 0xff, 0xff, 0xff, 0xa0, 0x0, 0x0,
    0x0, 0x0, 0x0, 0x1a, 0xff, 0xff, 0xff, 0xff,
    0xff, 0xff, 0xff, 0xff, 0xff, 0xff, 0xd5, 0x0,
    0x0, 0x0, 0x0, 0x0, 0x0, 0x0, 0x28, 0xef,
    0xff, 0xff, 0xff, 0xff, 0xff, 0xff, 0xff, 0xb5,
    0x0, 0x0, 0x0, 0x0, 0x0, 0x0, 0x0, 0x0,
    0x0, 0x3, 0x69, 0xcd, 0xef, 0xff, 0xec, 0xa8,
    0x40, 0x0, 0x0, 0x0, 0x0, 0x0,

    /* U+0039 "9" */
    0x0, 0x0, 0x0, 0x0, 0x0, 0x2, 0x7a, 0xce,
    0xff, 0xfe, 0xca, 0x73, 0x0, 0x0, 0x0, 0x0,
    0x0, 0x0, 0x0, 0x0, 0x0, 0x1, 0x7d, 0xff,
    0xff, 0xff, 0xff, 0xff, 0xff, 0xfe, 0x71, 0x0,
    0x0, 0x0, 0x0, 0x0, 0x0, 0x0, 0x7, 0xff,
    0xff, 0xff, 0xff, 0xff, 0xff, 0xff, 0xff, 0xff,
    0xf7, 0x0, 0x0, 0x0, 0x0, 0x0, 0x0, 0x1c,
    0xff, 0xff, 0xff, 0xff, 0xff, 0xff, 0xff, 0xff,
    0xff, 0xff, 0xfc, 0x10, 0x0, 0x0, 0x0, 0x0,
    0x2e, 0xff, 0xff, 0xff, 0xff, 0xff, 0xff, 0xff,
    0xff, 0xff, 0xff, 0xff, 0xfe, 0x20, 0x0, 0x0,
    0x0, 0x2e, 0xff, 0xff, 0xff, 0xff, 0xff, 0xff,
    0xff, 0xff, 0xff, 0xff, 0xff, 0xff, 0xfe, 0x10,
    0x0, 0x0, 0xd, 0xff, 0xff, 0xff, 0xff, 0xff,
    0xff, 0xff, 0xff, 0xff, 0xff, 0xff, 0xff, 0xff,
    0xfb, 0x0, 0x0, 0x8, 0xff, 0xff, 0xff, 0xff,
    0xff, 0xfb, 0x87, 0x67, 0x8c, 0xff, 0xff, 0xff,
    0xff, 0xff, 0xf6, 0x0, 0x1, 0xff, 0xff, 0xff,
    0xff, 0xff, 0x81, 0x0, 0x0, 0x0, 0x1, 0x9f,
    0xff, 0xff, 0xff, 0xff, 0xe0, 0x0, 0x7f, 0xff,
    0xff, 0xff, 0xfe, 0x30, 0x0, 0x0, 0x0, 0x0,
    0x0, 0x4f, 0xff, 0xff, 0xff, 0xff, 0x50, 0xc,
    0xff, 0xff, 0xff, 0xff, 0x30, 0x0, 0x0, 0x0,
    0x0, 0x0, 0x0, 0x4f, 0xff, 0xff, 0xff, 0xfa,
    0x0, 0xff, 0xff, 0xff, 0xff, 0x90, 0x0, 0x0,
    0x0, 0x0, 0x0, 0x0, 0x0, 0xaf, 0xff, 0xff,
    0xff, 0xf0, 0x3f, 0xff, 0xff, 0xff, 0xf2, 0x0,
    0x0, 0x0, 0x0, 0x0, 0x0, 0x0, 0x4, 0xff,
    0xff, 0xff, 0xff, 0x25, 0xff, 0xff, 0xff, 0xfe,
    0x0, 0x0, 0x0, 0x0, 0x0, 0x0, 0x0, 0x0,
    0xf, 0xff, 0xff, 0xff, 0xf4, 0x6f, 0xff, 0xff,
    0xff, 0xc0, 0x0, 0x0, 0x0, 0x0, 0x0, 0x0,
    0x0, 0x0, 0xef, 0xff, 0xff, 0xff, 0x56, 0xff,
    0xff, 0xff, 0xfc, 0x0, 0x0, 0x0, 0x0, 0x0,
    0x0, 0x0, 0x0, 0xd, 0xff, 0xff, 0xff, 0xf5,
    0x6f, 0xff, 0xff, 0xff, 0xc0, 0x0, 0x0, 0x0,
    0x0, 0x0, 0x0, 0x0, 0x0, 0xef, 0xff, 0xff,
    0xff, 0x55, 0xff, 0xff, 0xff, 0xff, 0x0, 0x0,
    0x0, 0x0, 0x0, 0x0, 0x0, 0x0, 0xf, 0xff,
    0xff, 0xff, 0xf5, 0x3f, 0xff, 0xff, 0xff, 0xf3,
    0x0, 0x0, 0x0, 0x0, 0x0, 0x0, 0x0, 0x5,
    0xff, 0xff, 0xff, 0xff, 0x50, 0xff, 0xff, 0xff,
    0xff, 0xa0, 0x0, 0x0, 0x0, 0x0, 0x0, 0x0,
    0x0, 0xcf, 0xff, 0xff, 0xff, 0xf5, 0xb, 0xff,
    0xff, 0xff, 0xff, 0x60, 0x0, 0x0, 0x0, 0x0,
    0x0, 0x0, 0x8f, 0xff, 0xff, 0xff, 0xff, 0x50,
    0x6f, 0xff, 0xff, 0xff, 0xff, 0x70, 0x0, 0x0,
    0x0, 0x0, 0x0, 0x8f, 0xff, 0xff, 0xff, 0xff,
    0xf5, 0x0, 0xef, 0xff, 0xff, 0xff, 0xff, 0xc5,
    0x0, 0x0, 0x0, 0x5, 0xdf, 0xff, 0xff, 0xff,
    0xff, 0xff, 0x50, 0x5, 0xff, 0xff, 0xff, 0xff,
    0xff, 0xff, 0xca, 0x9b, 0xcf, 0xff, 0xff, 0xff,
    0xff, 0xff, 0xff, 0xf5, 0x0, 0xa, 0xff, 0xff,
    0xff, 0xff, 0xff, 0xff, 0xff, 0xff, 0xff, 0xff,
    0xff, 0xff, 0xff, 0xff, 0xff, 0x50, 0x0, 0xb,
    0xff, 0xff, 0xff, 0xff, 0xff, 0xff, 0xff, 0xff,
    0xff, 0xff, 0xff, 0xff, 0xff, 0xff, 0xf5, 0x0,
    0x0, 0xa, 0xff, 0xff, 0xff, 0xff, 0xff, 0xff,
    0xff, 0xff, 0xff, 0xd6, 0xef, 0xff, 0xff, 0xff,
    0x50, 0x0, 0x0, 0x7, 0xff, 0xff, 0xff, 0xff,
    0xff, 0xff, 0xff, 0xff, 0xb1, 0xd, 0xff, 0xff,
    0xff, 0xf5, 0x0, 0x0, 0x0, 0x1, 0x8f, 0xff,
    0xff, 0xff, 0xff, 0xff, 0xfe, 0x60, 0x0, 0xdf,
    0xff, 0xff, 0xff, 0x50, 0x0, 0x0, 0x0, 0x0,
    0x4, 0x9c, 0xef, 0xff, 0xec, 0x95, 0x0, 0x0,
    0xd, 0xff, 0xff, 0xff, 0xf5, 0x0, 0x0, 0x0,
    0x0, 0x0, 0x0, 0x0, 0x0, 0x0, 0x0, 0x0,
    0x0, 0x0, 0xdf, 0xff, 0xff, 0xff, 0x50, 0x0,
    0x0, 0x0, 0x0, 0x0, 0x0, 0x0, 0x0, 0x0,
    0x0, 0x0, 0x0, 0xe, 0xff, 0xff, 0xff, 0xf4,
    0x2, 0x22, 0x22, 0x22, 0x20, 0x0, 0x0, 0x0,
    0x0, 0x0, 0x0, 0x0, 0x0, 0xff, 0xff, 0xff,
    0xff, 0x42, 0xff, 0xff, 0xff, 0xff, 0x30, 0x0,
    0x0, 0x0, 0x0, 0x0, 0x0, 0x0, 0x2f, 0xff,
    0xff, 0xff, 0xf2, 0x1f, 0xff, 0xff, 0xff, 0xf5,
    0x0, 0x0, 0x0, 0x0, 0x0, 0x0, 0x0, 0x6,
    0xff, 0xff, 0xff, 0xff, 0x0, 0xff, 0xff, 0xff,
    0xff, 0xa0, 0x0, 0x0, 0x0, 0x0, 0x0, 0x0,
    0x0, 0xdf, 0xff, 0xff, 0xff, 0xd0, 0xc, 0xff,
    0xff, 0xff, 0xff, 0x30, 0x0, 0x0, 0x0, 0x0,
    0x0, 0x0, 0x7f, 0xff, 0xff, 0xff, 0xf8, 0x0,
    0x8f, 0xff, 0xff, 0xff, 0xfd, 0x10, 0x0, 0x0,
    0x0, 0x0, 0x0, 0x6f, 0xff, 0xff, 0xff, 0xff,
    0x30, 0x2, 0xff, 0xff, 0xff, 0xff, 0xfe, 0x50,
    0x0, 0x0, 0x0, 0x2, 0xaf, 0xff, 0xff, 0xff,
    0xff, 0xc0, 0x0, 0xb, 0xff, 0xff, 0xff, 0xff,
    0xff, 0xea, 0x76, 0x67, 0x9d, 0xff, 0xff, 0xff,
    0xff, 0xff, 0xf4, 0x0, 0x0, 0x2f, 0xff, 0xff,
    0xff, 0xff, 0xff, 0xff, 0xff, 0xff, 0xff, 0xff,
    0xff, 0xff, 0xff, 0xf9, 0x0, 0x0, 0x0, 0x6f,
    0xff, 0xff, 0xff, 0xff, 0xff, 0xff, 0xff, 0xff,
    0xff, 0xff, 0xff, 0xff, 0xfd, 0x0, 0x0, 0x0,
    0x0, 0x8f, 0xff, 0xff, 0xff, 0xff, 0xff, 0xff,
    0xff, 0xff, 0xff, 0xff, 0xff, 0xfd, 0x10, 0x0,
    0x0, 0x0, 0x0, 0x7f, 0xff, 0xff, 0xff, 0xff,
    0xff, 0xff, 0xff, 0xff, 0xff, 0xff, 0xfb, 0x10,
    0x0, 0x0, 0x0, 0x0, 0x0, 0x3c, 0xff, 0xff,
    0xff, 0xff, 0xff, 0xff, 0xff, 0xff, 0xff, 0xe6,
    0x0, 0x0, 0x0, 0x0, 0x0, 0x0, 0x0, 0x4,
    0xbf, 0xff, 0xff, 0xff, 0xff, 0xff, 0xff, 0xfd,
    0x60, 0x0, 0x0, 0x0, 0x0, 0x0, 0x0, 0x0,
    0x0, 0x0, 0x15, 0x9b, 0xde, 0xff, 0xfe, 0xc9,
    0x62, 0x0, 0x0, 0x0, 0x0, 0x0, 0x0,

    /* U+003A ":" */
    0x0, 0x3, 0xae, 0xfe, 0xb4, 0x0, 0x0, 0x8,
    0xff, 0xff, 0xff, 0xf9, 0x0, 0x6, 0xff, 0xff,
    0xff, 0xff, 0xf7, 0x0, 0xff, 0xff, 0xff, 0xff,
    0xff, 0xf1, 0x5f, 0xff, 0xff, 0xff, 0xff, 0xff,
    0x67, 0xff, 0xff, 0xff, 0xff, 0xff, 0xf8, 0x8f,
    0xff, 0xff, 0xff, 0xff, 0xff, 0x96, 0xff, 0xff,
    0xff, 0xff, 0xff, 0xf7, 0x2f, 0xff, 0xff, 0xff,
    0xff, 0xff, 0x30, 0xaf, 0xff, 0xff, 0xff, 0xff,
    0xb0, 0x0, 0xcf, 0xff, 0xff, 0xff, 0xd1, 0x0,
    0x0, 0x8e, 0xff, 0xff, 0x90, 0x0, 0x0, 0x0,
    0x3, 0x43, 0x0, 0x0, 0x0, 0x0, 0x0, 0x0,
    0x0, 0x0, 0x0, 0x0, 0x0, 0x0, 0x0, 0x0,
    0x0, 0x0, 0x0, 0x0, 0x0, 0x0, 0x0, 0x0,
    0x0, 0x0, 0x0, 0x0, 0x0, 0x0, 0x0, 0x0,
    0x0, 0x0, 0x0, 0x0, 0x0, 0x0, 0x0, 0x0,
    0x0, 0x0, 0x0, 0x0, 0x0, 0x0, 0x0, 0x0,
    0x0, 0x0, 0x0, 0x0, 0x0, 0x0, 0x0, 0x0,
    0x0, 0x0, 0x0, 0x34, 0x30, 0x0, 0x0, 0x0,
    0x8, 0xef, 0xff, 0xf9, 0x0, 0x0, 0xc, 0xff,
    0xff, 0xff, 0xfd, 0x10, 0xa, 0xff, 0xff, 0xff,
    0xff, 0xfb, 0x2, 0xff, 0xff, 0xff, 0xff, 0xff,
    0xf3, 0x6f, 0xff, 0xff, 0xff, 0xff, 0xff, 0x78,
    0xff, 0xff, 0xff, 0xff, 0xff, 0xf9, 0x7f, 0xff,
    0xff, 0xff, 0xff, 0xff, 0x85, 0xff, 0xff, 0xff,
    0xff, 0xff, 0xf6, 0xf, 0xff, 0xff, 0xff, 0xff,
    0xff, 0x10, 0x6f, 0xff, 0xff, 0xff, 0xff, 0x70,
    0x0, 0x8f, 0xff, 0xff, 0xff, 0x90, 0x0, 0x0,
    0x3a, 0xef, 0xeb, 0x40, 0x0,

    /* U+003B ";" */
    0x0, 0x0, 0x3, 0x43, 0x0, 0x0, 0x0, 0x0,
    0x8e, 0xff, 0xff, 0x90, 0x0, 0x0, 0xcf, 0xff,
    0xff, 0xff, 0xd1, 0x0, 0xaf, 0xff, 0xff, 0xff,
    0xff, 0xb0, 0x2f, 0xff, 0xff, 0xff, 0xff, 0xff,
    0x36, 0xff, 0xff, 0xff, 0xff, 0xff, 0xf7, 0x8f,
    0xff, 0xff, 0xff, 0xff, 0xff, 0x97, 0xff, 0xff,
    0xff, 0xff, 0xff, 0xf8, 0x5f, 0xff, 0xff, 0xff,
    0xff, 0xff, 0x60, 0xff, 0xff, 0xff, 0xff, 0xff,
    0xf1, 0x6, 0xff, 0xff, 0xff, 0xff, 0xf7, 0x0,
    0x8, 0xff, 0xff, 0xff, 0xf9, 0x0, 0x0, 0x3,
    0xae, 0xfe, 0xb4, 0x0, 0x0, 0x0, 0x0, 0x0,
    0x0, 0x0, 0x0, 0x0, 0x0, 0x0, 0x0, 0x0,
    0x0, 0x0, 0x0, 0x0, 0x0, 0x0, 0x0, 0x0,
    0x0, 0x0, 0x0, 0x0, 0x0, 0x0, 0x0, 0x0,
    0x0, 0x0, 0x0, 0x0, 0x0, 0x0, 0x0, 0x0,
    0x0, 0x0, 0x0, 0x0, 0x0, 0x0, 0x0, 0x0,
    0x0, 0x0, 0x0, 0x0, 0x0, 0x0, 0x0, 0x0,
    0x0, 0x0, 0x0, 0x0, 0x0, 0x0, 0x0, 0x0,
    0x3, 0xae, 0xfe, 0xb4, 0x0, 0x0, 0x8, 0xff,
    0xff, 0xff, 0xf9, 0x0, 0x6, 0xff, 0xff, 0xff,
    0xff, 0xf7, 0x0, 0xef, 0xff, 0xff, 0xff, 0xff,
    0xf0, 0x4f, 0xff, 0xff, 0xff, 0xff, 0xff, 0x46,
    0xff, 0xff, 0xff, 0xff, 0xff, 0xf6, 0x5f, 0xff,
    0xff, 0xff, 0xff, 0xff, 0x72, 0xff, 0xff, 0xff,
    0xff, 0xff, 0xf7, 0xb, 0xff, 0xff, 0xff, 0xff,
    0xff, 0x70, 0x1d, 0xff, 0xff, 0xff, 0xff, 0xf7,
    0x0, 0x19, 0xff, 0xff, 0xff, 0xff, 0x70, 0x0,
    0x0, 0x35, 0x9f, 0xff, 0xf7, 0x0, 0x0, 0x0,
    0x6, 0xff, 0xff, 0x70, 0x0, 0x0, 0x0, 0x6f,
    0xff, 0xf7, 0x0, 0x0, 0x0, 0x8, 0xff, 0xff,
    0x60, 0x0, 0x0, 0x0, 0xef, 0xff, 0xf5, 0x0,
    0x56, 0x68, 0xef, 0xff, 0xff, 0x10, 0xd, 0xff,
    0xff, 0xff, 0xff, 0xc0, 0x0, 0xdf, 0xff, 0xff,
    0xff, 0xf3, 0x0, 0xd, 0xff, 0xff, 0xff, 0xf5,
    0x0, 0x0, 0xdf, 0xff, 0xec, 0x71, 0x0, 0x0,

    /* U+003C "<" */
    0x0, 0x0, 0x0, 0x0, 0x0, 0x0, 0x0, 0x0,
    0x0, 0x0, 0x0, 0x0, 0x4, 0x93, 0x0, 0x0,
    0x0, 0x0, 0x0, 0x0, 0x0, 0x0, 0x0, 0x0,
    0x0, 0x39, 0xef, 0xf4, 0x0, 0x0, 0x0, 0x0,
    0x0, 0x0, 0x0, 0x0, 0x0, 0x3, 0x8e, 0xff,
    0xff, 0xf4, 0x0, 0x0, 0x0, 0x0, 0x0, 0x0,
    0x0, 0x0, 0x38, 0xdf, 0xff, 0xff, 0xff, 0xf4,
    0x0, 0x0, 0x0, 0x0, 0x0, 0x0, 0x2, 0x8d,
    0xff, 0xff, 0xff, 0xff, 0xff, 0xf4, 0x0, 0x0,
    0x0, 0x0, 0x0, 0x27, 0xdf, 0xff, 0xff, 0xff,
    0xff, 0xff, 0xff, 0xf4, 0x0, 0x0, 0x0, 0x1,
    0x7c, 0xff, 0xff, 0xff, 0xff, 0xff, 0xff, 0xff,
    0xff, 0xf4, 0x0, 0x0, 0x16, 0xcf, 0xff, 0xff,
    0xff, 0xff, 0xff, 0xff, 0xff, 0xff, 0xff, 0xf4,
    0x1, 0x6b, 0xff, 0xff, 0xff, 0xff, 0xff, 0xff,
    0xff, 0xff, 0xff, 0xff, 0xb7, 0x20, 0x7f, 0xff,
    0xff, 0xff, 0xff, 0xff, 0xff, 0xff, 0xff, 0xff,
    0xfa, 0x51, 0x0, 0x0, 0x9f, 0xff, 0xff, 0xff,
    0xff, 0xff, 0xff, 0xff, 0xfe, 0x94, 0x0, 0x0,
    0x0, 0x0, 0x9f, 0xff, 0xff, 0xff, 0xff, 0xff,
    0xff, 0xd8, 0x30, 0x0, 0x0, 0x0, 0x0, 0x0,
    0x9f, 0xff, 0xff, 0xff, 0xff, 0xfc, 0x72, 0x0,
    0x0, 0x0, 0x0, 0x0, 0x0, 0x0, 0x9f, 0xff,
    0xff, 0xff, 0xb5, 0x10, 0x0, 0x0, 0x0, 0x0,
    0x0, 0x0, 0x0, 0x0, 0x9f, 0xff, 0xff, 0xff,
    0x30, 0x0, 0x0, 0x0, 0x0, 0x0, 0x0, 0x0,
    0x0, 0x0, 0x9f, 0xff, 0xff, 0xff, 0xfa, 0x51,
    0x0, 0x0, 0x0, 0x0, 0x0, 0x0, 0x0, 0x0,
    0x9f, 0xff, 0xff, 0xff, 0xff, 0xff, 0xb6, 0x10,
    0x0, 0x0, 0x0, 0x0, 0x0, 0x0, 0x9f, 0xff,
    0xff, 0xff, 0xff, 0xff, 0xff, 0xfc, 0x73, 0x0,
    0x0, 0x0, 0x0, 0x0, 0x9f, 0xff, 0xff, 0xff,
    0xff, 0xff, 0xff, 0xff, 0xff, 0xe9, 0x40, 0x0,
    0x0, 0x0, 0x4c, 0xff, 0xff, 0xff, 0xff, 0xff,
    0xff, 0xff, 0xff, 0xff, 0xfe, 0xa5, 0x0, 0x0,
    0x0, 0x27, 0xcf, 0xff, 0xff, 0xff, 0xff, 0xff,
    0xff, 0xff, 0xff, 0xff, 0xfb, 0x60, 0x0, 0x0,
    0x2, 0x7d, 0xff, 0xff, 0xff, 0xff, 0xff, 0xff,
    0xff, 0xff, 0xff, 0xf4, 0x0, 0x0, 0x0, 0x0,
    0x28, 0xdf, 0xff, 0xff, 0xff, 0xff, 0xff, 0xff,
    0xff, 0xf4, 0x0, 0x0, 0x0, 0x0, 0x0, 0x3,
    0x8e, 0xff, 0xff, 0xff, 0xff, 0xff, 0xff, 0xf4,
    0x0, 0x0, 0x0, 0x0, 0x0, 0x0, 0x0, 0x39,
    0xef, 0xff, 0xff, 0xff, 0xff, 0xf4, 0x0, 0x0,
    0x0, 0x0, 0x0, 0x0, 0x0, 0x0, 0x4, 0x9e,
    0xff, 0xff, 0xff, 0xf4, 0x0, 0x0, 0x0, 0x0,
    0x0, 0x0, 0x0, 0x0, 0x0, 0x0, 0x49, 0xef,
    0xff, 0xf4, 0x0, 0x0, 0x0, 0x0, 0x0, 0x0,
    0x0, 0x0, 0x0, 0x0, 0x0, 0x4, 0xaf, 0xf4,
    0x0, 0x0, 0x0, 0x0, 0x0, 0x0, 0x0, 0x0,
    0x0, 0x0, 0x0, 0x0, 0x0, 0x52,

    /* U+003D "=" */
    0x36, 0x66, 0x66, 0x66, 0x66, 0x66, 0x66, 0x66,
    0x66, 0x66, 0x66, 0x66, 0x66, 0x61, 0x8f, 0xff,
    0xff, 0xff, 0xff, 0xff, 0xff, 0xff, 0xff, 0xff,
    0xff, 0xff, 0xff, 0xf3, 0x8f, 0xff, 0xff, 0xff,
    0xff, 0xff, 0xff, 0xff, 0xff, 0xff, 0xff, 0xff,
    0xff, 0xf3, 0x8f, 0xff, 0xff, 0xff, 0xff, 0xff,
    0xff, 0xff, 0xff, 0xff, 0xff, 0xff, 0xff, 0xf3,
    0x8f, 0xff, 0xff, 0xff, 0xff, 0xff, 0xff, 0xff,
    0xff, 0xff, 0xff, 0xff, 0xff, 0xf3, 0x8f, 0xff,
    0xff, 0xff, 0xff, 0xff, 0xff, 0xff, 0xff, 0xff,
    0xff, 0xff, 0xff, 0xf3, 0x8f, 0xff, 0xff, 0xff,
    0xff, 0xff, 0xff, 0xff, 0xff, 0xff, 0xff, 0xff,
    0xff, 0xf3, 0x8f, 0xff, 0xff, 0xff, 0xff, 0xff,
    0xff, 0xff, 0xff, 0xff, 0xff, 0xff, 0xff, 0xf3,
    0x0, 0x0, 0x0, 0x0, 0x0, 0x0, 0x0, 0x0,
    0x0, 0x0, 0x0, 0x0, 0x0, 0x0, 0x0, 0x0,
    0x0, 0x0, 0x0, 0x0, 0x0, 0x0, 0x0, 0x0,
    0x0, 0x0, 0x0, 0x0, 0x0, 0x0, 0x0, 0x0,
    0x0, 0x0, 0x0, 0x0, 0x0, 0x0, 0x0, 0x0,
    0x0, 0x0, 0x36, 0x66, 0x66, 0x66, 0x66, 0x66,
    0x66, 0x66, 0x66, 0x66, 0x66, 0x66, 0x66, 0x61,
    0x8f, 0xff, 0xff, 0xff, 0xff, 0xff, 0xff, 0xff,
    0xff, 0xff, 0xff, 0xff, 0xff, 0xf3, 0x8f, 0xff,
    0xff, 0xff, 0xff, 0xff, 0xff, 0xff, 0xff, 0xff,
    0xff, 0xff, 0xff, 0xf3, 0x8f, 0xff, 0xff, 0xff,
    0xff, 0xff, 0xff, 0xff, 0xff, 0xff, 0xff, 0xff,
    0xff, 0xf3, 0x8f, 0xff, 0xff, 0xff, 0xff, 0xff,
    0xff, 0xff, 0xff, 0xff, 0xff, 0xff, 0xff, 0xf3,
    0x8f, 0xff, 0xff, 0xff, 0xff, 0xff, 0xff, 0xff,
    0xff, 0xff, 0xff, 0xff, 0xff, 0xf3, 0x8f, 0xff,
    0xff, 0xff, 0xff, 0xff, 0xff, 0xff, 0xff, 0xff,
    0xff, 0xff, 0xff, 0xf3, 0x8f, 0xff, 0xff, 0xff,
    0xff, 0xff, 0xff, 0xff, 0xff, 0xff, 0xff, 0xff,
    0xff, 0xf3,

    /* U+003E ">" */
    0x78, 0x20, 0x0, 0x0, 0x0, 0x0, 0x0, 0x0,
    0x0, 0x0, 0x0, 0x0, 0x0, 0x0, 0x9f, 0xfd,
    0x72, 0x0, 0x0, 0x0, 0x0, 0x0, 0x0, 0x0,
    0x0, 0x0, 0x0, 0x0, 0x9f, 0xff, 0xff, 0xc7,
    0x10, 0x0, 0x0, 0x0, 0x0, 0x0, 0x0, 0x0,
    0x0, 0x0, 0x9f, 0xff, 0xff, 0xff, 0xfc, 0x61,
    0x0, 0x0, 0x0, 0x0, 0x0, 0x0, 0x0, 0x0,
    0x9f, 0xff, 0xff, 0xff, 0xff, 0xff, 0xb6, 0x10,
    0x0, 0x0, 0x0, 0x0, 0x0, 0x0, 0x9f, 0xff,
    0xff, 0xff, 0xff, 0xff, 0xff, 0xfb, 0x50, 0x0,
    0x0, 0x0, 0x0, 0x0, 0x9f, 0xff, 0xff, 0xff,
    0xff, 0xff, 0xff, 0xff, 0xff, 0xb5, 0x0, 0x0,
    0x0, 0x0, 0x9f, 0xff, 0xff, 0xff, 0xff, 0xff,
    0xff, 0xff, 0xff, 0xff, 0xfa, 0x50, 0x0, 0x0,
    0x3, 0x8d, 0xff, 0xff, 0xff, 0xff, 0xff, 0xff,
    0xff, 0xff, 0xff, 0xff, 0xa4, 0x0, 0x0, 0x0,
    0x27, 0xcf, 0xff, 0xff, 0xff, 0xff, 0xff, 0xff,
    0xff, 0xff, 0xff, 0xe3, 0x0, 0x0, 0x0, 0x1,
    0x6b, 0xff, 0xff, 0xff, 0xff, 0xff, 0xff, 0xff,
    0xff, 0xf4, 0x0, 0x0, 0x0, 0x0, 0x0, 0x4,
    0x9e, 0xff, 0xff, 0xff, 0xff, 0xff, 0xff, 0xf4,
    0x0, 0x0, 0x0, 0x0, 0x0, 0x0, 0x0, 0x38,
    0xdf, 0xff, 0xff, 0xff, 0xff, 0xf4, 0x0, 0x0,
    0x0, 0x0, 0x0, 0x0, 0x0, 0x0, 0x2, 0x7d,
    0xff, 0xff, 0xff, 0xf4, 0x0, 0x0, 0x0, 0x0,
    0x0, 0x0, 0x0, 0x0, 0x0, 0x8, 0xff, 0xff,
    0xff, 0xf4, 0x0, 0x0, 0x0, 0x0, 0x0, 0x0,
    0x0, 0x0, 0x27, 0xcf, 0xff, 0xff, 0xff, 0xf4,
    0x0, 0x0, 0x0, 0x0, 0x0, 0x0, 0x3, 0x8d,
    0xff, 0xff, 0xff, 0xff, 0xff, 0xf4, 0x0, 0x0,
    0x0, 0x0, 0x0, 0x49, 0xef, 0xff, 0xff, 0xff,
    0xff, 0xff, 0xff, 0xf4, 0x0, 0x0, 0x0, 0x15,
    0xaf, 0xff, 0xff, 0xff, 0xff, 0xff, 0xff, 0xff,
    0xff, 0xf4, 0x0, 0x2, 0x6b, 0xff, 0xff, 0xff,
    0xff, 0xff, 0xff, 0xff, 0xff, 0xff, 0xff, 0xa2,
    0x28, 0xdf, 0xff, 0xff, 0xff, 0xff, 0xff, 0xff,
    0xff, 0xff, 0xff, 0xfb, 0x50, 0x0, 0x9f, 0xff,
    0xff, 0xff, 0xff, 0xff, 0xff, 0xff, 0xff, 0xff,
    0xb6, 0x10, 0x0, 0x0, 0x9f, 0xff, 0xff, 0xff,
    0xff, 0xff, 0xff, 0xff, 0xfc, 0x61, 0x0, 0x0,
    0x0, 0x0, 0x9f, 0xff, 0xff, 0xff, 0xff, 0xff,
    0xff, 0xc6, 0x10, 0x0, 0x0, 0x0, 0x0, 0x0,
    0x9f, 0xff, 0xff, 0xff, 0xff, 0xfc, 0x71, 0x0,
    0x0, 0x0, 0x0, 0x0, 0x0, 0x0, 0x9f, 0xff,
    0xff, 0xff, 0xd7, 0x20, 0x0, 0x0, 0x0, 0x0,
    0x0, 0x0, 0x0, 0x0, 0x9f, 0xff, 0xfd, 0x82,
    0x0, 0x0, 0x0, 0x0, 0x0, 0x0, 0x0, 0x0,
    0x0, 0x0, 0x9f, 0xe8, 0x30, 0x0, 0x0, 0x0,
    0x0, 0x0, 0x0, 0x0, 0x0, 0x0, 0x0, 0x0,
    0x43, 0x0, 0x0, 0x0, 0x0, 0x0, 0x0, 0x0,
    0x0, 0x0, 0x0, 0x0, 0x0, 0x0,

    /* U+003F "?" */
    0x0, 0x0, 0x0, 0x0, 0x0, 0x16, 0x9c, 0xef,
    0xff, 0xec, 0xa6, 0x20, 0x0, 0x0, 0x0, 0x0,
    0x0, 0x0, 0x0, 0x0, 0x6, 0xcf, 0xff, 0xff,
    0xff, 0xff, 0xff, 0xff, 0xc5, 0x0, 0x0, 0x0,
    0x0, 0x0, 0x0, 0x0, 0x5d, 0xff, 0xff, 0xff,
    0xff, 0xff, 0xff, 0xff, 0xff, 0xfd, 0x40, 0x0,
    0x0, 0x0, 0x0, 0x0, 0x9f, 0xff, 0xff, 0xff,
    0xff, 0xff, 0xff, 0xff, 0xff, 0xff, 0xff, 0x80,
    0x0, 0x0, 0x0, 0x0, 0xbf, 0xff, 0xff, 0xff,
    0xff, 0xff, 0xff, 0xff, 0xff, 0xff, 0xff, 0xff,
    0xa0, 0x0, 0x0, 0x0, 0xbf, 0xff, 0xff, 0xff,
    0xff, 0xff, 0xff, 0xff, 0xff, 0xff, 0xff, 0xff,
    0xff, 0x90, 0x0, 0x0, 0x8f, 0xff, 0xff, 0xff,
    0xff, 0xff, 0xff, 0xff, 0xff, 0xff, 0xff, 0xff,
    0xff, 0xff, 0x50, 0x0, 0x2f, 0xff, 0xff, 0xff,
    0xff, 0xff, 0xb7, 0x54, 0x56, 0xaf, 0xff, 0xff,
    0xff, 0xff, 0xfe, 0x0, 0xa, 0xff, 0xff, 0xff,
    0xff, 0xf9, 0x10, 0x0, 0x0, 0x0, 0x19, 0xff,
    0xff, 0xff, 0xff, 0xf6, 0x0, 0xff, 0xff, 0xff,
    0xff, 0xf5, 0x0, 0x0, 0x0, 0x0, 0x0, 0x6,
    0xff, 0xff, 0xff, 0xff, 0xc0, 0x5f, 0xff, 0xff,
    0xff, 0xf7, 0x0, 0x0, 0x0, 0x0, 0x0, 0x0,
    0xb, 0xff, 0xff, 0xff, 0xff, 0x8, 0xff, 0xff,
    0xff, 0xff, 0x0, 0x0, 0x0, 0x0, 0x0, 0x0,
    0x0, 0x4f, 0xff, 0xff, 0xff, 0xf2, 0xbf, 0xff,
    0xff, 0xff, 0xa0, 0x0, 0x0, 0x0, 0x0, 0x0,
    0x0, 0x1, 0xff, 0xff, 0xff, 0xff, 0x4c, 0xff,
    0xff, 0xff, 0xf8, 0x0, 0x0, 0x0, 0x0, 0x0,
    0x0, 0x0, 0xf, 0xff, 0xff, 0xff, 0xf4, 0xdf,
    0xff, 0xff, 0xff, 0x80, 0x0, 0x0, 0x0, 0x0,
    0x0, 0x0, 0x2, 0xff, 0xff, 0xff, 0xff, 0x38,
    0xaa, 0xaa, 0xaa, 0xa5, 0x0, 0x0, 0x0, 0x0,
    0x0, 0x0, 0x0, 0x6f, 0xff, 0xff, 0xff, 0xf2,
    0x0, 0x0, 0x0, 0x0, 0x0, 0x0, 0x0, 0x0,
    0x0, 0x0, 0x0, 0xe, 0xff, 0xff, 0xff, 0xff,
    0x0, 0x0, 0x0, 0x0, 0x0, 0x0, 0x0, 0x0,
    0x0, 0x0, 0x0, 0xb, 0xff, 0xff, 0xff, 0xff,
    0xb0, 0x0, 0x0, 0x0, 0x0, 0x0, 0x0, 0x0,
    0x0, 0x0, 0x0, 0x2d, 0xff, 0xff, 0xff, 0xff,
    0xf5, 0x0, 0x0, 0x0, 0x0, 0x0, 0x0, 0x0,
    0x0, 0x0, 0x1, 0x8f, 0xff, 0xff, 0xff, 0xff,
    0xfd, 0x0, 0x0, 0x0, 0x0, 0x0, 0x0, 0x0,
    0x0, 0x0, 0x18, 0xff, 0xff, 0xff, 0xff, 0xff,
    0xff, 0x30, 0x0, 0x0, 0x0, 0x0, 0x0, 0x0,
    0x0, 0x0, 0x7f, 0xff, 0xff, 0xff, 0xff, 0xff,
    0xff, 0x70, 0x0, 0x0, 0x0, 0x0, 0x0, 0x0,
    0x0, 0x0, 0xbf, 0xff, 0xff, 0xff, 0xff, 0xff,
    0xff, 0x70, 0x0, 0x0, 0x0, 0x0, 0x0, 0x0,
    0x0, 0x0, 0xbf, 0xff, 0xff, 0xff, 0xff, 0xff,
    0xff, 0x50, 0x0, 0x0, 0x0, 0x0, 0x0, 0x0,
    0x0, 0x0, 0x6f, 0xff, 0xff, 0xff, 0xff, 0xff,
    0xfb, 0x10, 0x0, 0x0, 0x0, 0x0, 0x0, 0x0,
    0x0, 0x0, 0xe, 0xff, 0xff, 0xff, 0xff, 0xff,
    0xd4, 0x0, 0x0, 0x0, 0x0, 0x0, 0x0, 0x0,
    0x0, 0x0, 0x3, 0xff, 0xff, 0xff, 0xff, 0xfd,
    0x50, 0x0, 0x0, 0x0, 0x0, 0x0, 0x0, 0x0,
    0x0, 0x0, 0x0, 0x7f, 0xff, 0xff, 0xff, 0xfa,
    0x0, 0x0, 0x0, 0x0, 0x0, 0x0, 0x0, 0x0,
    0x0, 0x0, 0x0, 0x9, 0xff, 0xff, 0xff, 0xff,
    0x10, 0x0, 0x0, 0x0, 0x0, 0x0, 0x0, 0x0,
    0x0, 0x0, 0x0, 0x0, 0x9f, 0xff, 0xff, 0xff,
    0xe0, 0x0, 0x0, 0x0, 0x0, 0x0, 0x0, 0x0,
    0x0, 0x0, 0x0, 0x0, 0xa, 0xff, 0xff, 0xff,
    0xfd, 0x0, 0x0, 0x0, 0x0, 0x0, 0x0, 0x0,
    0x0, 0x0, 0x0, 0x0, 0x0, 0x23, 0x33, 0x33,
    0x33, 0x30, 0x0, 0x0, 0x0, 0x0, 0x0, 0x0,
    0x0, 0x0, 0x0, 0x0, 0x0, 0x0, 0x0, 0x0,
    0x0, 0x0, 0x0, 0x0, 0x0, 0x0, 0x0, 0x0,
    0x0, 0x0, 0x0, 0x0, 0x0, 0x0, 0x0, 0x0,
    0x0, 0x0, 0x0, 0x0, 0x0, 0x0, 0x0, 0x0,
    0x0, 0x0, 0x0, 0x0, 0x0, 0x0, 0x0, 0x0,
    0x24, 0x31, 0x0, 0x0, 0x0, 0x0, 0x0, 0x0,
    0x0, 0x0, 0x0, 0x0, 0x0, 0x0, 0x0, 0x5,
    0xdf, 0xff, 0xfb, 0x20, 0x0, 0x0, 0x0, 0x0,
    0x0, 0x0, 0x0, 0x0, 0x0, 0x0, 0x0, 0x7,
    0xff, 0xff, 0xff, 0xff, 0x40, 0x0, 0x0, 0x0,
    0x0, 0x0, 0x0, 0x0, 0x0, 0x0, 0x0, 0x4,
    0xff, 0xff, 0xff, 0xff, 0xfe, 0x10, 0x0, 0x0,
    0x0, 0x0, 0x0, 0x0, 0x0, 0x0, 0x0, 0x0,
    0xcf, 0xff, 0xff, 0xff, 0xff, 0xf8, 0x0, 0x0,
    0x0, 0x0, 0x0, 0x0, 0x0, 0x0, 0x0, 0x0,
    0x1f, 0xff, 0xff, 0xff, 0xff, 0xff, 0xc0, 0x0,
    0x0, 0x0, 0x0, 0x0, 0x0, 0x0, 0x0, 0x0,
    0x3, 0xff, 0xff, 0xff, 0xff, 0xff, 0xfe, 0x0,
    0x0, 0x0, 0x0, 0x0, 0x0, 0x0, 0x0, 0x0,
    0x0, 0x2f, 0xff, 0xff, 0xff, 0xff, 0xff, 0xe0,
    0x0, 0x0, 0x0, 0x0, 0x0, 0x0, 0x0, 0x0,
    0x0, 0x0, 0xff, 0xff, 0xff, 0xff, 0xff, 0xfb,
    0x0, 0x0, 0x0, 0x0, 0x0, 0x0, 0x0, 0x0,
    0x0, 0x0, 0xa, 0xff, 0xff, 0xff, 0xff, 0xff,
    0x60, 0x0, 0x0, 0x0, 0x0, 0x0, 0x0, 0x0,
    0x0, 0x0, 0x0, 0x2f, 0xff, 0xff, 0xff, 0xff,
    0xc0, 0x0, 0x0, 0x0, 0x0, 0x0, 0x0, 0x0,
    0x0, 0x0, 0x0, 0x0, 0x4e, 0xff, 0xff, 0xff,
    0xd1, 0x0, 0x0, 0x0, 0x0, 0x0, 0x0, 0x0,
    0x0, 0x0, 0x0, 0x0, 0x0, 0x18, 0xdf, 0xfc,
    0x70, 0x0, 0x0, 0x0, 0x0, 0x0, 0x0, 0x0,

    /* U+0040 "@" */
    0x0, 0x0, 0x0, 0x0, 0x0, 0x0, 0x0, 0x0,
    0x0, 0x0, 0x14, 0x79, 0xcd, 0xee, 0xff, 0xfe,
    0xdd, 0xb8, 0x52, 0x0, 0x0, 0x0, 0x0, 0x0,
    0x0, 0x0, 0x0, 0x0, 0x0, 0x0, 0x0, 0x0,
    0x0, 0x0, 0x0, 0x0, 0x0, 0x38, 0xcf, 0xff,
    0xff, 0xff, 0xff, 0xff, 0xff, 0xff, 0xff, 0xfe,
    0x94, 0x0, 0x0, 0x0, 0x0, 0x0, 0x0, 0x0,
    0x0, 0x0, 0x0, 0x0, 0x0, 0x0, 0x0, 0x0,
    0x6, 0xdf, 0xff, 0xff, 0xff, 0xff, 0xff, 0xff,
    0xff, 0xff, 0xff, 0xff, 0xff, 0xfe, 0x60, 0x0,
    0x0, 0x0, 0x0, 0x0, 0x0, 0x0, 0x0, 0x0,
    0x0, 0x0, 0x0, 0x0, 0x7e, 0xff, 0xff, 0xff,
    0xff, 0xff, 0xff, 0xff, 0xff, 0xff, 0xff, 0xff,
    0xff, 0xff, 0xff, 0xe7, 0x0, 0x0, 0x0, 0x0,
    0x0, 0x0, 0x0, 0x0, 0x0, 0x0, 0x0, 0x3,
    0xdf, 0xff, 0xff, 0xff, 0xff, 0xff, 0xff, 0xff,
    0xff, 0xff, 0xff, 0xff, 0xff, 0xff, 0xff, 0xff,
    0xfc, 0x20, 0x0, 0x0, 0x0, 0x0, 0x0, 0x0,
    0x0, 0x0, 0x0, 0x8, 0xff, 0xff, 0xff, 0xff,
    0xff, 0xff, 0xff, 0xff, 0xff, 0xff, 0xff, 0xff,
    0xff, 0xff, 0xff, 0xff, 0xff, 0xff, 0x60, 0x0,
    0x0, 0x0, 0x0, 0x0, 0x0, 0x0, 0x0, 0xa,
    0xff, 0xff, 0xff, 0xff, 0xff, 0xff, 0xff, 0xff,
    0xff, 0xff, 0xff, 0xff, 0xff, 0xff, 0xff, 0xff,
    0xff, 0xff, 0xff, 0x80, 0x0, 0x0, 0x0, 0x0,
    0x0, 0x0, 0x0, 0x1c, 0xff, 0xff, 0xff, 0xff,
    0xff, 0xff, 0xff, 0xec, 0x98, 0x76, 0x66, 0x78,
    0x9c, 0xef, 0xff, 0xff, 0xff, 0xff, 0xff, 0xff,
    0x90, 0x0, 0x0, 0x0, 0x0, 0x0, 0x0, 0xc,
    0xff, 0xff, 0xff, 0xff, 0xff, 0xff, 0xb6, 0x20,
    0x0, 0x0, 0x0, 0x0, 0x0, 0x0, 0x27, 0xcf,
    0xff, 0xff, 0xff, 0xff, 0xff, 0x80, 0x0, 0x0,
    0x0, 0x0, 0x0, 0xa, 0xff, 0xff, 0xff, 0xff,
    0xff, 0xf9, 0x20, 0x0, 0x0, 0x0, 0x0, 0x0,
    0x0, 0x0, 0x0, 0x0, 0x4b, 0xff, 0xff, 0xff,
    0xff, 0xff, 0x50, 0x0, 0x0, 0x0, 0x0, 0x7,
    0xff, 0xff, 0xff, 0xff, 0xff, 0xb1, 0x0, 0x0,
    0x0, 0x0, 0x0, 0x0, 0x0, 0x0, 0x0, 0x0,
    0x0, 0x5, 0xef, 0xff, 0xff, 0xff, 0xff, 0x20,
    0x0, 0x0, 0x0, 0x2, 0xff, 0xff, 0xff, 0xff,
    0xff, 0x60, 0x0, 0x0, 0x0, 0x0, 0x0, 0x0,
    0x0, 0x0, 0x0, 0x0, 0x0, 0x0, 0x1, 0xdf,
    0xff, 0xff, 0xff, 0xfb, 0x0, 0x0, 0x0, 0x0,
    0xcf, 0xff, 0xff, 0xff, 0xfe, 0x40, 0x0, 0x0,
    0x0, 0x0, 0x0, 0x0, 0x0, 0x0, 0x0, 0x0,
    0x0, 0x0, 0x0, 0x1, 0xcf, 0xff, 0xff, 0xff,
    0xf6, 0x0, 0x0, 0x0, 0x5f, 0xff, 0xff, 0xff,
    0xff, 0x30, 0x0, 0x0, 0x0, 0x5, 0xad, 0xef,
    0xec, 0x93, 0x0, 0x0, 0x59, 0x99, 0x99, 0x99,
    0x21, 0xef, 0xff, 0xff, 0xff, 0xe0, 0x0, 0x0,
    0xd, 0xff, 0xff, 0xff, 0xff, 0x50, 0x0, 0x0,
    0x0, 0x5e, 0xff, 0xff, 0xff, 0xff, 0xfb, 0x10,
    0x9, 0xff, 0xff, 0xff, 0xf3, 0x4, 0xff, 0xff,
    0xff, 0xff, 0x50, 0x0, 0x4, 0xff, 0xff, 0xff,
    0xff, 0xa0, 0x0, 0x0, 0x0, 0xaf, 0xff, 0xff,
    0xff, 0xff, 0xff, 0xfe, 0x10, 0x9f, 0xff, 0xff,
    0xff, 0x30, 0xb, 0xff, 0xff, 0xff, 0xfd, 0x0,
    0x0, 0xbf, 0xff, 0xff, 0xff, 0xf1, 0x0, 0x0,
    0x0, 0xbf, 0xff, 0xff, 0xff, 0xff, 0xff, 0xff,
    0xfc, 0x9, 0xff, 0xff, 0xff, 0xf3, 0x0, 0x2f,
    0xff, 0xff, 0xff, 0xf3, 0x0, 0x1f, 0xff, 0xff,
    0xff, 0xf8, 0x0, 0x0, 0x0, 0xaf, 0xff, 0xff,
    0xff, 0xff, 0xff, 0xff, 0xff, 0xfc, 0xef, 0xff,
    0xff, 0xff, 0x30, 0x0, 0xbf, 0xff, 0xff, 0xff,
    0x80, 0x5, 0xff, 0xff, 0xff, 0xff, 0x10, 0x0,
    0x0, 0x5f, 0xff, 0xff, 0xff, 0xff, 0xff, 0xff,
    0xff, 0xff, 0xff, 0xff, 0xff, 0xff, 0xf3, 0x0,
    0x5, 0xff, 0xff, 0xff, 0xfd, 0x0, 0xaf, 0xff,
    0xff, 0xff, 0xa0, 0x0, 0x0, 0xe, 0xff, 0xff,
    0xff, 0xff, 0xff, 0xff, 0xff, 0xff, 0xff, 0xff,
    0xff, 0xff, 0xff, 0x30, 0x0, 0xf, 0xff, 0xff,
    0xff, 0xf1, 0xe, 0xff, 0xff, 0xff, 0xf5, 0x0,
    0x0, 0x6, 0xff, 0xff, 0xff, 0xff, 0xfc, 0x51,
    0x1, 0x4b, 0xff, 0xff, 0xff, 0xff, 0xff, 0xf3,
    0x0, 0x0, 0xcf, 0xff, 0xff, 0xff, 0x41, 0xff,
    0xff, 0xff, 0xff, 0x10, 0x0, 0x0, 0xcf, 0xff,
    0xff, 0xff, 0xf8, 0x0, 0x0, 0x0, 0x6, 0xff,
    0xff, 0xff, 0xff, 0xff, 0x30, 0x0, 0x8, 0xff,
    0xff, 0xff, 0xf7, 0x4f, 0xff, 0xff, 0xff, 0xc0,
    0x0, 0x0, 0x2f, 0xff, 0xff, 0xff, 0xfa, 0x0,
    0x0, 0x0, 0x0, 0x7, 0xff, 0xff, 0xff, 0xff,
    0xf3, 0x0, 0x0, 0x6f, 0xff, 0xff, 0xff, 0x96,
    0xff, 0xff, 0xff, 0xfa, 0x0, 0x0, 0x6, 0xff,
    0xff, 0xff, 0xff, 0x10, 0x0, 0x0, 0x0, 0x0,
    0xc, 0xff, 0xff, 0xff, 0xff, 0x30, 0x0, 0x3,
    0xff, 0xff, 0xff, 0xfb, 0x9f, 0xff, 0xff, 0xff,
    0x70, 0x0, 0x0, 0xaf, 0xff, 0xff, 0xff, 0x90,
    0x0, 0x0, 0x0, 0x0, 0x0, 0x5f, 0xff, 0xff,
    0xff, 0xf3, 0x0, 0x0, 0x2f, 0xff, 0xff, 0xff,
    0xc9, 0xff, 0xff, 0xff, 0xf5, 0x0, 0x0, 0xc,
    0xff, 0xff, 0xff, 0xf4, 0x0, 0x0, 0x0, 0x0,
    0x0, 0x0, 0xff, 0xff, 0xff, 0xff, 0x30, 0x0,
    0x1, 0xff, 0xff, 0xff, 0xfd, 0xaf, 0xff, 0xff,
    0xff, 0x40, 0x0, 0x0, 0xff, 0xff, 0xff, 0xff,
    0x10, 0x0, 0x0, 0x0, 0x0, 0x0, 0xd, 0xff,
    0xff, 0xff, 0xf3, 0x0, 0x0, 0xf, 0xff, 0xff,
    0xff, 0xeb, 0xff, 0xff, 0xff, 0xf3, 0x0, 0x0,
    0xf, 0xff, 0xff, 0xff, 0xf0, 0x0, 0x0, 0x0,
    0x0, 0x0, 0x0, 0xaf, 0xff, 0xff, 0xff, 0x30,
    0x0, 0x0, 0xff, 0xff, 0xff, 0xfe, 0xcf, 0xff,
    0xff, 0xff, 0x20, 0x0, 0x0, 0xff, 0xff, 0xff,
    0xfe, 0x0, 0x0, 0x0, 0x0, 0x0, 0x0, 0x9,
    0xff, 0xff, 0xff, 0xf3, 0x0, 0x0, 0xf, 0xff,
    0xff, 0xff, 0xec, 0xff, 0xff, 0xff, 0xf2, 0x0,
    0x0, 0x1f, 0xff, 0xff, 0xff, 0xd0, 0x0, 0x0,
    0x0, 0x0, 0x0, 0x0, 0x9f, 0xff, 0xff, 0xff,
    0x30, 0x0, 0x0, 0xff, 0xff, 0xff, 0xfe, 0xcf,
    0xff, 0xff, 0xff, 0x20, 0x0, 0x0, 0xff, 0xff,
    0xff, 0xfe, 0x0, 0x0, 0x0, 0x0, 0x0, 0x0,
    0x9, 0xff, 0xff, 0xff, 0xf3, 0x0, 0x0, 0xf,
    0xff, 0xff, 0xff, 0xeb, 0xff, 0xff, 0xff, 0xf3,
    0x0, 0x0, 0xf, 0xff, 0xff, 0xff, 0xf0, 0x0,
    0x0, 0x0, 0x0, 0x0, 0x0, 0xaf, 0xff, 0xff,
    0xff, 0x30, 0x0, 0x0, 0xff, 0xff, 0xff, 0xfe,
    0xaf, 0xff, 0xff, 0xff, 0x40, 0x0, 0x0, 0xef,
    0xff, 0xff, 0xff, 0x10, 0x0, 0x0, 0x0, 0x0,
    0x0, 0xd, 0xff, 0xff, 0xff, 0xf3, 0x0, 0x0,
    0xf, 0xff, 0xff, 0xff, 0xe9, 0xff, 0xff, 0xff,
    0xf5, 0x0, 0x0, 0xc, 0xff, 0xff, 0xff, 0xf4,
    0x0, 0x0, 0x0, 0x0, 0x0, 0x0, 0xff, 0xff,
    0xff, 0xff, 0x30, 0x0, 0x1, 0xff, 0xff, 0xff,
    0xfd, 0x8f, 0xff, 0xff, 0xff, 0x70, 0x0, 0x0,
    0x9f, 0xff, 0xff, 0xff, 0x90, 0x0, 0x0, 0x0,
    0x0, 0x0, 0x5f, 0xff, 0xff, 0xff, 0xf3, 0x0,
    0x0, 0x3f, 0xff, 0xff, 0xff, 0xc6, 0xff, 0xff,
    0xff, 0xfa, 0x0, 0x0, 0x6, 0xff, 0xff, 0xff,
    0xff, 0x10, 0x0, 0x0, 0x0, 0x0, 0xc, 0xff,
    0xff, 0xff, 0xff, 0x30, 0x0, 0x6, 0xff, 0xff,
    0xff, 0xfa, 0x3f, 0xff, 0xff, 0xff, 0xd0, 0x0,
    0x0, 0x1f, 0xff, 0xff, 0xff, 0xf9, 0x0, 0x0,
    0x0, 0x0, 0x6, 0xff, 0xff, 0xff, 0xff, 0xf3,
    0x0, 0x0, 0xaf, 0xff, 0xff, 0xff, 0x71, 0xff,
    0xff, 0xff, 0xff, 0x10, 0x0, 0x0, 0xbf, 0xff,
    0xff, 0xff, 0xf8, 0x0, 0x0, 0x0, 0x5, 0xff,
    0xff, 0xff, 0xff, 0xff, 0x60, 0x0, 0x3f, 0xff,
    0xff, 0xff, 0xf4, 0xe, 0xff, 0xff, 0xff, 0xf6,
    0x0, 0x0, 0x4, 0xff, 0xff, 0xff, 0xff, 0xfc,
    0x51, 0x1, 0x4a, 0xff, 0xff, 0xff, 0xff, 0xff,
    0xfe, 0x64, 0x7e, 0xff, 0xff, 0xff, 0xfe, 0x0,
    0x9f, 0xff, 0xff, 0xff, 0xb0, 0x0, 0x0, 0xc,
    0xff, 0xff, 0xff, 0xff, 0xff, 0xff, 0xff, 0xff,
    0xff, 0xff, 0xff, 0xff, 0xff, 0xff, 0xff, 0xff,
    0xff, 0xff, 0xff, 0x90, 0x4, 0xff, 0xff, 0xff,
    0xff, 0x20, 0x0, 0x0, 0x2f, 0xff, 0xff, 0xff,
    0xff, 0xff, 0xff, 0xff, 0xff, 0xff, 0xff, 0xff,
    0xff, 0xff, 0xff, 0xff, 0xff, 0xff, 0xff, 0xf2,
    0x0, 0xf, 0xff, 0xff, 0xff, 0xf9, 0x0, 0x0,
    0x0, 0x6f, 0xff, 0xff, 0xff, 0xff, 0xff, 0xff,
    0xff, 0xfa, 0x1f, 0xff, 0xff, 0xff, 0xff, 0xff,
    0xff, 0xff, 0xff, 0xf9, 0x0, 0x0, 0xaf, 0xff,
    0xff, 0xff, 0xf3, 0x0, 0x0, 0x0, 0x8f, 0xff,
    0xff, 0xff, 0xff, 0xff, 0xff, 0xff, 0x20, 0xdf,
    0xff, 0xff, 0xff, 0xff, 0xff, 0xff, 0xff, 0xfd,
    0x10, 0x0, 0x3, 0xff, 0xff, 0xff, 0xff, 0xc0,
    0x0, 0x0, 0x0, 0x7f, 0xff, 0xff, 0xff, 0xff,
    0xff, 0xff, 0x50, 0x6, 0xff, 0xff, 0xff, 0xff,
    0xff, 0xff, 0xff, 0xfd, 0x10, 0x0, 0x0, 0xb,
    0xff, 0xff, 0xff, 0xff, 0x80, 0x0, 0x0, 0x0,
    0x3c, 0xff, 0xff, 0xff, 0xff, 0xfe, 0x40, 0x0,
    0x9, 0xff, 0xff, 0xff, 0xff, 0xff, 0xff, 0xf9,
    0x0, 0x0, 0x0, 0x0, 0x4f, 0xff, 0xff, 0xff,
    0xff, 0x60, 0x0, 0x0, 0x0, 0x3, 0x8c, 0xef,
    0xfe, 0xb6, 0x0, 0x0, 0x0, 0x4, 0xad, 0xff,
    0xff, 0xff, 0xdb, 0x72, 0x0, 0x0, 0x0, 0x0,
    0x0, 0xaf, 0xff, 0xff, 0xff, 0xff, 0x70, 0x0,
    0x0, 0x0, 0x0, 0x0, 0x0, 0x0, 0x0, 0x0,
    0x0, 0x0, 0x0, 0x0, 0x0, 0x0, 0x0, 0x0,
    0x0, 0x0, 0x0, 0x0, 0x0, 0x1, 0xef, 0xff,
    0xff, 0xff, 0xff, 0x90, 0x0, 0x0, 0x0, 0x0,
    0x0, 0x0, 0x0, 0x0, 0x0, 0x0, 0x0, 0x0,
    0x0, 0x0, 0x0, 0x0, 0x0, 0x0, 0x0, 0x0,
    0x0, 0x0, 0x5, 0xff, 0xff, 0xff, 0xff, 0xff,
    0xd4, 0x0, 0x0, 0x0, 0x0, 0x0, 0x0, 0x0,
    0x0, 0x0, 0x0, 0x0, 0x0, 0x0, 0x0, 0x0,
    0x0, 0x0, 0x0, 0x0, 0x0, 0x0, 0x0, 0x7,
    0xff, 0xff, 0xff, 0xff, 0xff, 0xfc, 0x50, 0x0,
    0x0, 0x0, 0x0, 0x0, 0x0, 0x0, 0x0, 0x0,
    0x0, 0x0, 0x0, 0x0, 0x0, 0x0, 0x0, 0x0,
    0x0, 0x0, 0x0, 0x0, 0x9, 0xff, 0xff, 0xff,
    0xff, 0xff, 0xff, 0xe9, 0x40, 0x0, 0x0, 0x0,
    0x0, 0x0, 0x0, 0x0, 0x0, 0x0, 0x0, 0x0,
    0x0, 0x0, 0x0, 0x0, 0x0, 0x0, 0x0, 0x0,
    0x0, 0xa, 0xff, 0xff, 0xff, 0xff, 0xff, 0xff,
    0xff, 0xfd, 0xb9, 0x77, 0x66, 0x66, 0x66, 0x66,
    0x66, 0x66, 0x66, 0x20, 0x0, 0x0, 0x0, 0x0,
    0x0, 0x0, 0x0, 0x0, 0x0, 0x0, 0x7, 0xff,
    0xff, 0xff, 0xff, 0xff, 0xff, 0xff, 0xff, 0xff,
    0xff, 0xff, 0xff, 0xff, 0xff, 0xff, 0xff, 0xf5,
    0x0, 0x0, 0x0, 0x0, 0x0, 0x0, 0x0, 0x0,
    0x0, 0x0, 0x0, 0x5, 0xef, 0xff, 0xff, 0xff,
    0xff, 0xff, 0xff, 0xff, 0xff, 0xff, 0xff, 0xff,
    0xff, 0xff, 0xff, 0xff, 0x50, 0x0, 0x0, 0x0,
    0x0, 0x0, 0x0, 0x0, 0x0, 0x0, 0x0, 0x0,
    0x1, 0xaf, 0xff, 0xff, 0xff, 0xff, 0xff, 0xff,
    0xff, 0xff, 0xff, 0xff, 0xff, 0xff, 0xff, 0xff,
    0xf5, 0x0, 0x0, 0x0, 0x0, 0x0, 0x0, 0x0,
    0x0, 0x0, 0x0, 0x0, 0x0, 0x0, 0x4c, 0xff,
    0xff, 0xff, 0xff, 0xff, 0xff, 0xff, 0xff, 0xff,
    0xff, 0xff, 0xff, 0xff, 0xff, 0x50, 0x0, 0x0,
    0x0, 0x0, 0x0, 0x0, 0x0, 0x0, 0x0, 0x0,
    0x0, 0x0, 0x0, 0x3, 0xaf, 0xff, 0xff, 0xff,
    0xff, 0xff, 0xff, 0xff, 0xff, 0xff, 0xff, 0xff,
    0xff, 0xf5, 0x0, 0x0, 0x0, 0x0, 0x0, 0x0,
    0x0, 0x0, 0x0, 0x0, 0x0, 0x0, 0x0, 0x0,
    0x0, 0x16, 0xaf, 0xff, 0xff, 0xff, 0xff, 0xff,
    0xff, 0xff, 0xff, 0xff, 0xff, 0xff, 0x50, 0x0,
    0x0, 0x0, 0x0, 0x0, 0x0, 0x0, 0x0, 0x0,
    0x0, 0x0, 0x0, 0x0, 0x0, 0x0, 0x0, 0x3,
    0x58, 0xac, 0xde, 0xff, 0xff, 0xff, 0xff, 0xff,
    0xff, 0xff, 0xf5, 0x0, 0x0, 0x0, 0x0, 0x0,
    0x0, 0x0,

    /* U+0041 "A" */
    0x0, 0x0, 0x0, 0x0, 0x0, 0x0, 0x66, 0x66,
    0x66, 0x66, 0x66, 0x66, 0x66, 0x40, 0x0, 0x0,
    0x0, 0x0, 0x0, 0x0, 0x0, 0x0, 0x0, 0x0,
    0x0, 0x4f, 0xff, 0xff, 0xff, 0xff, 0xff, 0xff,
    0xfd, 0x0, 0x0, 0x0, 0x0, 0x0, 0x0, 0x0,
    0x0, 0x0, 0x0, 0x0, 0x9, 0xff, 0xff, 0xff,
    0xff, 0xff, 0xff, 0xff, 0xf2, 0x0, 0x0, 0x0,
    0x0, 0x0, 0x0, 0x0, 0x0, 0x0, 0x0, 0x0,
    0xdf, 0xff, 0xff, 0xff, 0xff, 0xff, 0xff, 0xff,
    0x60, 0x0, 0x0, 0x0, 0x0, 0x0, 0x0, 0x0,
    0x0, 0x0, 0x0, 0x1f, 0xff, 0xff, 0xff, 0xff,
    0xff, 0xff, 0xff, 0xfa, 0x0, 0x0, 0x0, 0x0,
    0x0, 0x0, 0x0, 0x0, 0x0, 0x0, 0x5, 0xff,
    0xff, 0xff, 0xff, 0xff, 0xff, 0xff, 0xff, 0xe0,
    0x0, 0x0, 0x0, 0x0, 0x0, 0x0, 0x0, 0x0,
    0x0, 0x0, 0x9f, 0xff, 0xff, 0xff, 0x90, 0xff,
    0xff, 0xff, 0xff, 0x20, 0x0, 0x0, 0x0, 0x0,
    0x0, 0x0, 0x0, 0x0, 0x0, 0xd, 0xff, 0xff,
    0xff, 0xf5, 0xc, 0xff, 0xff, 0xff, 0xf6, 0x0,
    0x0, 0x0, 0x0, 0x0, 0x0, 0x0, 0x0, 0x0,
    0x1, 0xff, 0xff, 0xff, 0xff, 0x10, 0x8f, 0xff,
    0xff, 0xff, 0xa0, 0x0, 0x0, 0x0, 0x0, 0x0,
    0x0, 0x0, 0x0, 0x0, 0x6f, 0xff, 0xff, 0xff,
    0xd0, 0x4, 0xff, 0xff, 0xff, 0xfe, 0x0, 0x0,
    0x0, 0x0, 0x0, 0x0, 0x0, 0x0, 0x0, 0xa,
    0xff, 0xff, 0xff, 0xf9, 0x0, 0xf, 0xff, 0xff,
    0xff, 0xf3, 0x0, 0x0, 0x0, 0x0, 0x0, 0x0,
    0x0, 0x0, 0x0, 0xef, 0xff, 0xff, 0xff, 0x50,
    0x0, 0xcf, 0xff, 0xff, 0xff, 0x70, 0x0, 0x0,
    0x0, 0x0, 0x0, 0x0, 0x0, 0x0, 0x2f, 0xff,
    0xff, 0xff, 0xf1, 0x0, 0x8, 0xff, 0xff, 0xff,
    0xfb, 0x0, 0x0, 0x0, 0x0, 0x0, 0x0, 0x0,
    0x0, 0x6, 0xff, 0xff, 0xff, 0xfd, 0x0, 0x0,
    0x4f, 0xff, 0xff, 0xff, 0xf0, 0x0, 0x0, 0x0,
    0x0, 0x0, 0x0, 0x0, 0x0, 0xaf, 0xff, 0xff,
    0xff, 0x90, 0x0, 0x0, 0xff, 0xff, 0xff, 0xff,
    0x30, 0x0, 0x0, 0x0, 0x0, 0x0, 0x0, 0x0,
    0xe, 0xff, 0xff, 0xff, 0xf5, 0x0, 0x0, 0xc,
    0xff, 0xff, 0xff, 0xf8, 0x0, 0x0, 0x0, 0x0,
    0x0, 0x0, 0x0, 0x3, 0xff, 0xff, 0xff, 0xff,
    0x20, 0x0, 0x0, 0x8f, 0xff, 0xff, 0xff, 0xc0,
    0x0, 0x0, 0x0, 0x0, 0x0, 0x0, 0x0, 0x7f,
    0xff, 0xff, 0xff, 0xe0, 0x0, 0x0, 0x5, 0xff,
    0xff, 0xff, 0xff, 0x0, 0x0, 0x0, 0x0, 0x0,
    0x0, 0x0, 0xb, 0xff, 0xff, 0xff, 0xfa, 0x0,
    0x0, 0x0, 0x1f, 0xff, 0xff, 0xff, 0xf4, 0x0,
    0x0, 0x0, 0x0, 0x0, 0x0, 0x0, 0xff, 0xff,
    0xff, 0xff, 0x60, 0x0, 0x0, 0x0, 0xdf, 0xff,
    0xff, 0xff, 0x80, 0x0, 0x0, 0x0, 0x0, 0x0,
    0x0, 0x3f, 0xff, 0xff, 0xff, 0xf2, 0x0, 0x0,
    0x0, 0x9, 0xff, 0xff, 0xff, 0xfc, 0x0, 0x0,
    0x0, 0x0, 0x0, 0x0, 0x7, 0xff, 0xff, 0xff,
    0xfe, 0x0, 0x0, 0x0, 0x0, 0x5f, 0xff, 0xff,
    0xff, 0xf1, 0x0, 0x0, 0x0, 0x0, 0x0, 0x0,
    0xcf, 0xff, 0xff, 0xff, 0xa0, 0x0, 0x0, 0x0,
    0x1, 0xff, 0xff, 0xff, 0xff, 0x50, 0x0, 0x0,
    0x0, 0x0, 0x0, 0xf, 0xff, 0xff, 0xff, 0xf6,
    0x0, 0x0, 0x0, 0x0, 0xd, 0xff, 0xff, 0xff,
    0xf9, 0x0, 0x0, 0x0, 0x0, 0x0, 0x4, 0xff,
    0xff, 0xff, 0xff, 0x20, 0x0, 0x0, 0x0, 0x0,
    0x9f, 0xff, 0xff, 0xff, 0xd0, 0x0, 0x0, 0x0,
    0x0, 0x0, 0x8f, 0xff, 0xff, 0xff, 0xe0, 0x0,
    0x0, 0x0, 0x0, 0x5, 0xff, 0xff, 0xff, 0xff,
    0x10, 0x0, 0x0, 0x0, 0x0, 0xc, 0xff, 0xff,
    0xff, 0xfa, 0x0, 0x0, 0x0, 0x0, 0x0, 0x1f,
    0xff, 0xff, 0xff, 0xf5, 0x0, 0x0, 0x0, 0x0,
    0x0, 0xff, 0xff, 0xff, 0xff, 0x60, 0x0, 0x0,
    0x0, 0x0, 0x0, 0xdf, 0xff, 0xff, 0xff, 0x90,
    0x0, 0x0, 0x0, 0x0, 0x4f, 0xff, 0xff, 0xff,
    0xfe, 0xee, 0xee, 0xee, 0xee, 0xee, 0xef, 0xff,
    0xff, 0xff, 0xfe, 0x0, 0x0, 0x0, 0x0, 0x9,
    0xff, 0xff, 0xff, 0xff, 0xff, 0xff, 0xff, 0xff,
    0xff, 0xff, 0xff, 0xff, 0xff, 0xff, 0xf2, 0x0,
    0x0, 0x0, 0x0, 0xdf, 0xff, 0xff, 0xff, 0xff,
    0xff, 0xff, 0xff, 0xff, 0xff, 0xff, 0xff, 0xff,
    0xff, 0xff, 0x60, 0x0, 0x0, 0x0, 0x1f, 0xff,
    0xff, 0xff, 0xff, 0xff, 0xff, 0xff, 0xff, 0xff,
    0xff, 0xff, 0xff, 0xff, 0xff, 0xfa, 0x0, 0x0,
    0x0, 0x5, 0xff, 0xff, 0xff, 0xff, 0xff, 0xff,
    0xff, 0xff, 0xff, 0xff, 0xff, 0xff, 0xff, 0xff,
    0xff, 0xe0, 0x0, 0x0, 0x0, 0x9f, 0xff, 0xff,
    0xff, 0xff, 0xff, 0xff, 0xff, 0xff, 0xff, 0xff,
    0xff, 0xff, 0xff, 0xff, 0xff, 0x20, 0x0, 0x0,
    0xd, 0xff, 0xff, 0xff, 0xff, 0xff, 0xff, 0xff,
    0xff, 0xff, 0xff, 0xff, 0xff, 0xff, 0xff, 0xff,
    0xf6, 0x0, 0x0, 0x1, 0xff, 0xff, 0xff, 0xff,
    0xff, 0xff, 0xff, 0xff, 0xff, 0xff, 0xff, 0xff,
    0xff, 0xff, 0xff, 0xff, 0xb0, 0x0, 0x0, 0x6f,
    0xff, 0xff, 0xff, 0xf2, 0x0, 0x0, 0x0, 0x0,
    0x0, 0x0, 0x0, 0x9, 0xff, 0xff, 0xff, 0xff,
    0x0, 0x0, 0xa, 0xff, 0xff, 0xff, 0xfe, 0x0,
    0x0, 0x0, 0x0, 0x0, 0x0, 0x0, 0x0, 0x5f,
    0xff, 0xff, 0xff, 0xf3, 0x0, 0x0, 0xef, 0xff,
    0xff, 0xff, 0xa0, 0x0, 0x0, 0x0, 0x0, 0x0,
    0x0, 0x0, 0x1, 0xff, 0xff, 0xff, 0xff, 0x70,
    0x0, 0x2f, 0xff, 0xff, 0xff, 0xf6, 0x0, 0x0,
    0x0, 0x0, 0x0, 0x0, 0x0, 0x0, 0xd, 0xff,
    0xff, 0xff, 0xfb, 0x0, 0x6, 0xff, 0xff, 0xff,
    0xff, 0x30, 0x0, 0x0, 0x0, 0x0, 0x0, 0x0,
    0x0, 0x0, 0xaf, 0xff, 0xff, 0xff, 0xf0, 0x0,
    0xaf, 0xff, 0xff, 0xff, 0xf0, 0x0, 0x0, 0x0,
    0x0, 0x0, 0x0, 0x0, 0x0, 0x6, 0xff, 0xff,
    0xff, 0xff, 0x40, 0xe, 0xff, 0xff, 0xff, 0xfb,
    0x0, 0x0, 0x0, 0x0, 0x0, 0x0, 0x0, 0x0,
    0x0, 0x2f, 0xff, 0xff, 0xff, 0xf8, 0x3, 0xff,
    0xff, 0xff, 0xff, 0x70, 0x0, 0x0, 0x0, 0x0,
    0x0, 0x0, 0x0, 0x0, 0x0, 0xef, 0xff, 0xff,
    0xff, 0xc0, 0x7f, 0xff, 0xff, 0xff, 0xf3, 0x0,
    0x0, 0x0, 0x0, 0x0, 0x0, 0x0, 0x0, 0x0,
    0xa, 0xff, 0xff, 0xff, 0xff, 0xb, 0xff, 0xff,
    0xff, 0xff, 0x0, 0x0, 0x0, 0x0, 0x0, 0x0,
    0x0, 0x0, 0x0, 0x0, 0x6f, 0xff, 0xff, 0xff,
    0xf4,

    /* U+0042 "B" */
    0x1f, 0xff, 0xff, 0xff, 0xff, 0xff, 0xff, 0xff,
    0xff, 0xff, 0xff, 0xff, 0xfe, 0xdb, 0x73, 0x0,
    0x0, 0x0, 0x0, 0x1f, 0xff, 0xff, 0xff, 0xff,
    0xff, 0xff, 0xff, 0xff, 0xff, 0xff, 0xff, 0xff,
    0xff, 0xff, 0xd6, 0x0, 0x0, 0x0, 0x1f, 0xff,
    0xff, 0xff, 0xff, 0xff, 0xff, 0xff, 0xff, 0xff,
    0xff, 0xff, 0xff, 0xff, 0xff, 0xff, 0xd3, 0x0,
    0x0, 0x1f, 0xff, 0xff, 0xff, 0xff, 0xff, 0xff,
    0xff, 0xff, 0xff, 0xff, 0xff, 0xff, 0xff, 0xff,
    0xff, 0xff, 0x50, 0x0, 0x1f, 0xff, 0xff, 0xff,
    0xff, 0xff, 0xff, 0xff, 0xff, 0xff, 0xff, 0xff,
    0xff, 0xff, 0xff, 0xff, 0xff, 0xf4, 0x0, 0x1f,
    0xff, 0xff, 0xff, 0xff, 0xff, 0xff, 0xff, 0xff,
    0xff, 0xff, 0xff, 0xff, 0xff, 0xff, 0xff, 0xff,
    0xfe, 0x10, 0x1f, 0xff, 0xff, 0xff, 0xff, 0xff,
    0xff, 0xff, 0xff, 0xff, 0xff, 0xff, 0xff, 0xff,
    0xff, 0xff, 0xff, 0xff, 0x80, 0x8, 0x88, 0x88,
    0x9f, 0xff, 0xff, 0xff, 0xfd, 0xcc, 0xcc, 0xcc,
    0xcc, 0xef, 0xff, 0xff, 0xff, 0xff, 0xff, 0xe0,
    0x0, 0x0, 0x0, 0x2f, 0xff, 0xff, 0xff, 0xf4,
    0x0, 0x0, 0x0, 0x0, 0x1, 0x7f, 0xff, 0xff,
    0xff, 0xff, 0xf3, 0x0, 0x0, 0x0, 0x2f, 0xff,
    0xff, 0xff, 0xf4, 0x0, 0x0, 0x0, 0x0, 0x0,
    0x2, 0xef, 0xff, 0xff, 0xff, 0xf6, 0x0, 0x0,
    0x0, 0x2f, 0xff, 0xff, 0xff, 0xf4, 0x0, 0x0,
    0x0, 0x0, 0x0, 0x0, 0x6f, 0xff, 0xff, 0xff,
    0xf7, 0x0, 0x0, 0x0, 0x2f, 0xff, 0xff, 0xff,
    0xf4, 0x0, 0x0, 0x0, 0x0, 0x0, 0x0, 0xf,
    0xff, 0xff, 0xff, 0xf8, 0x0, 0x0, 0x0, 0x2f,
    0xff, 0xff, 0xff, 0xf4, 0x0, 0x0, 0x0, 0x0,
    0x0, 0x0, 0xe, 0xff, 0xff, 0xff, 0xf8, 0x0,
    0x0, 0x0, 0x2f, 0xff, 0xff, 0xff, 0xf4, 0x0,
    0x0, 0x0, 0x0, 0x0, 0x0, 0xe, 0xff, 0xff,
    0xff, 0xf7, 0x0, 0x0, 0x0, 0x2f, 0xff, 0xff,
    0xff, 0xf4, 0x0, 0x0, 0x0, 0x0, 0x0, 0x0,
    0xf, 0xff, 0xff, 0xff, 0xf4, 0x0, 0x0, 0x0,
    0x2f, 0xff, 0xff, 0xff, 0xf4, 0x0, 0x0, 0x0,
    0x0, 0x0, 0x0, 0x6f, 0xff, 0xff, 0xff, 0xf0,
    0x0, 0x0, 0x0, 0x2f, 0xff, 0xff, 0xff, 0xf4,
    0x0, 0x0, 0x0, 0x0, 0x0, 0x3, 0xff, 0xff,
    0xff, 0xff, 0x90, 0x0, 0x0, 0x0, 0x2f, 0xff,
    0xff, 0xff, 0xf4, 0x0, 0x0, 0x0, 0x0, 0x1,
    0x8f, 0xff, 0xff, 0xff, 0xfd, 0x0, 0x0, 0x0,
    0x0, 0x2f, 0xff, 0xff, 0xff, 0xfd, 0xcc, 0xcc,
    0xcc, 0xcc, 0xef, 0xff, 0xff, 0xff, 0xff, 0xf3,
    0x0, 0x0, 0x0, 0x0, 0x2f, 0xff, 0xff, 0xff,
    0xff, 0xff, 0xff, 0xff, 0xff, 0xff, 0xff, 0xff,
    0xff, 0xfe, 0x30, 0x0, 0x0, 0x0, 0x0, 0x2f,
    0xff, 0xff, 0xff, 0xff, 0xff, 0xff, 0xff, 0xff,
    0xff, 0xff, 0xff, 0xff, 0x80, 0x0, 0x0, 0x0,
    0x0, 0x0, 0x2f, 0xff, 0xff, 0xff, 0xff, 0xff,
    0xff, 0xff, 0xff, 0xff, 0xff, 0xff, 0xc0, 0x0,
    0x0, 0x0, 0x0, 0x0, 0x0, 0x2f, 0xff, 0xff,
    0xff, 0xff, 0xff, 0xff, 0xff, 0xff, 0xff, 0xff,
    0xff, 0xd3, 0x0, 0x0, 0x0, 0x0, 0x0, 0x0,
    0x2f, 0xff, 0xff, 0xff, 0xff, 0xff, 0xff, 0xff,
    0xff, 0xff, 0xff, 0xff, 0xff, 0xb3, 0x0, 0x0,
    0x0, 0x0, 0x0, 0x2f, 0xff, 0xff, 0xff, 0xff,
    0xff, 0xff, 0xff, 0xff, 0xff, 0xff, 0xff, 0xff,
    0xff, 0x60, 0x0, 0x0, 0x0, 0x0, 0x2f, 0xff,
    0xff, 0xff, 0xff, 0xff, 0xff, 0xff, 0xff, 0xff,
    0xff, 0xff, 0xff, 0xff, 0xf7, 0x0, 0x0, 0x0,
    0x0, 0x2f, 0xff, 0xff, 0xff, 0xf4, 0x0, 0x0,
    0x0, 0x0, 0x14, 0xaf, 0xff, 0xff, 0xff, 0xff,
    0x30, 0x0, 0x0, 0x0, 0x2f, 0xff, 0xff, 0xff,
    0xf4, 0x0, 0x0, 0x0, 0x0, 0x0, 0x4, 0xff,
    0xff, 0xff, 0xff, 0xd0, 0x0, 0x0, 0x0, 0x2f,
    0xff, 0xff, 0xff, 0xf4, 0x0, 0x0, 0x0, 0x0,
    0x0, 0x0, 0x6f, 0xff, 0xff, 0xff, 0xf4, 0x0,
    0x0, 0x0, 0x2f, 0xff, 0xff, 0xff, 0xf4, 0x0,
    0x0, 0x0, 0x0, 0x0, 0x0, 0xe, 0xff, 0xff,
    0xff, 0xf8, 0x0, 0x0, 0x0, 0x2f, 0xff, 0xff,
    0xff, 0xf4, 0x0, 0x0, 0x0, 0x0, 0x0, 0x0,
    0xb, 0xff, 0xff, 0xff, 0xfb, 0x0, 0x0, 0x0,
    0x2f, 0xff, 0xff, 0xff, 0xf4, 0x0, 0x0, 0x0,
    0x0, 0x0, 0x0, 0xa, 0xff, 0xff, 0xff, 0xfc,
    0x0, 0x0, 0x0, 0x2f, 0xff, 0xff, 0xff, 0xf4,
    0x0, 0x0, 0x0, 0x0, 0x0, 0x0, 0xb, 0xff,
    0xff, 0xff, 0xfc, 0x0, 0x0, 0x0, 0x2f, 0xff,
    0xff, 0xff, 0xf4, 0x0, 0x0, 0x0, 0x0, 0x0,
    0x0, 0xd, 0xff, 0xff, 0xff, 0xfc, 0x0, 0x0,
    0x0, 0x2f, 0xff, 0xff, 0xff, 0xf4, 0x0, 0x0,
    0x0, 0x0, 0x0, 0x0, 0x4f, 0xff, 0xff, 0xff,
    0xfb, 0x0, 0x0, 0x0, 0x2f, 0xff, 0xff, 0xff,
    0xf4, 0x0, 0x0, 0x0, 0x0, 0x0, 0x1, 0xdf,
    0xff, 0xff, 0xff, 0xf9, 0x0, 0x0, 0x0, 0x2f,
    0xff, 0xff, 0xff, 0xf4, 0x0, 0x0, 0x0, 0x0,
    0x1, 0x7e, 0xff, 0xff, 0xff, 0xff, 0xf5, 0x8,
    0x88, 0x88, 0x9f, 0xff, 0xff, 0xff, 0xfd, 0xcc,
    0xcc, 0xcc, 0xcc, 0xdf, 0xff, 0xff, 0xff, 0xff,
    0xff, 0xf0, 0x1f, 0xff, 0xff, 0xff, 0xff, 0xff,
    0xff, 0xff, 0xff, 0xff, 0xff, 0xff, 0xff, 0xff,
    0xff, 0xff, 0xff, 0xff, 0x90, 0x1f, 0xff, 0xff,
    0xff, 0xff, 0xff, 0xff, 0xff, 0xff, 0xff, 0xff,
    0xff, 0xff, 0xff, 0xff, 0xff, 0xff, 0xfe, 0x10,
    0x1f, 0xff, 0xff, 0xff, 0xff, 0xff, 0xff, 0xff,
    0xff, 0xff, 0xff, 0xff, 0xff, 0xff, 0xff, 0xff,
    0xff, 0xf4, 0x0, 0x1f, 0xff, 0xff, 0xff, 0xff,
    0xff, 0xff, 0xff, 0xff, 0xff, 0xff, 0xff, 0xff,
    0xff, 0xff, 0xff, 0xff, 0x50, 0x0, 0x1f, 0xff,
    0xff, 0xff, 0xff, 0xff, 0xff, 0xff, 0xff, 0xff,
    0xff, 0xff, 0xff, 0xff, 0xff, 0xff, 0xe3, 0x0,
    0x0, 0x1f, 0xff, 0xff, 0xff, 0xff, 0xff, 0xff,
    0xff, 0xff, 0xff, 0xff, 0xff, 0xff, 0xff, 0xff,
    0xe7, 0x0, 0x0, 0x0, 0x1f, 0xff, 0xff, 0xff,
    0xff, 0xff, 0xff, 0xff, 0xff, 0xff, 0xff, 0xff,
    0xff, 0xdb, 0x84, 0x0, 0x0, 0x0, 0x0,

    /* U+0043 "C" */
    0x0, 0x0, 0x0, 0x0, 0x0, 0x0, 0x58, 0xbd,
    0xef, 0xff, 0xec, 0xa6, 0x20, 0x0, 0x0, 0x0,
    0x0, 0x0, 0x0, 0x0, 0x0, 0x0, 0x4, 0xbf,
    0xff, 0xff, 0xff, 0xff, 0xff, 0xff, 0xfd, 0x70,
    0x0, 0x0, 0x0, 0x0, 0x0, 0x0, 0x0, 0x3,
    0xcf, 0xff, 0xff, 0xff, 0xff, 0xff, 0xff, 0xff,
    0xff, 0xfe, 0x60, 0x0, 0x0, 0x0, 0x0, 0x0,
    0x0, 0x8f, 0xff, 0xff, 0xff, 0xff, 0xff, 0xff,
    0xff, 0xff, 0xff, 0xff, 0xfb, 0x0, 0x0, 0x0,
    0x0, 0x0, 0xa, 0xff, 0xff, 0xff, 0xff, 0xff,
    0xff, 0xff, 0xff, 0xff, 0xff, 0xff, 0xff, 0xc1,
    0x0, 0x0, 0x0, 0x0, 0xaf, 0xff, 0xff, 0xff,
    0xff, 0xff, 0xff, 0xff, 0xff, 0xff, 0xff, 0xff,
    0xff, 0xfc, 0x0, 0x0, 0x0, 0x7, 0xff, 0xff,
    0xff, 0xff, 0xff, 0xff, 0xff, 0xff, 0xff, 0xff,
    0xff, 0xff, 0xff, 0xff, 0x80, 0x0, 0x0, 0x3f,
    0xff, 0xff, 0xff, 0xff, 0xff, 0xff, 0xcb, 0xab,
    0xdf, 0xff, 0xff, 0xff, 0xff, 0xff, 0xf3, 0x0,
    0x0, 0xbf, 0xff, 0xff, 0xff, 0xff, 0xfb, 0x40,
    0x0, 0x0, 0x1, 0x6e, 0xff, 0xff, 0xff, 0xff,
    0xfb, 0x0, 0x3, 0xff, 0xff, 0xff, 0xff, 0xff,
    0x50, 0x0, 0x0, 0x0, 0x0, 0x0, 0xbf, 0xff,
    0xff, 0xff, 0xff, 0x20, 0x9, 0xff, 0xff, 0xff,
    0xff, 0xf3, 0x0, 0x0, 0x0, 0x0, 0x0, 0x0,
    0xc, 0xff, 0xff, 0xff, 0xff, 0x80, 0xe, 0xff,
    0xff, 0xff, 0xff, 0x60, 0x0, 0x0, 0x0, 0x0,
    0x0, 0x0, 0x1, 0xff, 0xff, 0xff, 0xff, 0xd0,
    0x3f, 0xff, 0xff, 0xff, 0xfd, 0x0, 0x0, 0x0,
    0x0, 0x0, 0x0, 0x0, 0x0, 0x9f, 0xff, 0xff,
    0xff, 0xf0, 0x6f, 0xff, 0xff, 0xff, 0xf6, 0x0,
    0x0, 0x0, 0x0, 0x0, 0x0, 0x0, 0x0, 0x3f,
    0xff, 0xff, 0xff, 0xf3, 0x8f, 0xff, 0xff, 0xff,
    0xf1, 0x0, 0x0, 0x0, 0x0, 0x0, 0x0, 0x0,
    0x0, 0xf, 0xff, 0xff, 0xff, 0xf5, 0xaf, 0xff,
    0xff, 0xff, 0xd0, 0x0, 0x0, 0x0, 0x0, 0x0,
    0x0, 0x0, 0x0, 0xe, 0xff, 0xff, 0xff, 0xf7,
    0xbf, 0xff, 0xff, 0xff, 0xb0, 0x0, 0x0, 0x0,
    0x0, 0x0, 0x0, 0x0, 0x0, 0xd, 0xff, 0xff,
    0xff, 0xf8, 0xcf, 0xff, 0xff, 0xff, 0xa0, 0x0,
    0x0, 0x0, 0x0, 0x0, 0x0, 0x0, 0x0, 0x3,
    0x44, 0x44, 0x44, 0x42, 0xcf, 0xff, 0xff, 0xff,
    0xa0, 0x0, 0x0, 0x0, 0x0, 0x0, 0x0, 0x0,
    0x0, 0x0, 0x0, 0x0, 0x0, 0x0, 0xcf, 0xff,
    0xff, 0xff, 0xa0, 0x0, 0x0, 0x0, 0x0, 0x0,
    0x0, 0x0, 0x0, 0x0, 0x0, 0x0, 0x0, 0x0,
    0xcf, 0xff, 0xff, 0xff, 0xa0, 0x0, 0x0, 0x0,
    0x0, 0x0, 0x0, 0x0, 0x0, 0x0, 0x0, 0x0,
    0x0, 0x0, 0xcf, 0xff, 0xff, 0xff, 0xa0, 0x0,
    0x0, 0x0, 0x0, 0x0, 0x0, 0x0, 0x0, 0x0,
    0x0, 0x0, 0x0, 0x0, 0xcf, 0xff, 0xff, 0xff,
    0xa0, 0x0, 0x0, 0x0, 0x0, 0x0, 0x0, 0x0,
    0x0, 0x0, 0x0, 0x0, 0x0, 0x0, 0xcf, 0xff,
    0xff, 0xff, 0xa0, 0x0, 0x0, 0x0, 0x0, 0x0,
    0x0, 0x0, 0x0, 0x0, 0x0, 0x0, 0x0, 0x0,
    0xcf, 0xff, 0xff, 0xff, 0xa0, 0x0, 0x0, 0x0,
    0x0, 0x0, 0x0, 0x0, 0x0, 0x0, 0x0, 0x0,
    0x0, 0x0, 0xcf, 0xff, 0xff, 0xff, 0xa0, 0x0,
    0x0, 0x0, 0x0, 0x0, 0x0, 0x0, 0x0, 0x0,
    0x0, 0x0, 0x0, 0x0, 0xcf, 0xff, 0xff, 0xff,
    0xa0, 0x0, 0x0, 0x0, 0x0, 0x0, 0x0, 0x0,
    0x0, 0x0, 0x0, 0x0, 0x0, 0x0, 0xcf, 0xff,
    0xff, 0xff, 0xa0, 0x0, 0x0, 0x0, 0x0, 0x0,
    0x0, 0x0, 0x0, 0x0, 0x0, 0x0, 0x0, 0x0,
    0xcf, 0xff, 0xff, 0xff, 0xa0, 0x0, 0x0, 0x0,
    0x0, 0x0, 0x0, 0x0, 0x0, 0x0, 0x0, 0x0,
    0x0, 0x0, 0xcf, 0xff, 0xff, 0xff, 0xa0, 0x0,
    0x0, 0x0, 0x0, 0x0, 0x0, 0x0, 0x0, 0xc,
    0xff, 0xff, 0xff, 0xf8, 0xbf, 0xff, 0xff, 0xff,
    0xb0, 0x0, 0x0, 0x0, 0x0, 0x0, 0x0, 0x0,
    0x0, 0xd, 0xff, 0xff, 0xff, 0xf8, 0xaf, 0xff,
    0xff, 0xff, 0xd0, 0x0, 0x0, 0x0, 0x0, 0x0,
    0x0, 0x0, 0x0, 0xe, 0xff, 0xff, 0xff, 0xf7,
    0x8f, 0xff, 0xff, 0xff, 0xf1, 0x0, 0x0, 0x0,
    0x0, 0x0, 0x0, 0x0, 0x0, 0xf, 0xff, 0xff,
    0xff, 0xf6, 0x6f, 0xff, 0xff, 0xff, 0xf6, 0x0,
    0x0, 0x0, 0x0, 0x0, 0x0, 0x0, 0x0, 0x4f,
    0xff, 0xff, 0xff, 0xf4, 0x3f, 0xff, 0xff, 0xff,
    0xfd, 0x0, 0x0, 0x0, 0x0, 0x0, 0x0, 0x0,
    0x0, 0xaf, 0xff, 0xff, 0xff, 0xf1, 0xe, 0xff,
    0xff, 0xff, 0xff, 0x60, 0x0, 0x0, 0x0, 0x0,
    0x0, 0x0, 0x2, 0xff, 0xff, 0xff, 0xff, 0xd0,
    0x9, 0xff, 0xff, 0xff, 0xff, 0xf3, 0x0, 0x0,
    0x0, 0x0, 0x0, 0x0, 0xc, 0xff, 0xff, 0xff,
    0xff, 0x90, 0x3, 0xff, 0xff, 0xff, 0xff, 0xff,
    0x50, 0x0, 0x0, 0x0, 0x0, 0x1, 0xcf, 0xff,
    0xff, 0xff, 0xff, 0x30, 0x0, 0xcf, 0xff, 0xff,
    0xff, 0xff, 0xfb, 0x40, 0x0, 0x0, 0x1, 0x7e,
    0xff, 0xff, 0xff, 0xff, 0xfc, 0x0, 0x0, 0x3f,
    0xff, 0xff, 0xff, 0xff, 0xff, 0xff, 0xcb, 0xab,
    0xdf, 0xff, 0xff, 0xff, 0xff, 0xff, 0xf3, 0x0,
    0x0, 0x8, 0xff, 0xff, 0xff, 0xff, 0xff, 0xff,
    0xff, 0xff, 0xff, 0xff, 0xff, 0xff, 0xff, 0xff,
    0x90, 0x0, 0x0, 0x0, 0xbf, 0xff, 0xff, 0xff,
    0xff, 0xff, 0xff, 0xff, 0xff, 0xff, 0xff, 0xff,
    0xff, 0xfc, 0x0, 0x0, 0x0, 0x0, 0xb, 0xff,
    0xff, 0xff, 0xff, 0xff, 0xff, 0xff, 0xff, 0xff,
    0xff, 0xff, 0xff, 0xd1, 0x0, 0x0, 0x0, 0x0,
    0x0, 0x8f, 0xff, 0xff, 0xff, 0xff, 0xff, 0xff,
    0xff, 0xff, 0xff, 0xff, 0xfb, 0x10, 0x0, 0x0,
    0x0, 0x0, 0x0, 0x3, 0xcf, 0xff, 0xff, 0xff,
    0xff, 0xff, 0xff, 0xff, 0xff, 0xfe, 0x70, 0x0,
    0x0, 0x0, 0x0, 0x0, 0x0, 0x0, 0x4, 0xbf,
    0xff, 0xff, 0xff, 0xff, 0xff, 0xff, 0xfd, 0x71,
    0x0, 0x0, 0x0, 0x0, 0x0, 0x0, 0x0, 0x0,
    0x0, 0x1, 0x58, 0xbd, 0xff, 0xff, 0xec, 0xa7,
    0x30, 0x0, 0x0, 0x0, 0x0, 0x0,

    /* U+0044 "D" */
    0x1f, 0xff, 0xff, 0xff, 0xff, 0xff, 0xff, 0xff,
    0xff, 0xff, 0xfe, 0xdb, 0x85, 0x10, 0x0, 0x0,
    0x0, 0x0, 0x0, 0x1f, 0xff, 0xff, 0xff, 0xff,
    0xff, 0xff, 0xff, 0xff, 0xff, 0xff, 0xff, 0xff,
    0xfc, 0x60, 0x0, 0x0, 0x0, 0x0, 0x1f, 0xff,
    0xff, 0xff, 0xff, 0xff, 0xff, 0xff, 0xff, 0xff,
    0xff, 0xff, 0xff, 0xff, 0xfe, 0x60, 0x0, 0x0,
    0x0, 0x1f, 0xff, 0xff, 0xff, 0xff, 0xff, 0xff,
    0xff, 0xff, 0xff, 0xff, 0xff, 0xff, 0xff, 0xff,
    0xfb, 0x10, 0x0, 0x0, 0x1f, 0xff, 0xff, 0xff,
    0xff, 0xff, 0xff, 0xff, 0xff, 0xff, 0xff, 0xff,
    0xff, 0xff, 0xff, 0xff, 0xd1, 0x0, 0x0, 0x1f,
    0xff, 0xff, 0xff, 0xff, 0xff, 0xff, 0xff, 0xff,
    0xff, 0xff, 0xff, 0xff, 0xff, 0xff, 0xff, 0xfd,
    0x10, 0x0, 0x1f, 0xff, 0xff, 0xff, 0xff, 0xff,
    0xff, 0xff, 0xff, 0xff, 0xff, 0xff, 0xff, 0xff,
    0xff, 0xff, 0xff, 0xb0, 0x0, 0x8, 0x88, 0x88,
    0x9f, 0xff, 0xff, 0xff, 0xfd, 0xcc, 0xcc, 0xde,
    0xff, 0xff, 0xff, 0xff, 0xff, 0xff, 0xf5, 0x0,
    0x0, 0x0, 0x0, 0x2f, 0xff, 0xff, 0xff, 0xf4,
    0x0, 0x0, 0x0, 0x15, 0xbf, 0xff, 0xff, 0xff,
    0xff, 0xfd, 0x0, 0x0, 0x0, 0x0, 0x2f, 0xff,
    0xff, 0xff, 0xf4, 0x0, 0x0, 0x0, 0x0, 0x3,
    0xef, 0xff, 0xff, 0xff, 0xff, 0x40, 0x0, 0x0,
    0x0, 0x2f, 0xff, 0xff, 0xff, 0xf4, 0x0, 0x0,
    0x0, 0x0, 0x0, 0x1e, 0xff, 0xff, 0xff, 0xff,
    0xa0, 0x0, 0x0, 0x0, 0x2f, 0xff, 0xff, 0xff,
    0xf4, 0x0, 0x0, 0x0, 0x0, 0x0, 0x4, 0xff,
    0xff, 0xff, 0xff, 0xf0, 0x0, 0x0, 0x0, 0x2f,
    0xff, 0xff, 0xff, 0xf4, 0x0, 0x0, 0x0, 0x0,
    0x0, 0x0, 0xbf, 0xff, 0xff, 0xff, 0xf3, 0x0,
    0x0, 0x0, 0x2f, 0xff, 0xff, 0xff, 0xf4, 0x0,
    0x0, 0x0, 0x0, 0x0, 0x0, 0x5f, 0xff, 0xff,
    0xff, 0xf6, 0x0, 0x0, 0x0, 0x2f, 0xff, 0xff,
    0xff, 0xf4, 0x0, 0x0, 0x0, 0x0, 0x0, 0x0,
    0xf, 0xff, 0xff, 0xff, 0xf9, 0x0, 0x0, 0x0,
    0x2f, 0xff, 0xff, 0xff, 0xf4, 0x0, 0x0, 0x0,
    0x0, 0x0, 0x0, 0xd, 0xff, 0xff, 0xff, 0xfa,
    0x0, 0x0, 0x0, 0x2f, 0xff, 0xff, 0xff, 0xf4,
    0x0, 0x0, 0x0, 0x0, 0x0, 0x0, 0xb, 0xff,
    0xff, 0xff, 0xfc, 0x0, 0x0, 0x0, 0x2f, 0xff,
    0xff, 0xff, 0xf4, 0x0, 0x0, 0x0, 0x0, 0x0,
    0x0, 0xa, 0xff, 0xff, 0xff, 0xfc, 0x0, 0x0,
    0x0, 0x2f, 0xff, 0xff, 0xff, 0xf4, 0x0, 0x0,
    0x0, 0x0, 0x0, 0x0, 0xa, 0xff, 0xff, 0xff,
    0xfc, 0x0, 0x0, 0x0, 0x2f, 0xff, 0xff, 0xff,
    0xf4, 0x0, 0x0, 0x0, 0x0, 0x0, 0x0, 0xa,
    0xff, 0xff, 0xff, 0xfd, 0x0, 0x0, 0x0, 0x2f,
    0xff, 0xff, 0xff, 0xf4, 0x0, 0x0, 0x0, 0x0,
    0x0, 0x0, 0xa, 0xff, 0xff, 0xff, 0xfd, 0x0,
    0x0, 0x0, 0x2f, 0xff, 0xff, 0xff, 0xf4, 0x0,
    0x0, 0x0, 0x0, 0x0, 0x0, 0xa, 0xff, 0xff,
    0xff, 0xfd, 0x0, 0x0, 0x0, 0x2f, 0xff, 0xff,
    0xff, 0xf4, 0x0, 0x0, 0x0, 0x0, 0x0, 0x0,
    0xa, 0xff, 0xff, 0xff, 0xfd, 0x0, 0x0, 0x0,
    0x2f, 0xff, 0xff, 0xff, 0xf4, 0x0, 0x0, 0x0,
    0x0, 0x0, 0x0, 0xa, 0xff, 0xff, 0xff, 0xfd,
    0x0, 0x0, 0x0, 0x2f, 0xff, 0xff, 0xff, 0xf4,
    0x0, 0x0, 0x0, 0x0, 0x0, 0x0, 0xa, 0xff,
    0xff, 0xff, 0xfd, 0x0, 0x0, 0x0, 0x2f, 0xff,
    0xff, 0xff, 0xf4, 0x0, 0x0, 0x0, 0x0, 0x0,
    0x0, 0xa, 0xff, 0xff, 0xff, 0xfd, 0x0, 0x0,
    0x0, 0x2f, 0xff, 0xff, 0xff, 0xf4, 0x0, 0x0,
    0x0, 0x0, 0x0, 0x0, 0xa, 0xff, 0xff, 0xff,
    0xfc, 0x0, 0x0, 0x0, 0x2f, 0xff, 0xff, 0xff,
    0xf4, 0x0, 0x0, 0x0, 0x0, 0x0, 0x0, 0xa,
    0xff, 0xff, 0xff, 0xfc, 0x0, 0x0, 0x0, 0x2f,
    0xff, 0xff, 0xff, 0xf4, 0x0, 0x0, 0x0, 0x0,
    0x0, 0x0, 0xb, 0xff, 0xff, 0xff, 0xfc, 0x0,
    0x0, 0x0, 0x2f, 0xff, 0xff, 0xff, 0xf4, 0x0,
    0x0, 0x0, 0x0, 0x0, 0x0, 0xd, 0xff, 0xff,
    0xff, 0xfa, 0x0, 0x0, 0x0, 0x2f, 0xff, 0xff,
    0xff, 0xf4, 0x0, 0x0, 0x0, 0x0, 0x0, 0x0,
    0x1f, 0xff, 0xff, 0xff, 0xf9, 0x0, 0x0, 0x0,
    0x2f, 0xff, 0xff, 0xff, 0xf4, 0x0, 0x0, 0x0,
    0x0, 0x0, 0x0, 0x5f, 0xff, 0xff, 0xff, 0xf6,
    0x0, 0x0, 0x0, 0x2f, 0xff, 0xff, 0xff, 0xf4,
    0x0, 0x0, 0x0, 0x0, 0x0, 0x0, 0xbf, 0xff,
    0xff, 0xff, 0xf3, 0x0, 0x0, 0x0, 0x2f, 0xff,
    0xff, 0xff, 0xf4, 0x0, 0x0, 0x0, 0x0, 0x0,
    0x4, 0xff, 0xff, 0xff, 0xff, 0xf0, 0x0, 0x0,
    0x0, 0x2f, 0xff, 0xff, 0xff, 0xf4, 0x0, 0x0,
    0x0, 0x0, 0x0, 0x2e, 0xff, 0xff, 0xff, 0xff,
    0xa0, 0x0, 0x0, 0x0, 0x2f, 0xff, 0xff, 0xff,
    0xf4, 0x0, 0x0, 0x0, 0x0, 0x3, 0xef, 0xff,
    0xff, 0xff, 0xff, 0x40, 0x0, 0x0, 0x0, 0x2f,
    0xff, 0xff, 0xff, 0xf4, 0x0, 0x0, 0x0, 0x15,
    0xbf, 0xff, 0xff, 0xff, 0xff, 0xfd, 0x0, 0x8,
    0x88, 0x88, 0x9f, 0xff, 0xff, 0xff, 0xfd, 0xcc,
    0xcc, 0xde, 0xff, 0xff, 0xff, 0xff, 0xff, 0xff,
    0xf5, 0x0, 0x1f, 0xff, 0xff, 0xff, 0xff, 0xff,
    0xff, 0xff, 0xff, 0xff, 0xff, 0xff, 0xff, 0xff,
    0xff, 0xff, 0xff, 0xb0, 0x0, 0x1f, 0xff, 0xff,
    0xff, 0xff, 0xff, 0xff, 0xff, 0xff, 0xff, 0xff,
    0xff, 0xff, 0xff, 0xff, 0xff, 0xfd, 0x10, 0x0,
    0x1f, 0xff, 0xff, 0xff, 0xff, 0xff, 0xff, 0xff,
    0xff, 0xff, 0xff, 0xff, 0xff, 0xff, 0xff, 0xff,
    0xd1, 0x0, 0x0, 0x1f, 0xff, 0xff, 0xff, 0xff,
    0xff, 0xff, 0xff, 0xff, 0xff, 0xff, 0xff, 0xff,
    0xff, 0xff, 0xfb, 0x10, 0x0, 0x0, 0x1f, 0xff,
    0xff, 0xff, 0xff, 0xff, 0xff, 0xff, 0xff, 0xff,
    0xff, 0xff, 0xff, 0xff, 0xfe, 0x60, 0x0, 0x0,
    0x0, 0x1f, 0xff, 0xff, 0xff, 0xff, 0xff, 0xff,
    0xff, 0xff, 0xff, 0xff, 0xff, 0xff, 0xfc, 0x60,
    0x0, 0x0, 0x0, 0x0, 0x1f, 0xff, 0xff, 0xff,
    0xff, 0xff, 0xff, 0xff, 0xff, 0xff, 0xfe, 0xdb,
    0x85, 0x10, 0x0, 0x0, 0x0, 0x0, 0x0,

    /* U+0045 "E" */
    0xcf, 0xff, 0xff, 0xff, 0xff, 0xff, 0xff, 0xff,
    0xff, 0xff, 0xff, 0xff, 0xff, 0xff, 0xf0, 0xcf,
    0xff, 0xff, 0xff, 0xff, 0xff, 0xff, 0xff, 0xff,
    0xff, 0xff, 0xff, 0xff, 0xff, 0xf0, 0xcf, 0xff,
    0xff, 0xff, 0xff, 0xff, 0xff, 0xff, 0xff, 0xff,
    0xff, 0xff, 0xff, 0xff, 0xf0, 0xcf, 0xff, 0xff,
    0xff, 0xff, 0xff, 0xff, 0xff, 0xff, 0xff, 0xff,
    0xff, 0xff, 0xff, 0xf0, 0xcf, 0xff, 0xff, 0xff,
    0xff, 0xff, 0xff, 0xff, 0xff, 0xff, 0xff, 0xff,
    0xff, 0xff, 0xf0, 0xcf, 0xff, 0xff, 0xff, 0xff,
    0xff, 0xff, 0xff, 0xff, 0xff, 0xff, 0xff, 0xff,
    0xff, 0xf0, 0xcf, 0xff, 0xff, 0xff, 0xff, 0xff,
    0xff, 0xff, 0xff, 0xff, 0xff, 0xff, 0xff, 0xff,
    0xf0, 0xcf, 0xff, 0xff, 0xff, 0xec, 0xcc, 0xcc,
    0xcc, 0xcc, 0xcc, 0xcc, 0xcc, 0xcc, 0xcc, 0xc0,
    0xcf, 0xff, 0xff, 0xff, 0xa0, 0x0, 0x0, 0x0,
    0x0, 0x0, 0x0, 0x0, 0x0, 0x0, 0x0, 0xcf,
    0xff, 0xff, 0xff, 0xa0, 0x0, 0x0, 0x0, 0x0,
    0x0, 0x0, 0x0, 0x0, 0x0, 0x0, 0xcf, 0xff,
    0xff, 0xff, 0xa0, 0x0, 0x0, 0x0, 0x0, 0x0,
    0x0, 0x0, 0x0, 0x0, 0x0, 0xcf, 0xff, 0xff,
    0xff, 0xa0, 0x0, 0x0, 0x0, 0x0, 0x0, 0x0,
    0x0, 0x0, 0x0, 0x0, 0xcf, 0xff, 0xff, 0xff,
    0xa0, 0x0, 0x0, 0x0, 0x0, 0x0, 0x0, 0x0,
    0x0, 0x0, 0x0, 0xcf, 0xff, 0xff, 0xff, 0xa0,
    0x0, 0x0, 0x0, 0x0, 0x0, 0x0, 0x0, 0x0,
    0x0, 0x0, 0xcf, 0xff, 0xff, 0xff, 0xa0, 0x0,
    0x0, 0x0, 0x0, 0x0, 0x0, 0x0, 0x0, 0x0,
    0x0, 0xcf, 0xff, 0xff, 0xff, 0xa0, 0x0, 0x0,
    0x0, 0x0, 0x0, 0x0, 0x0, 0x0, 0x0, 0x0,
    0xcf, 0xff, 0xff, 0xff, 0xa0, 0x0, 0x0, 0x0,
    0x0, 0x0, 0x0, 0x0, 0x0, 0x0, 0x0, 0xcf,
    0xff, 0xff, 0xff, 0xa0, 0x0, 0x0, 0x0, 0x0,
    0x0, 0x0, 0x0, 0x0, 0x0, 0x0, 0xcf, 0xff,
    0xff, 0xff, 0xec, 0xcc, 0xcc, 0xcc, 0xcc, 0xcc,
    0xcc, 0xcc, 0xcc, 0xc2, 0x0, 0xcf, 0xff, 0xff,
    0xff, 0xff, 0xff, 0xff, 0xff, 0xff, 0xff, 0xff,
    0xff, 0xff, 0xf3, 0x0, 0xcf, 0xff, 0xff, 0xff,
    0xff, 0xff, 0xff, 0xff, 0xff, 0xff, 0xff, 0xff,
    0xff, 0xf3, 0x0, 0xcf, 0xff, 0xff, 0xff, 0xff,
    0xff, 0xff, 0xff, 0xff, 0xff, 0xff, 0xff, 0xff,
    0xf3, 0x0, 0xcf, 0xff, 0xff, 0xff, 0xff, 0xff,
    0xff, 0xff, 0xff, 0xff, 0xff, 0xff, 0xff, 0xf3,
    0x0, 0xcf, 0xff, 0xff, 0xff, 0xff, 0xff, 0xff,
    0xff, 0xff, 0xff, 0xff, 0xff, 0xff, 0xf3, 0x0,
    0xcf, 0xff, 0xff, 0xff, 0xff, 0xff, 0xff, 0xff,
    0xff, 0xff, 0xff, 0xff, 0xff, 0xf3, 0x0, 0xcf,
    0xff, 0xff, 0xff, 0xff, 0xff, 0xff, 0xff, 0xff,
    0xff, 0xff, 0xff, 0xff, 0xf3, 0x0, 0xcf, 0xff,
    0xff, 0xff, 0xa0, 0x0, 0x0, 0x0, 0x0, 0x0,
    0x0, 0x0, 0x0, 0x0, 0x0, 0xcf, 0xff, 0xff,
    0xff, 0xa0, 0x0, 0x0, 0x0, 0x0, 0x0, 0x0,
    0x0, 0x0, 0x0, 0x0, 0xcf, 0xff, 0xff, 0xff,
    0xa0, 0x0, 0x0, 0x0, 0x0, 0x0, 0x0, 0x0,
    0x0, 0x0, 0x0, 0xcf, 0xff, 0xff, 0xff, 0xa0,
    0x0, 0x0, 0x0, 0x0, 0x0, 0x0, 0x0, 0x0,
    0x0, 0x0, 0xcf, 0xff, 0xff, 0xff, 0xa0, 0x0,
    0x0, 0x0, 0x0, 0x0, 0x0, 0x0, 0x0, 0x0,
    0x0, 0xcf, 0xff, 0xff, 0xff, 0xa0, 0x0, 0x0,
    0x0, 0x0, 0x0, 0x0, 0x0, 0x0, 0x0, 0x0,
    0xcf, 0xff, 0xff, 0xff, 0xa0, 0x0, 0x0, 0x0,
    0x0, 0x0, 0x0, 0x0, 0x0, 0x0, 0x0, 0xcf,
    0xff, 0xff, 0xff, 0xa0, 0x0, 0x0, 0x0, 0x0,
    0x0, 0x0, 0x0, 0x0, 0x0, 0x0, 0xcf, 0xff,
    0xff, 0xff, 0xa0, 0x0, 0x0, 0x0, 0x0, 0x0,
    0x0, 0x0, 0x0, 0x0, 0x0, 0xcf, 0xff, 0xff,
    0xff, 0xa0, 0x0, 0x0, 0x0, 0x0, 0x0, 0x0,
    0x0, 0x0, 0x0, 0x0, 0xcf, 0xff, 0xff, 0xff,
    0xa0, 0x0, 0x0, 0x0, 0x0, 0x0, 0x0, 0x0,
    0x0, 0x0, 0x0, 0xcf, 0xff, 0xff, 0xff, 0xec,
    0xcc, 0xcc, 0xcc, 0xcc, 0xcc, 0xcc, 0xcc, 0xcc,
    0xcc, 0xc4, 0xcf, 0xff, 0xff, 0xff, 0xff, 0xff,
    0xff, 0xff, 0xff, 0xff, 0xff, 0xff, 0xff, 0xff,
    0xf6, 0xcf, 0xff, 0xff, 0xff, 0xff, 0xff, 0xff,
    0xff, 0xff, 0xff, 0xff, 0xff, 0xff, 0xff, 0xf6,
    0xcf, 0xff, 0xff, 0xff, 0xff, 0xff, 0xff, 0xff,
    0xff, 0xff, 0xff, 0xff, 0xff, 0xff, 0xf6, 0xcf,
    0xff, 0xff, 0xff, 0xff, 0xff, 0xff, 0xff, 0xff,
    0xff, 0xff, 0xff, 0xff, 0xff, 0xf6, 0xcf, 0xff,
    0xff, 0xff, 0xff, 0xff, 0xff, 0xff, 0xff, 0xff,
    0xff, 0xff, 0xff, 0xff, 0xf6, 0xcf, 0xff, 0xff,
    0xff, 0xff, 0xff, 0xff, 0xff, 0xff, 0xff, 0xff,
    0xff, 0xff, 0xff, 0xf6, 0xcf, 0xff, 0xff, 0xff,
    0xff, 0xff, 0xff, 0xff, 0xff, 0xff, 0xff, 0xff,
    0xff, 0xff, 0xf6,

    /* U+0046 "F" */
    0x9c, 0xcc, 0xcc, 0xcc, 0xcc, 0xcc, 0xcc, 0xcc,
    0xcc, 0xcc, 0xcc, 0xcc, 0xcc, 0xcc, 0x4c, 0xff,
    0xff, 0xff, 0xff, 0xff, 0xff, 0xff, 0xff, 0xff,
    0xff, 0xff, 0xff, 0xff, 0xf6, 0xcf, 0xff, 0xff,
    0xff, 0xff, 0xff, 0xff, 0xff, 0xff, 0xff, 0xff,
    0xff, 0xff, 0xff, 0x6c, 0xff, 0xff, 0xff, 0xff,
    0xff, 0xff, 0xff, 0xff, 0xff, 0xff, 0xff, 0xff,
    0xff, 0xf6, 0xcf, 0xff, 0xff, 0xff, 0xff, 0xff,
    0xff, 0xff, 0xff, 0xff, 0xff, 0xff, 0xff, 0xff,
    0x6c, 0xff, 0xff, 0xff, 0xff, 0xff, 0xff, 0xff,
    0xff, 0xff, 0xff, 0xff, 0xff, 0xff, 0xf6, 0xcf,
    0xff, 0xff, 0xff, 0xff, 0xff, 0xff, 0xff, 0xff,
    0xff, 0xff, 0xff, 0xff, 0xff, 0x6c, 0xff, 0xff,
    0xff, 0xff, 0xff, 0xff, 0xff, 0xff, 0xff, 0xff,
    0xff, 0xff, 0xff, 0xf6, 0xcf, 0xff, 0xff, 0xff,
    0xa0, 0x0, 0x0, 0x0, 0x0, 0x0, 0x0, 0x0,
    0x0, 0x0, 0xc, 0xff, 0xff, 0xff, 0xfa, 0x0,
    0x0, 0x0, 0x0, 0x0, 0x0, 0x0, 0x0, 0x0,
    0x0, 0xcf, 0xff, 0xff, 0xff, 0xa0, 0x0, 0x0,
    0x0, 0x0, 0x0, 0x0, 0x0, 0x0, 0x0, 0xc,
    0xff, 0xff, 0xff, 0xfa, 0x0, 0x0, 0x0, 0x0,
    0x0, 0x0, 0x0, 0x0, 0x0, 0x0, 0xcf, 0xff,
    0xff, 0xff, 0xa0, 0x0, 0x0, 0x0, 0x0, 0x0,
    0x0, 0x0, 0x0, 0x0, 0xc, 0xff, 0xff, 0xff,
    0xfa, 0x0, 0x0, 0x0, 0x0, 0x0, 0x0, 0x0,
    0x0, 0x0, 0x0, 0xcf, 0xff, 0xff, 0xff, 0xa0,
    0x0, 0x0, 0x0, 0x0, 0x0, 0x0, 0x0, 0x0,
    0x0, 0xc, 0xff, 0xff, 0xff, 0xfa, 0x0, 0x0,
    0x0, 0x0, 0x0, 0x0, 0x0, 0x0, 0x0, 0x0,
    0xcf, 0xff, 0xff, 0xff, 0xa0, 0x0, 0x0, 0x0,
    0x0, 0x0, 0x0, 0x0, 0x0, 0x0, 0xc, 0xff,
    0xff, 0xff, 0xfa, 0x0, 0x0, 0x0, 0x0, 0x0,
    0x0, 0x0, 0x0, 0x0, 0x0, 0xcf, 0xff, 0xff,
    0xff, 0xa0, 0x0, 0x0, 0x0, 0x0, 0x0, 0x0,
    0x0, 0x0, 0x0, 0xc, 0xff, 0xff, 0xff, 0xfe,
    0xcc, 0xcc, 0xcc, 0xcc, 0xcc, 0xcc, 0xcc, 0xcc,
    0xca, 0x0, 0xcf, 0xff, 0xff, 0xff, 0xff, 0xff,
    0xff, 0xff, 0xff, 0xff, 0xff, 0xff, 0xff, 0xd0,
    0xc, 0xff, 0xff, 0xff, 0xff, 0xff, 0xff, 0xff,
    0xff, 0xff, 0xff, 0xff, 0xff, 0xfd, 0x0, 0xcf,
    0xff, 0xff, 0xff, 0xff, 0xff, 0xff, 0xff, 0xff,
    0xff, 0xff, 0xff, 0xff, 0xd0, 0xc, 0xff, 0xff,
    0xff, 0xff, 0xff, 0xff, 0xff, 0xff, 0xff, 0xff,
    0xff, 0xff, 0xfd, 0x0, 0xcf, 0xff, 0xff, 0xff,
    0xff, 0xff, 0xff, 0xff, 0xff, 0xff, 0xff, 0xff,
    0xff, 0xd0, 0xc, 0xff, 0xff, 0xff, 0xff, 0xff,
    0xff, 0xff, 0xff, 0xff, 0xff, 0xff, 0xff, 0xfd,
    0x0, 0xcf, 0xff, 0xff, 0xff, 0xff, 0xff, 0xff,
    0xff, 0xff, 0xff, 0xff, 0xff, 0xff, 0xd0, 0xc,
    0xff, 0xff, 0xff, 0xfa, 0x0, 0x0, 0x0, 0x0,
    0x0, 0x0, 0x0, 0x0, 0x0, 0x0, 0xcf, 0xff,
    0xff, 0xff, 0xa0, 0x0, 0x0, 0x0, 0x0, 0x0,
    0x0, 0x0, 0x0, 0x0, 0xc, 0xff, 0xff, 0xff,
    0xfa, 0x0, 0x0, 0x0, 0x0, 0x0, 0x0, 0x0,
    0x0, 0x0, 0x0, 0xcf, 0xff, 0xff, 0xff, 0xa0,
    0x0, 0x0, 0x0, 0x0, 0x0, 0x0, 0x0, 0x0,
    0x0, 0xc, 0xff, 0xff, 0xff, 0xfa, 0x0, 0x0,
    0x0, 0x0, 0x0, 0x0, 0x0, 0x0, 0x0, 0x0,
    0xcf, 0xff, 0xff, 0xff, 0xa0, 0x0, 0x0, 0x0,
    0x0, 0x0, 0x0, 0x0, 0x0, 0x0, 0xc, 0xff,
    0xff, 0xff, 0xfa, 0x0, 0x0, 0x0, 0x0, 0x0,
    0x0, 0x0, 0x0, 0x0, 0x0, 0xcf, 0xff, 0xff,
    0xff, 0xa0, 0x0, 0x0, 0x0, 0x0, 0x0, 0x0,
    0x0, 0x0, 0x0, 0xc, 0xff, 0xff, 0xff, 0xfa,
    0x0, 0x0, 0x0, 0x0, 0x0, 0x0, 0x0, 0x0,
    0x0, 0x0, 0xcf, 0xff, 0xff, 0xff, 0xa0, 0x0,
    0x0, 0x0, 0x0, 0x0, 0x0, 0x0, 0x0, 0x0,
    0xc, 0xff, 0xff, 0xff, 0xfa, 0x0, 0x0, 0x0,
    0x0, 0x0, 0x0, 0x0, 0x0, 0x0, 0x0, 0xcf,
    0xff, 0xff, 0xff, 0xa0, 0x0, 0x0, 0x0, 0x0,
    0x0, 0x0, 0x0, 0x0, 0x0, 0xc, 0xff, 0xff,
    0xff, 0xfa, 0x0, 0x0, 0x0, 0x0, 0x0, 0x0,
    0x0, 0x0, 0x0, 0x0, 0xcf, 0xff, 0xff, 0xff,
    0xa0, 0x0, 0x0, 0x0, 0x0, 0x0, 0x0, 0x0,
    0x0, 0x0, 0xc, 0xff, 0xff, 0xff, 0xfa, 0x0,
    0x0, 0x0, 0x0, 0x0, 0x0, 0x0, 0x0, 0x0,
    0x0, 0xcf, 0xff, 0xff, 0xff, 0xa0, 0x0, 0x0,
    0x0, 0x0, 0x0, 0x0, 0x0, 0x0, 0x0, 0xc,
    0xff, 0xff, 0xff, 0xfa, 0x0, 0x0, 0x0, 0x0,
    0x0, 0x0, 0x0, 0x0, 0x0, 0x0, 0xcf, 0xff,
    0xff, 0xff, 0xa0, 0x0, 0x0, 0x0, 0x0, 0x0,
    0x0, 0x0, 0x0, 0x0, 0xc, 0xff, 0xff, 0xff,
    0xfa, 0x0, 0x0, 0x0, 0x0, 0x0, 0x0, 0x0,
    0x0, 0x0, 0x0,

    /* U+0047 "G" */
    0x0, 0x0, 0x0, 0x0, 0x0, 0x0, 0x58, 0xbd,
    0xef, 0xff, 0xec, 0xa7, 0x30, 0x0, 0x0, 0x0,
    0x0, 0x0, 0x0, 0x0, 0x0, 0x0, 0x4, 0xbf,
    0xff, 0xff, 0xff, 0xff, 0xff, 0xff, 0xfe, 0x71,
    0x0, 0x0, 0x0, 0x0, 0x0, 0x0, 0x0, 0x3,
    0xcf, 0xff, 0xff, 0xff, 0xff, 0xff, 0xff, 0xff,
    0xff, 0xff, 0x70, 0x0, 0x0, 0x0, 0x0, 0x0,
    0x0, 0x8f, 0xff, 0xff, 0xff, 0xff, 0xff, 0xff,
    0xff, 0xff, 0xff, 0xff, 0xfc, 0x10, 0x0, 0x0,
    0x0, 0x0, 0xa, 0xff, 0xff, 0xff, 0xff, 0xff,
    0xff, 0xff, 0xff, 0xff, 0xff, 0xff, 0xff, 0xe2,
    0x0, 0x0, 0x0, 0x0, 0xaf, 0xff, 0xff, 0xff,
    0xff, 0xff, 0xff, 0xff, 0xff, 0xff, 0xff, 0xff,
    0xff, 0xfd, 0x10, 0x0, 0x0, 0x7, 0xff, 0xff,
    0xff, 0xff, 0xff, 0xff, 0xff, 0xff, 0xff, 0xff,
    0xff, 0xff, 0xff, 0xff, 0xb0, 0x0, 0x0, 0x3f,
    0xff, 0xff, 0xff, 0xff, 0xff, 0xff, 0xcb, 0xab,
    0xdf, 0xff, 0xff, 0xff, 0xff, 0xff, 0xf5, 0x0,
    0x0, 0xbf, 0xff, 0xff, 0xff, 0xff, 0xfb, 0x40,
    0x0, 0x0, 0x1, 0x6e, 0xff, 0xff, 0xff, 0xff,
    0xfd, 0x0, 0x3, 0xff, 0xff, 0xff, 0xff, 0xff,
    0x50, 0x0, 0x0, 0x0, 0x0, 0x1, 0xbf, 0xff,
    0xff, 0xff, 0xff, 0x40, 0x9, 0xff, 0xff, 0xff,
    0xff, 0xf3, 0x0, 0x0, 0x0, 0x0, 0x0, 0x0,
    0xb, 0xff, 0xff, 0xff, 0xff, 0xa0, 0xe, 0xff,
    0xff, 0xff, 0xff, 0x60, 0x0, 0x0, 0x0, 0x0,
    0x0, 0x0, 0x1, 0xef, 0xff, 0xff, 0xff, 0xe0,
    0x3f, 0xff, 0xff, 0xff, 0xfd, 0x0, 0x0, 0x0,
    0x0, 0x0, 0x0, 0x0, 0x0, 0x8f, 0xff, 0xff,
    0xff, 0xf2, 0x6f, 0xff, 0xff, 0xff, 0xf6, 0x0,
    0x0, 0x0, 0x0, 0x0, 0x0, 0x0, 0x0, 0x2f,
    0xff, 0xff, 0xff, 0xf4, 0x8f, 0xff, 0xff, 0xff,
    0xf1, 0x0, 0x0, 0x0, 0x0, 0x0, 0x0, 0x0,
    0x0, 0xf, 0xff, 0xff, 0xff, 0xf6, 0xaf, 0xff,
    0xff, 0xff, 0xd0, 0x0, 0x0, 0x0, 0x0, 0x0,
    0x0, 0x0, 0x0, 0xd, 0xff, 0xff, 0xff, 0xf7,
    0xbf, 0xff, 0xff, 0xff, 0xb0, 0x0, 0x0, 0x0,
    0x0, 0x0, 0x0, 0x0, 0x0, 0x6, 0x88, 0x88,
    0x88, 0x84, 0xcf, 0xff, 0xff, 0xff, 0xa0, 0x0,
    0x0, 0x0, 0x0, 0x0, 0x0, 0x0, 0x0, 0x0,
    0x0, 0x0, 0x0, 0x0, 0xcf, 0xff, 0xff, 0xff,
    0xa0, 0x0, 0x0, 0x0, 0x0, 0x0, 0x0, 0x0,
    0x0, 0x0, 0x0, 0x0, 0x0, 0x0, 0xcf, 0xff,
    0xff, 0xff, 0xa0, 0x0, 0x0, 0x0, 0x0, 0x0,
    0x0, 0x0, 0x0, 0x0, 0x0, 0x0, 0x0, 0x0,
    0xcf, 0xff, 0xff, 0xff, 0xa0, 0x0, 0x0, 0x0,
    0x0, 0x0, 0x0, 0x0, 0x0, 0x0, 0x0, 0x0,
    0x0, 0x0, 0xcf, 0xff, 0xff, 0xff, 0xa0, 0x0,
    0x0, 0x0, 0x0, 0x0, 0x0, 0x0, 0x0, 0x0,
    0x0, 0x0, 0x0, 0x0, 0xcf, 0xff, 0xff, 0xff,
    0xa0, 0x0, 0x0, 0x0, 0x0, 0x0, 0x0, 0x0,
    0x0, 0x0, 0x0, 0x0, 0x0, 0x0, 0xcf, 0xff,
    0xff, 0xff, 0xa0, 0x0, 0x0, 0x0, 0x6f, 0xff,
    0xff, 0xff, 0xff, 0xff, 0xff, 0xff, 0xff, 0xf8,
    0xcf, 0xff, 0xff, 0xff, 0xa0, 0x0, 0x0, 0x0,
    0x6f, 0xff, 0xff, 0xff, 0xff, 0xff, 0xff, 0xff,
    0xff, 0xf8, 0xcf, 0xff, 0xff, 0xff, 0xa0, 0x0,
    0x0, 0x0, 0x6f, 0xff, 0xff, 0xff, 0xff, 0xff,
    0xff, 0xff, 0xff, 0xf8, 0xcf, 0xff, 0xff, 0xff,
    0xa0, 0x0, 0x0, 0x0, 0x6f, 0xff, 0xff, 0xff,
    0xff, 0xff, 0xff, 0xff, 0xff, 0xf8, 0xcf, 0xff,
    0xff, 0xff, 0xa0, 0x0, 0x0, 0x0, 0x6f, 0xff,
    0xff, 0xff, 0xff, 0xff, 0xff, 0xff, 0xff, 0xf8,
    0xcf, 0xff, 0xff, 0xff, 0xa0, 0x0, 0x0, 0x0,
    0x6f, 0xff, 0xff, 0xff, 0xff, 0xff, 0xff, 0xff,
    0xff, 0xf8, 0xcf, 0xff, 0xff, 0xff, 0xa0, 0x0,
    0x0, 0x0, 0x6f, 0xff, 0xff, 0xff, 0xff, 0xff,
    0xff, 0xff, 0xff, 0xf8, 0xbf, 0xff, 0xff, 0xff,
    0xb0, 0x0, 0x0, 0x0, 0x14, 0x44, 0x44, 0x44,
    0x44, 0x4d, 0xff, 0xff, 0xff, 0xf8, 0xaf, 0xff,
    0xff, 0xff, 0xd0, 0x0, 0x0, 0x0, 0x0, 0x0,
    0x0, 0x0, 0x0, 0xd, 0xff, 0xff, 0xff, 0xf8,
    0x8f, 0xff, 0xff, 0xff, 0xf1, 0x0, 0x0, 0x0,
    0x0, 0x0, 0x0, 0x0, 0x0, 0xe, 0xff, 0xff,
    0xff, 0xf8, 0x6f, 0xff, 0xff, 0xff, 0xf6, 0x0,
    0x0, 0x0, 0x0, 0x0, 0x0, 0x0, 0x0, 0x2f,
    0xff, 0xff, 0xff, 0xf8, 0x2f, 0xff, 0xff, 0xff,
    0xfd, 0x0, 0x0, 0x0, 0x0, 0x0, 0x0, 0x0,
    0x0, 0x6f, 0xff, 0xff, 0xff, 0xf8, 0xe, 0xff,
    0xff, 0xff, 0xff, 0x60, 0x0, 0x0, 0x0, 0x0,
    0x0, 0x0, 0x0, 0xdf, 0xff, 0xff, 0xff, 0xf8,
    0x9, 0xff, 0xff, 0xff, 0xff, 0xf2, 0x0, 0x0,
    0x0, 0x0, 0x0, 0x0, 0x8, 0xff, 0xff, 0xff,
    0xff, 0xf8, 0x2, 0xff, 0xff, 0xff, 0xff, 0xfe,
    0x30, 0x0, 0x0, 0x0, 0x0, 0x0, 0x6f, 0xff,
    0xff, 0xff, 0xff, 0xf8, 0x0, 0xbf, 0xff, 0xff,
    0xff, 0xff, 0xfa, 0x20, 0x0, 0x0, 0x0, 0x3a,
    0xff, 0xff, 0xff, 0xff, 0xff, 0xf8, 0x0, 0x2f,
    0xff, 0xff, 0xff, 0xff, 0xff, 0xfd, 0xa9, 0x89,
    0xae, 0xff, 0xff, 0xff, 0xff, 0xff, 0xff, 0xf8,
    0x0, 0x7, 0xff, 0xff, 0xff, 0xff, 0xff, 0xff,
    0xff, 0xff, 0xff, 0xff, 0xff, 0xff, 0xff, 0xff,
    0xff, 0xf8, 0x0, 0x0, 0xbf, 0xff, 0xff, 0xff,
    0xff, 0xff, 0xff, 0xff, 0xff, 0xff, 0xff, 0xed,
    0xff, 0xff, 0xff, 0xf8, 0x0, 0x0, 0xc, 0xff,
    0xff, 0xff, 0xff, 0xff, 0xff, 0xff, 0xff, 0xff,
    0xff, 0x34, 0xff, 0xff, 0xff, 0xf8, 0x0, 0x0,
    0x0, 0xaf, 0xff, 0xff, 0xff, 0xff, 0xff, 0xff,
    0xff, 0xff, 0xf8, 0x4, 0xff, 0xff, 0xff, 0xf8,
    0x0, 0x0, 0x0, 0x5, 0xef, 0xff, 0xff, 0xff,
    0xff, 0xff, 0xff, 0xff, 0xa0, 0x4, 0xff, 0xff,
    0xff, 0xf8, 0x0, 0x0, 0x0, 0x0, 0x7, 0xef,
    0xff, 0xff, 0xff, 0xff, 0xff, 0xe6, 0x0, 0x4,
    0xff, 0xff, 0xff, 0xf8, 0x0, 0x0, 0x0, 0x0,
    0x0, 0x3, 0x8b, 0xde, 0xff, 0xed, 0xa6, 0x0,
    0x0, 0x0, 0x11, 0x11, 0x11, 0x10,

    /* U+0048 "H" */
    0x34, 0x44, 0x44, 0x44, 0x30, 0x0, 0x0, 0x0,
    0x0, 0x0, 0x0, 0x0, 0x3, 0x44, 0x44, 0x44,
    0x43, 0xcf, 0xff, 0xff, 0xff, 0xa0, 0x0, 0x0,
    0x0, 0x0, 0x0, 0x0, 0x0, 0xb, 0xff, 0xff,
    0xff, 0xfc, 0xcf, 0xff, 0xff, 0xff, 0xa0, 0x0,
    0x0, 0x0, 0x0, 0x0, 0x0, 0x0, 0xb, 0xff,
    0xff, 0xff, 0xfc, 0xcf, 0xff, 0xff, 0xff, 0xa0,
    0x0, 0x0, 0x0, 0x0, 0x0, 0x0, 0x0, 0xb,
    0xff, 0xff, 0xff, 0xfc, 0xcf, 0xff, 0xff, 0xff,
    0xa0, 0x0, 0x0, 0x0, 0x0, 0x0, 0x0, 0x0,
    0xb, 0xff, 0xff, 0xff, 0xfc, 0xcf, 0xff, 0xff,
    0xff, 0xa0, 0x0, 0x0, 0x0, 0x0, 0x0, 0x0,
    0x0, 0xb, 0xff, 0xff, 0xff, 0xfc, 0xcf, 0xff,
    0xff, 0xff, 0xa0, 0x0, 0x0, 0x0, 0x0, 0x0,
    0x0, 0x0, 0xb, 0xff, 0xff, 0xff, 0xfc, 0xcf,
    0xff, 0xff, 0xff, 0xa0, 0x0, 0x0, 0x0, 0x0,
    0x0, 0x0, 0x0, 0xb, 0xff, 0xff, 0xff, 0xfc,
    0xcf, 0xff, 0xff, 0xff, 0xa0, 0x0, 0x0, 0x0,
    0x0, 0x0, 0x0, 0x0, 0xb, 0xff, 0xff, 0xff,
    0xfc, 0xcf, 0xff, 0xff, 0xff, 0xa0, 0x0, 0x0,
    0x0, 0x0, 0x0, 0x0, 0x0, 0xb, 0xff, 0xff,
    0xff, 0xfc, 0xcf, 0xff, 0xff, 0xff, 0xa0, 0x0,
    0x0, 0x0, 0x0, 0x0, 0x0, 0x0, 0xb, 0xff,
    0xff, 0xff, 0xfc, 0xcf, 0xff, 0xff, 0xff, 0xa0,
    0x0, 0x0, 0x0, 0x0, 0x0, 0x0, 0x0, 0xb,
    0xff, 0xff, 0xff, 0xfc, 0xcf, 0xff, 0xff, 0xff,
    0xa0, 0x0, 0x0, 0x0, 0x0, 0x0, 0x0, 0x0,
    0xb, 0xff, 0xff, 0xff, 0xfc, 0xcf, 0xff, 0xff,
    0xff, 0xa0, 0x0, 0x0, 0x0, 0x0, 0x0, 0x0,
    0x0, 0xb, 0xff, 0xff, 0xff, 0xfc, 0xcf, 0xff,
    0xff, 0xff, 0xa0, 0x0, 0x0, 0x0, 0x0, 0x0,
    0x0, 0x0, 0xb, 0xff, 0xff, 0xff, 0xfc, 0xcf,
    0xff, 0xff, 0xff, 0xa0, 0x0, 0x0, 0x0, 0x0,
    0x0, 0x0, 0x0, 0xb, 0xff, 0xff, 0xff, 0xfc,
    0xcf, 0xff, 0xff, 0xff, 0xa0, 0x0, 0x0, 0x0,
    0x0, 0x0, 0x0, 0x0, 0xb, 0xff, 0xff, 0xff,
    0xfc, 0xcf, 0xff, 0xff, 0xff, 0xa0, 0x0, 0x0,
    0x0, 0x0, 0x0, 0x0, 0x0, 0xb, 0xff, 0xff,
    0xff, 0xfc, 0xcf, 0xff, 0xff, 0xff, 0xa0, 0x0,
    0x0, 0x0, 0x0, 0x0, 0x0, 0x0, 0xb, 0xff,
    0xff, 0xff, 0xfc, 0xcf, 0xff, 0xff, 0xff, 0xec,
    0xcc, 0xcc, 0xcc, 0xcc, 0xcc, 0xcc, 0xcc, 0xce,
    0xff, 0xff, 0xff, 0xfc, 0xcf, 0xff, 0xff, 0xff,
    0xff, 0xff, 0xff, 0xff, 0xff, 0xff, 0xff, 0xff,
    0xff, 0xff, 0xff, 0xff, 0xfc, 0xcf, 0xff, 0xff,
    0xff, 0xff, 0xff, 0xff, 0xff, 0xff, 0xff, 0xff,
    0xff, 0xff, 0xff, 0xff, 0xff, 0xfc, 0xcf, 0xff,
    0xff, 0xff, 0xff, 0xff, 0xff, 0xff, 0xff, 0xff,
    0xff, 0xff, 0xff, 0xff, 0xff, 0xff, 0xfc, 0xcf,
    0xff, 0xff, 0xff, 0xff, 0xff, 0xff, 0xff, 0xff,
    0xff, 0xff, 0xff, 0xff, 0xff, 0xff, 0xff, 0xfc,
    0xcf, 0xff, 0xff, 0xff, 0xff, 0xff, 0xff, 0xff,
    0xff, 0xff, 0xff, 0xff, 0xff, 0xff, 0xff, 0xff,
    0xfc, 0xcf, 0xff, 0xff, 0xff, 0xff, 0xff, 0xff,
    0xff, 0xff, 0xff, 0xff, 0xff, 0xff, 0xff, 0xff,
    0xff, 0xfc, 0xcf, 0xff, 0xff, 0xff, 0xff, 0xff,
    0xff, 0xff, 0xff, 0xff, 0xff, 0xff, 0xff, 0xff,
    0xff, 0xff, 0xfc, 0xcf, 0xff, 0xff, 0xff, 0xa0,
    0x0, 0x0, 0x0, 0x0, 0x0, 0x0, 0x0, 0xb,
    0xff, 0xff, 0xff, 0xfc, 0xcf, 0xff, 0xff, 0xff,
    0xa0, 0x0, 0x0, 0x0, 0x0, 0x0, 0x0, 0x0,
    0xb, 0xff, 0xff, 0xff, 0xfc, 0xcf, 0xff, 0xff,
    0xff, 0xa0, 0x0, 0x0, 0x0, 0x0, 0x0, 0x0,
    0x0, 0xb, 0xff, 0xff, 0xff, 0xfc, 0xcf, 0xff,
    0xff, 0xff, 0xa0, 0x0, 0x0, 0x0, 0x0, 0x0,
    0x0, 0x0, 0xb, 0xff, 0xff, 0xff, 0xfc, 0xcf,
    0xff, 0xff, 0xff, 0xa0, 0x0, 0x0, 0x0, 0x0,
    0x0, 0x0, 0x0, 0xb, 0xff, 0xff, 0xff, 0xfc,
    0xcf, 0xff, 0xff, 0xff, 0xa0, 0x0, 0x0, 0x0,
    0x0, 0x0, 0x0, 0x0, 0xb, 0xff, 0xff, 0xff,
    0xfc, 0xcf, 0xff, 0xff, 0xff, 0xa0, 0x0, 0x0,
    0x0, 0x0, 0x0, 0x0, 0x0, 0xb, 0xff, 0xff,
    0xff, 0xfc, 0xcf, 0xff, 0xff, 0xff, 0xa0, 0x0,
    0x0, 0x0, 0x0, 0x0, 0x0, 0x0, 0xb, 0xff,
    0xff, 0xff, 0xfc, 0xcf, 0xff, 0xff, 0xff, 0xa0,
    0x0, 0x0, 0x0, 0x0, 0x0, 0x0, 0x0, 0xb,
    0xff, 0xff, 0xff, 0xfc, 0xcf, 0xff, 0xff, 0xff,
    0xa0, 0x0, 0x0, 0x0, 0x0, 0x0, 0x0, 0x0,
    0xb, 0xff, 0xff, 0xff, 0xfc, 0xcf, 0xff, 0xff,
    0xff, 0xa0, 0x0, 0x0, 0x0, 0x0, 0x0, 0x0,
    0x0, 0xb, 0xff, 0xff, 0xff, 0xfc, 0xcf, 0xff,
    0xff, 0xff, 0xa0, 0x0, 0x0, 0x0, 0x0, 0x0,
    0x0, 0x0, 0xb, 0xff, 0xff, 0xff, 0xfc, 0xcf,
    0xff, 0xff, 0xff, 0xa0, 0x0, 0x0, 0x0, 0x0,
    0x0, 0x0, 0x0, 0xb, 0xff, 0xff, 0xff, 0xfc,
    0xcf, 0xff, 0xff, 0xff, 0xa0, 0x0, 0x0, 0x0,
    0x0, 0x0, 0x0, 0x0, 0xb, 0xff, 0xff, 0xff,
    0xfc, 0xcf, 0xff, 0xff, 0xff, 0xa0, 0x0, 0x0,
    0x0, 0x0, 0x0, 0x0, 0x0, 0xb, 0xff, 0xff,
    0xff, 0xfc, 0xcf, 0xff, 0xff, 0xff, 0xa0, 0x0,
    0x0, 0x0, 0x0, 0x0, 0x0, 0x0, 0xb, 0xff,
    0xff, 0xff, 0xfc, 0xcf, 0xff, 0xff, 0xff, 0xa0,
    0x0, 0x0, 0x0, 0x0, 0x0, 0x0, 0x0, 0xb,
    0xff, 0xff, 0xff, 0xfc, 0xcf, 0xff, 0xff, 0xff,
    0xa0, 0x0, 0x0, 0x0, 0x0, 0x0, 0x0, 0x0,
    0xb, 0xff, 0xff, 0xff, 0xfc, 0xcf, 0xff, 0xff,
    0xff, 0xa0, 0x0, 0x0, 0x0, 0x0, 0x0, 0x0,
    0x0, 0xb, 0xff, 0xff, 0xff, 0xfc,

    /* U+0049 "I" */
    0x34, 0x44, 0x44, 0x44, 0x3c, 0xff, 0xff, 0xff,
    0xfa, 0xcf, 0xff, 0xff, 0xff, 0xac, 0xff, 0xff,
    0xff, 0xfa, 0xcf, 0xff, 0xff, 0xff, 0xac, 0xff,
    0xff, 0xff, 0xfa, 0xcf, 0xff, 0xff, 0xff, 0xac,
    0xff, 0xff, 0xff, 0xfa, 0xcf, 0xff, 0xff, 0xff,
    0xac, 0xff, 0xff, 0xff, 0xfa, 0xcf, 0xff, 0xff,
    0xff, 0xac, 0xff, 0xff, 0xff, 0xfa, 0xcf, 0xff,
    0xff, 0xff, 0xac, 0xff, 0xff, 0xff, 0xfa, 0xcf,
    0xff, 0xff, 0xff, 0xac, 0xff, 0xff, 0xff, 0xfa,
    0xcf, 0xff, 0xff, 0xff, 0xac, 0xff, 0xff, 0xff,
    0xfa, 0xcf, 0xff, 0xff, 0xff, 0xac, 0xff, 0xff,
    0xff, 0xfa, 0xcf, 0xff, 0xff, 0xff, 0xac, 0xff,
    0xff, 0xff, 0xfa, 0xcf, 0xff, 0xff, 0xff, 0xac,
    0xff, 0xff, 0xff, 0xfa, 0xcf, 0xff, 0xff, 0xff,
    0xac, 0xff, 0xff, 0xff, 0xfa, 0xcf, 0xff, 0xff,
    0xff, 0xac, 0xff, 0xff, 0xff, 0xfa, 0xcf, 0xff,
    0xff, 0xff, 0xac, 0xff, 0xff, 0xff, 0xfa, 0xcf,
    0xff, 0xff, 0xff, 0xac, 0xff, 0xff, 0xff, 0xfa,
    0xcf, 0xff, 0xff, 0xff, 0xac, 0xff, 0xff, 0xff,
    0xfa, 0xcf, 0xff, 0xff, 0xff, 0xac, 0xff, 0xff,
    0xff, 0xfa, 0xcf, 0xff, 0xff, 0xff, 0xac, 0xff,
    0xff, 0xff, 0xfa, 0xcf, 0xff, 0xff, 0xff, 0xac,
    0xff, 0xff, 0xff, 0xfa, 0xcf, 0xff, 0xff, 0xff,
    0xac, 0xff, 0xff, 0xff, 0xfa, 0xcf, 0xff, 0xff,
    0xff, 0xac, 0xff, 0xff, 0xff, 0xfa, 0xcf, 0xff,
    0xff, 0xff, 0xac, 0xff, 0xff, 0xff, 0xfa,

    /* U+004A "J" */
    0x0, 0x0, 0x0, 0x0, 0x0, 0x0, 0xe, 0xff,
    0xff, 0xff, 0xff, 0xff, 0xff, 0xff, 0xff, 0xff,
    0xff, 0x50, 0x0, 0x0, 0x0, 0x0, 0x0, 0x0,
    0xef, 0xff, 0xff, 0xff, 0xff, 0xff, 0xff, 0xff,
    0xff, 0xff, 0xf5, 0x0, 0x0, 0x0, 0x0, 0x0,
    0x0, 0xe, 0xff, 0xff, 0xff, 0xff, 0xff, 0xff,
    0xff, 0xff, 0xff, 0xff, 0x50, 0x0, 0x0, 0x0,
    0x0, 0x0, 0x0, 0xef, 0xff, 0xff, 0xff, 0xff,
    0xff, 0xff, 0xff, 0xff, 0xff, 0xf5, 0x0, 0x0,
    0x0, 0x0, 0x0, 0x0, 0xe, 0xff, 0xff, 0xff,
    0xff, 0xff, 0xff, 0xff, 0xff, 0xff, 0xff, 0x50,
    0x0, 0x0, 0x0, 0x0, 0x0, 0x0, 0xef, 0xff,
    0xff, 0xff, 0xff, 0xff, 0xff, 0xff, 0xff, 0xff,
    0xf5, 0x0, 0x0, 0x0, 0x0, 0x0, 0x0, 0xe,
    0xff, 0xff, 0xff, 0xff, 0xff, 0xff, 0xff, 0xff,
    0xff, 0xff, 0x50, 0x0, 0x0, 0x0, 0x0, 0x0,
    0x0, 0xac, 0xcc, 0xcc, 0xcd, 0xff, 0xff, 0xff,
    0xff, 0xdc, 0xcc, 0xc4, 0x0, 0x0, 0x0, 0x0,
    0x0, 0x0, 0x0, 0x0, 0x0, 0x0, 0x3f, 0xff,
    0xff, 0xff, 0xf3, 0x0, 0x0, 0x0, 0x0, 0x0,
    0x0, 0x0, 0x0, 0x0, 0x0, 0x0, 0x0, 0x3,
    0xff, 0xff, 0xff, 0xff, 0x30, 0x0, 0x0, 0x0,
    0x0, 0x0, 0x0, 0x0, 0x0, 0x0, 0x0, 0x0,
    0x0, 0x3f, 0xff, 0xff, 0xff, 0xf3, 0x0, 0x0,
    0x0, 0x0, 0x0, 0x0, 0x0, 0x0, 0x0, 0x0,
    0x0, 0x0, 0x3, 0xff, 0xff, 0xff, 0xff, 0x30,
    0x0, 0x0, 0x0, 0x0, 0x0, 0x0, 0x0, 0x0,
    0x0, 0x0, 0x0, 0x0, 0x3f, 0xff, 0xff, 0xff,
    0xf3, 0x0, 0x0, 0x0, 0x0, 0x0, 0x0, 0x0,
    0x0, 0x0, 0x0, 0x0, 0x0, 0x3, 0xff, 0xff,
    0xff, 0xff, 0x30, 0x0, 0x0, 0x0, 0x0, 0x0,
    0x0, 0x0, 0x0, 0x0, 0x0, 0x0, 0x0, 0x3f,
    0xff, 0xff, 0xff, 0xf3, 0x0, 0x0, 0x0, 0x0,
    0x0, 0x0, 0x0, 0x0, 0x0, 0x0, 0x0, 0x0,
    0x3, 0xff, 0xff, 0xff, 0xff, 0x30, 0x0, 0x0,
    0x0, 0x0, 0x0, 0x0, 0x0, 0x0, 0x0, 0x0,
    0x0, 0x0, 0x3f, 0xff, 0xff, 0xff, 0xf3, 0x0,
    0x0, 0x0, 0x0, 0x0, 0x0, 0x0, 0x0, 0x0,
    0x0, 0x0, 0x0, 0x3, 0xff, 0xff, 0xff, 0xff,
    0x30, 0x0, 0x0, 0x0, 0x0, 0x0, 0x0, 0x0,
    0x0, 0x0, 0x0, 0x0, 0x0, 0x3f, 0xff, 0xff,
    0xff, 0xf3, 0x0, 0x0, 0x0, 0x0, 0x0, 0x0,
    0x0, 0x0, 0x0, 0x0, 0x0, 0x0, 0x3, 0xff,
    0xff, 0xff, 0xff, 0x30, 0x0, 0x0, 0x0, 0x0,
    0x0, 0x0, 0x0, 0x0, 0x0, 0x0, 0x0, 0x0,
    0x3f, 0xff, 0xff, 0xff, 0xf3, 0x0, 0x0, 0x0,
    0x0, 0x0, 0x0, 0x0, 0x0, 0x0, 0x0, 0x0,
    0x0, 0x3, 0xff, 0xff, 0xff, 0xff, 0x30, 0x0,
    0x0, 0x0, 0x0, 0x0, 0x0, 0x0, 0x0, 0x0,
    0x0, 0x0, 0x0, 0x3f, 0xff, 0xff, 0xff, 0xf3,
    0x0, 0x0, 0x0, 0x0, 0x0, 0x0, 0x0, 0x0,
    0x0, 0x0, 0x0, 0x0, 0x3, 0xff, 0xff, 0xff,
    0xff, 0x30, 0x0, 0x0, 0x0, 0x0, 0x0, 0x0,
    0x0, 0x0, 0x0, 0x0, 0x0, 0x0, 0x3f, 0xff,
    0xff, 0xff, 0xf3, 0x0, 0x0, 0x0, 0x0, 0x0,
    0x0, 0x0, 0x0, 0x0, 0x0, 0x0, 0x0, 0x3,
    0xff, 0xff, 0xff, 0xff, 0x30, 0x0, 0x0, 0x0,
    0x0, 0x0, 0x0, 0x0, 0x0, 0x0, 0x0, 0x0,
    0x0, 0x3f, 0xff, 0xff, 0xff, 0xf3, 0x0, 0x0,
    0xa, 0xbb, 0xbb, 0xbb, 0xb5, 0x0, 0x0, 0x0,
    0x0, 0x0, 0x3, 0xff, 0xff, 0xff, 0xff, 0x30,
    0x0, 0x0, 0xff, 0xff, 0xff, 0xff, 0x80, 0x0,
    0x0, 0x0, 0x0, 0x0, 0x3f, 0xff, 0xff, 0xff,
    0xf3, 0x0, 0x0, 0xf, 0xff, 0xff, 0xff, 0xf8,
    0x0, 0x0, 0x0, 0x0, 0x0, 0x3, 0xff, 0xff,
    0xff, 0xff, 0x30, 0x0, 0x0, 0xff, 0xff, 0xff,
    0xff, 0x80, 0x0, 0x0, 0x0, 0x0, 0x0, 0x3f,
    0xff, 0xff, 0xff, 0xf3, 0x0, 0x0, 0xf, 0xff,
    0xff, 0xff, 0xf8, 0x0, 0x0, 0x0, 0x0, 0x0,
    0x3, 0xff, 0xff, 0xff, 0xff, 0x30, 0x0, 0x0,
    0xef, 0xff, 0xff, 0xff, 0x90, 0x0, 0x0, 0x0,
    0x0, 0x0, 0x4f, 0xff, 0xff, 0xff, 0xf2, 0x0,
    0x0, 0xd, 0xff, 0xff, 0xff, 0xfb, 0x0, 0x0,
    0x0, 0x0, 0x0, 0x7, 0xff, 0xff, 0xff, 0xff,
    0x10, 0x0, 0x0, 0xbf, 0xff, 0xff, 0xff, 0xf1,
    0x0, 0x0, 0x0, 0x0, 0x0, 0xbf, 0xff, 0xff,
    0xff, 0xf0, 0x0, 0x0, 0x8, 0xff, 0xff, 0xff,
    0xff, 0x90, 0x0, 0x0, 0x0, 0x0, 0x3f, 0xff,
    0xff, 0xff, 0xfd, 0x0, 0x0, 0x0, 0x4f, 0xff,
    0xff, 0xff, 0xff, 0x70, 0x0, 0x0, 0x0, 0x2e,
    0xff, 0xff, 0xff, 0xff, 0x90, 0x0, 0x0, 0x0,
    0xff, 0xff, 0xff, 0xff, 0xff, 0xc5, 0x20, 0x13,
    0x8f, 0xff, 0xff, 0xff, 0xff, 0xf5, 0x0, 0x0,
    0x0, 0x8, 0xff, 0xff, 0xff, 0xff, 0xff, 0xff,
    0xff, 0xff, 0xff, 0xff, 0xff, 0xff, 0xfe, 0x0,
    0x0, 0x0, 0x0, 0x1f, 0xff, 0xff, 0xff, 0xff,
    0xff, 0xff, 0xff, 0xff, 0xff, 0xff, 0xff, 0xff,
    0x70, 0x0, 0x0, 0x0, 0x0, 0x5f, 0xff, 0xff,
    0xff, 0xff, 0xff, 0xff, 0xff, 0xff, 0xff, 0xff,
    0xff, 0xd0, 0x0, 0x0, 0x0, 0x0, 0x0, 0x8f,
    0xff, 0xff, 0xff, 0xff, 0xff, 0xff, 0xff, 0xff,
    0xff, 0xff, 0xf2, 0x0, 0x0, 0x0, 0x0, 0x0,
    0x0, 0x7f, 0xff, 0xff, 0xff, 0xff, 0xff, 0xff,
    0xff, 0xff, 0xff, 0xe4, 0x0, 0x0, 0x0, 0x0,
    0x0, 0x0, 0x0, 0x4e, 0xff, 0xff, 0xff, 0xff,
    0xff, 0xff, 0xff, 0xff, 0xc2, 0x0, 0x0, 0x0,
    0x0, 0x0, 0x0, 0x0, 0x0, 0x6, 0xdf, 0xff,
    0xff, 0xff, 0xff, 0xff, 0xfd, 0x50, 0x0, 0x0,
    0x0, 0x0, 0x0, 0x0, 0x0, 0x0, 0x0, 0x0,
    0x37, 0xbd, 0xef, 0xfe, 0xdb, 0x73, 0x0, 0x0,
    0x0, 0x0, 0x0, 0x0, 0x0,

    /* U+004B "K" */
    0x34, 0x44, 0x44, 0x44, 0x30, 0x0, 0x0, 0x0,
    0x0, 0x0, 0x0, 0x0, 0x34, 0x44, 0x44, 0x44,
    0x44, 0x40, 0xcf, 0xff, 0xff, 0xff, 0xa0, 0x0,
    0x0, 0x0, 0x0, 0x0, 0x0, 0x4, 0xff, 0xff,
    0xff, 0xff, 0xff, 0x80, 0xcf, 0xff, 0xff, 0xff,
    0xa0, 0x0, 0x0, 0x0, 0x0, 0x0, 0x0, 0x2e,
    0xff, 0xff, 0xff, 0xff, 0xfa, 0x0, 0xcf, 0xff,
    0xff, 0xff, 0xa0, 0x0, 0x0, 0x0, 0x0, 0x0,
    0x0, 0xdf, 0xff, 0xff, 0xff, 0xff, 0xd0, 0x0,
    0xcf, 0xff, 0xff, 0xff, 0xa0, 0x0, 0x0, 0x0,
    0x0, 0x0, 0xa, 0xff, 0xff, 0xff, 0xff, 0xfe,
    0x10, 0x0, 0xcf, 0xff, 0xff, 0xff, 0xa0, 0x0,
    0x0, 0x0, 0x0, 0x0, 0x7f, 0xff, 0xff, 0xff,
    0xff, 0xf3, 0x0, 0x0, 0xcf, 0xff, 0xff, 0xff,
    0xa0, 0x0, 0x0, 0x0, 0x0, 0x4, 0xff, 0xff,
    0xff, 0xff, 0xff, 0x60, 0x0, 0x0, 0xcf, 0xff,
    0xff, 0xff, 0xa0, 0x0, 0x0, 0x0, 0x0, 0x1e,
    0xff, 0xff, 0xff, 0xff, 0xf8, 0x0, 0x0, 0x0,
    0xcf, 0xff, 0xff, 0xff, 0xa0, 0x0, 0x0, 0x0,
    0x0, 0xcf, 0xff, 0xff, 0xff, 0xff, 0xb0, 0x0,
    0x0, 0x0, 0xcf, 0xff, 0xff, 0xff, 0xa0, 0x0,
    0x0, 0x0, 0xa, 0xff, 0xff, 0xff, 0xff, 0xfd,
    0x10, 0x0, 0x0, 0x0, 0xcf, 0xff, 0xff, 0xff,
    0xa0, 0x0, 0x0, 0x0, 0x6f, 0xff, 0xff, 0xff,
    0xff, 0xe2, 0x0, 0x0, 0x0, 0x0, 0xcf, 0xff,
    0xff, 0xff, 0xa0, 0x0, 0x0, 0x3, 0xff, 0xff,
    0xff, 0xff, 0xff, 0x40, 0x0, 0x0, 0x0, 0x0,
    0xcf, 0xff, 0xff, 0xff, 0xa0, 0x0, 0x0, 0x1e,
    0xff, 0xff, 0xff, 0xff, 0xf6, 0x0, 0x0, 0x0,
    0x0, 0x0, 0xcf, 0xff, 0xff, 0xff, 0xa0, 0x0,
    0x0, 0xcf, 0xff, 0xff, 0xff, 0xff, 0x90, 0x0,
    0x0, 0x0, 0x0, 0x0, 0xcf, 0xff, 0xff, 0xff,
    0xa0, 0x0, 0x9, 0xff, 0xff, 0xff, 0xff, 0xfc,
    0x0, 0x0, 0x0, 0x0, 0x0, 0x0, 0xcf, 0xff,
    0xff, 0xff, 0xa0, 0x0, 0x6f, 0xff, 0xff, 0xff,
    0xff, 0xe1, 0x0, 0x0, 0x0, 0x0, 0x0, 0x0,
    0xcf, 0xff, 0xff, 0xff, 0xa0, 0x3, 0xff, 0xff,
    0xff, 0xff, 0xff, 0x20, 0x0, 0x0, 0x0, 0x0,
    0x0, 0x0, 0xcf, 0xff, 0xff, 0xff, 0xa0, 0x1e,
    0xff, 0xff, 0xff, 0xff, 0xf5, 0x0, 0x0, 0x0,
    0x0, 0x0, 0x0, 0x0, 0xcf, 0xff, 0xff, 0xff,
    0xa0, 0xcf, 0xff, 0xff, 0xff, 0xff, 0x70, 0x0,
    0x0, 0x0, 0x0, 0x0, 0x0, 0x0, 0xcf, 0xff,
    0xff, 0xff, 0xff, 0xff, 0xff, 0xff, 0xff, 0xfa,
    0x0, 0x0, 0x0, 0x0, 0x0, 0x0, 0x0, 0x0,
    0xcf, 0xff, 0xff, 0xff, 0xff, 0xff, 0xff, 0xff,
    0xff, 0xc0, 0x0, 0x0, 0x0, 0x0, 0x0, 0x0,
    0x0, 0x0, 0xcf, 0xff, 0xff, 0xff, 0xff, 0xff,
    0xff, 0xff, 0xfe, 0x10, 0x0, 0x0, 0x0, 0x0,
    0x0, 0x0, 0x0, 0x0, 0xcf, 0xff, 0xff, 0xff,
    0xff, 0xff, 0xff, 0xff, 0xf3, 0x0, 0x0, 0x0,
    0x0, 0x0, 0x0, 0x0, 0x0, 0x0, 0xcf, 0xff,
    0xff, 0xff, 0xff, 0xff, 0xff, 0xff, 0xb0, 0x0,
    0x0, 0x0, 0x0, 0x0, 0x0, 0x0, 0x0, 0x0,
    0xcf, 0xff, 0xff, 0xff, 0xff, 0xff, 0xff, 0xff,
    0xf7, 0x0, 0x0, 0x0, 0x0, 0x0, 0x0, 0x0,
    0x0, 0x0, 0xcf, 0xff, 0xff, 0xff, 0xff, 0xff,
    0xff, 0xff, 0xff, 0x50, 0x0, 0x0, 0x0, 0x0,
    0x0, 0x0, 0x0, 0x0, 0xcf, 0xff, 0xff, 0xff,
    0xff, 0xff, 0xff, 0xff, 0xff, 0xf3, 0x0, 0x0,
    0x0, 0x0, 0x0, 0x0, 0x0, 0x0, 0xcf, 0xff,
    0xff, 0xff, 0xff, 0xff, 0xff, 0xff, 0xff, 0xfe,
    0x10, 0x0, 0x0, 0x0, 0x0, 0x0, 0x0, 0x0,
    0xcf, 0xff, 0xff, 0xff, 0xa0, 0xbf, 0xff, 0xff,
    0xff, 0xff, 0xd0, 0x0, 0x0, 0x0, 0x0, 0x0,
    0x0, 0x0, 0xcf, 0xff, 0xff, 0xff, 0xa0, 0xd,
    0xff, 0xff, 0xff, 0xff, 0xfb, 0x0, 0x0, 0x0,
    0x0, 0x0, 0x0, 0x0, 0xcf, 0xff, 0xff, 0xff,
    0xa0, 0x2, 0xef, 0xff, 0xff, 0xff, 0xff, 0x90,
    0x0, 0x0, 0x0, 0x0, 0x0, 0x0, 0xcf, 0xff,
    0xff, 0xff, 0xa0, 0x0, 0x4f, 0xff, 0xff, 0xff,
    0xff, 0xf7, 0x0, 0x0, 0x0, 0x0, 0x0, 0x0,
    0xcf, 0xff, 0xff, 0xff, 0xa0, 0x0, 0x6, 0xff,
    0xff, 0xff, 0xff, 0xff, 0x40, 0x0, 0x0, 0x0,
    0x0, 0x0, 0xcf, 0xff, 0xff, 0xff, 0xa0, 0x0,
    0x0, 0x9f, 0xff, 0xff, 0xff, 0xff, 0xf3, 0x0,
    0x0, 0x0, 0x0, 0x0, 0xcf, 0xff, 0xff, 0xff,
    0xa0, 0x0, 0x0, 0xc, 0xff, 0xff, 0xff, 0xff,
    0xfe, 0x10, 0x0, 0x0, 0x0, 0x0, 0xcf, 0xff,
    0xff, 0xff, 0xa0, 0x0, 0x0, 0x1, 0xef, 0xff,
    0xff, 0xff, 0xff, 0xc0, 0x0, 0x0, 0x0, 0x0,
    0xcf, 0xff, 0xff, 0xff, 0xa0, 0x0, 0x0, 0x0,
    0x2f, 0xff, 0xff, 0xff, 0xff, 0xfb, 0x0, 0x0,
    0x0, 0x0, 0xcf, 0xff, 0xff, 0xff, 0xa0, 0x0,
    0x0, 0x0, 0x5, 0xff, 0xff, 0xff, 0xff, 0xff,
    0x80, 0x0, 0x0, 0x0, 0xcf, 0xff, 0xff, 0xff,
    0xa0, 0x0, 0x0, 0x0, 0x0, 0x7f, 0xff, 0xff,
    0xff, 0xff, 0xf6, 0x0, 0x0, 0x0, 0xcf, 0xff,
    0xff, 0xff, 0xa0, 0x0, 0x0, 0x0, 0x0, 0xa,
    0xff, 0xff, 0xff, 0xff, 0xff, 0x40, 0x0, 0x0,
    0xcf, 0xff, 0xff, 0xff, 0xa0, 0x0, 0x0, 0x0,
    0x0, 0x0, 0xcf, 0xff, 0xff, 0xff, 0xff, 0xf2,
    0x0, 0x0, 0xcf, 0xff, 0xff, 0xff, 0xa0, 0x0,
    0x0, 0x0, 0x0, 0x0, 0x1e, 0xff, 0xff, 0xff,
    0xff, 0xfe, 0x10, 0x0, 0xcf, 0xff, 0xff, 0xff,
    0xa0, 0x0, 0x0, 0x0, 0x0, 0x0, 0x3, 0xff,
    0xff, 0xff, 0xff, 0xff, 0xc0, 0x0, 0xcf, 0xff,
    0xff, 0xff, 0xa0, 0x0, 0x0, 0x0, 0x0, 0x0,
    0x0, 0x6f, 0xff, 0xff, 0xff, 0xff, 0xfa, 0x0,
    0xcf, 0xff, 0xff, 0xff, 0xa0, 0x0, 0x0, 0x0,
    0x0, 0x0, 0x0, 0x9, 0xff, 0xff, 0xff, 0xff,
    0xff, 0x80, 0xcf, 0xff, 0xff, 0xff, 0xa0, 0x0,
    0x0, 0x0, 0x0, 0x0, 0x0, 0x0, 0xbf, 0xff,
    0xff, 0xff, 0xff, 0xf6,

    /* U+004C "L" */
    0x68, 0x88, 0x88, 0x88, 0x50, 0x0, 0x0, 0x0,
    0x0, 0x0, 0x0, 0x0, 0x0, 0x0, 0x0, 0xcf,
    0xff, 0xff, 0xff, 0xa0, 0x0, 0x0, 0x0, 0x0,
    0x0, 0x0, 0x0, 0x0, 0x0, 0x0, 0xcf, 0xff,
    0xff, 0xff, 0xa0, 0x0, 0x0, 0x0, 0x0, 0x0,
    0x0, 0x0, 0x0, 0x0, 0x0, 0xcf, 0xff, 0xff,
    0xff, 0xa0, 0x0, 0x0, 0x0, 0x0, 0x0, 0x0,
    0x0, 0x0, 0x0, 0x0, 0xcf, 0xff, 0xff, 0xff,
    0xa0, 0x0, 0x0, 0x0, 0x0, 0x0, 0x0, 0x0,
    0x0, 0x0, 0x0, 0xcf, 0xff, 0xff, 0xff, 0xa0,
    0x0, 0x0, 0x0, 0x0, 0x0, 0x0, 0x0, 0x0,
    0x0, 0x0, 0xcf, 0xff, 0xff, 0xff, 0xa0, 0x0,
    0x0, 0x0, 0x0, 0x0, 0x0, 0x0, 0x0, 0x0,
    0x0, 0xcf, 0xff, 0xff, 0xff, 0xa0, 0x0, 0x0,
    0x0, 0x0, 0x0, 0x0, 0x0, 0x0, 0x0, 0x0,
    0xcf, 0xff, 0xff, 0xff, 0xa0, 0x0, 0x0, 0x0,
    0x0, 0x0, 0x0, 0x0, 0x0, 0x0, 0x0, 0xcf,
    0xff, 0xff, 0xff, 0xa0, 0x0, 0x0, 0x0, 0x0,
    0x0, 0x0, 0x0, 0x0, 0x0, 0x0, 0xcf, 0xff,
    0xff, 0xff, 0xa0, 0x0, 0x0, 0x0, 0x0, 0x0,
    0x0, 0x0, 0x0, 0x0, 0x0, 0xcf, 0xff, 0xff,
    0xff, 0xa0, 0x0, 0x0, 0x0, 0x0, 0x0, 0x0,
    0x0, 0x0, 0x0, 0x0, 0xcf, 0xff, 0xff, 0xff,
    0xa0, 0x0, 0x0, 0x0, 0x0, 0x0, 0x0, 0x0,
    0x0, 0x0, 0x0, 0xcf, 0xff, 0xff, 0xff, 0xa0,
    0x0, 0x0, 0x0, 0x0, 0x0, 0x0, 0x0, 0x0,
    0x0, 0x0, 0xcf, 0xff, 0xff, 0xff, 0xa0, 0x0,
    0x0, 0x0, 0x0, 0x0, 0x0, 0x0, 0x0, 0x0,
    0x0, 0xcf, 0xff, 0xff, 0xff, 0xa0, 0x0, 0x0,
    0x0, 0x0, 0x0, 0x0, 0x0, 0x0, 0x0, 0x0,
    0xcf, 0xff, 0xff, 0xff, 0xa0, 0x0, 0x0, 0x0,
    0x0, 0x0, 0x0, 0x0, 0x0, 0x0, 0x0, 0xcf,
    0xff, 0xff, 0xff, 0xa0, 0x0, 0x0, 0x0, 0x0,
    0x0, 0x0, 0x0, 0x0, 0x0, 0x0, 0xcf, 0xff,
    0xff, 0xff, 0xa0, 0x0, 0x0, 0x0, 0x0, 0x0,
    0x0, 0x0, 0x0, 0x0, 0x0, 0xcf, 0xff, 0xff,
    0xff, 0xa0, 0x0, 0x0, 0x0, 0x0, 0x0, 0x0,
    0x0, 0x0, 0x0, 0x0, 0xcf, 0xff, 0xff, 0xff,
    0xa0, 0x0, 0x0, 0x0, 0x0, 0x0, 0x0, 0x0,
    0x0, 0x0, 0x0, 0xcf, 0xff, 0xff, 0xff, 0xa0,
    0x0, 0x0, 0x0, 0x0, 0x0, 0x0, 0x0, 0x0,
    0x0, 0x0, 0xcf, 0xff, 0xff, 0xff, 0xa0, 0x0,
    0x0, 0x0, 0x0, 0x0, 0x0, 0x0, 0x0, 0x0,
    0x0, 0xcf, 0xff, 0xff, 0xff, 0xa0, 0x0, 0x0,
    0x0, 0x0, 0x0, 0x0, 0x0, 0x0, 0x0, 0x0,
    0xcf, 0xff, 0xff, 0xff, 0xa0, 0x0, 0x0, 0x0,
    0x0, 0x0, 0x0, 0x0, 0x0, 0x0, 0x0, 0xcf,
    0xff, 0xff, 0xff, 0xa0, 0x0, 0x0, 0x0, 0x0,
    0x0, 0x0, 0x0, 0x0, 0x0, 0x0, 0xcf, 0xff,
    0xff, 0xff, 0xa0, 0x0, 0x0, 0x0, 0x0, 0x0,
    0x0, 0x0, 0x0, 0x0, 0x0, 0xcf, 0xff, 0xff,
    0xff, 0xa0, 0x0, 0x0, 0x0, 0x0, 0x0, 0x0,
    0x0, 0x0, 0x0, 0x0, 0xcf, 0xff, 0xff, 0xff,
    0xa0, 0x0, 0x0, 0x0, 0x0, 0x0, 0x0, 0x0,
    0x0, 0x0, 0x0, 0xcf, 0xff, 0xff, 0xff, 0xa0,
    0x0, 0x0, 0x0, 0x0, 0x0, 0x0, 0x0, 0x0,
    0x0, 0x0, 0xcf, 0xff, 0xff, 0xff, 0xa0, 0x0,
    0x0, 0x0, 0x0, 0x0, 0x0, 0x0, 0x0, 0x0,
    0x0, 0xcf, 0xff, 0xff, 0xff, 0xa0, 0x0, 0x0,
    0x0, 0x0, 0x0, 0x0, 0x0, 0x0, 0x0, 0x0,
    0xcf, 0xff, 0xff, 0xff, 0xa0, 0x0, 0x0, 0x0,
    0x0, 0x0, 0x0, 0x0, 0x0, 0x0, 0x0, 0xcf,
    0xff, 0xff, 0xff, 0xa0, 0x0, 0x0, 0x0, 0x0,
    0x0, 0x0, 0x0, 0x0, 0x0, 0x0, 0xcf, 0xff,
    0xff, 0xff, 0xa0, 0x0, 0x0, 0x0, 0x0, 0x0,
    0x0, 0x0, 0x0, 0x0, 0x0, 0xcf, 0xff, 0xff,
    0xff, 0xa0, 0x0, 0x0, 0x0, 0x0, 0x0, 0x0,
    0x0, 0x0, 0x0, 0x0, 0xcf, 0xff, 0xff, 0xff,
    0xa0, 0x0, 0x0, 0x0, 0x0, 0x0, 0x0, 0x0,
    0x0, 0x0, 0x0, 0xcf, 0xff, 0xff, 0xff, 0xa0,
    0x0, 0x0, 0x0, 0x0, 0x0, 0x0, 0x0, 0x0,
    0x0, 0x0, 0xcf, 0xff, 0xff, 0xff, 0xec, 0xcc,
    0xcc, 0xcc, 0xcc, 0xcc, 0xcc, 0xcc, 0xcc, 0xcc,
    0xc1, 0xcf, 0xff, 0xff, 0xff, 0xff, 0xff, 0xff,
    0xff, 0xff, 0xff, 0xff, 0xff, 0xff, 0xff, 0xf2,
    0xcf, 0xff, 0xff, 0xff, 0xff, 0xff, 0xff, 0xff,
    0xff, 0xff, 0xff, 0xff, 0xff, 0xff, 0xf2, 0xcf,
    0xff, 0xff, 0xff, 0xff, 0xff, 0xff, 0xff, 0xff,
    0xff, 0xff, 0xff, 0xff, 0xff, 0xf2, 0xcf, 0xff,
    0xff, 0xff, 0xff, 0xff, 0xff, 0xff, 0xff, 0xff,
    0xff, 0xff, 0xff, 0xff, 0xf2, 0xcf, 0xff, 0xff,
    0xff, 0xff, 0xff, 0xff, 0xff, 0xff, 0xff, 0xff,
    0xff, 0xff, 0xff, 0xf2, 0xcf, 0xff, 0xff, 0xff,
    0xff, 0xff, 0xff, 0xff, 0xff, 0xff, 0xff, 0xff,
    0xff, 0xff, 0xf2, 0xcf, 0xff, 0xff, 0xff, 0xff,
    0xff, 0xff, 0xff, 0xff, 0xff, 0xff, 0xff, 0xff,
    0xff, 0xf2,

    /* U+004D "M" */
    0x34, 0x44, 0x44, 0x44, 0x44, 0x44, 0x44, 0x44,
    0x0, 0x0, 0x0, 0x0, 0x0, 0x0, 0x0, 0x0,
    0x24, 0x44, 0x44, 0x44, 0x44, 0x44, 0x44, 0x44,
    0xc, 0xff, 0xff, 0xff, 0xff, 0xff, 0xff, 0xff,
    0xf1, 0x0, 0x0, 0x0, 0x0, 0x0, 0x0, 0x0,
    0x9, 0xff, 0xff, 0xff, 0xff, 0xff, 0xff, 0xff,
    0xf3, 0xcf, 0xff, 0xff, 0xff, 0xff, 0xff, 0xff,
    0xff, 0x40, 0x0, 0x0, 0x0, 0x0, 0x0, 0x0,
    0x0, 0xcf, 0xff, 0xff, 0xff, 0xff, 0xff, 0xff,
    0xff, 0x3c, 0xff, 0xff, 0xff, 0xff, 0xff, 0xff,
    0xff, 0xf7, 0x0, 0x0, 0x0, 0x0, 0x0, 0x0,
    0x0, 0xf, 0xff, 0xff, 0xff, 0xff, 0xff, 0xff,
    0xff, 0xf3, 0xcf, 0xff, 0xff, 0xff, 0xff, 0xff,
    0xff, 0xff, 0xa0, 0x0, 0x0, 0x0, 0x0, 0x0,
    0x0, 0x3, 0xff, 0xff, 0xff, 0xff, 0xff, 0xff,
    0xff, 0xff, 0x3c, 0xff, 0xff, 0xff, 0xff, 0xff,
    0xff, 0xff, 0xfd, 0x0, 0x0, 0x0, 0x0, 0x0,
    0x0, 0x0, 0x6f, 0xff, 0xff, 0xff, 0xff, 0xff,
    0xff, 0xff, 0xf3, 0xcf, 0xff, 0xff, 0xff, 0xff,
    0xff, 0xff, 0xff, 0xf0, 0x0, 0x0, 0x0, 0x0,
    0x0, 0x0, 0x9, 0xff, 0xff, 0xff, 0xff, 0xff,
    0xff, 0xff, 0xff, 0x3c, 0xff, 0xff, 0xff, 0xf6,
    0x5f, 0xff, 0xff, 0xff, 0x30, 0x0, 0x0, 0x0,
    0x0, 0x0, 0x0, 0xcf, 0xff, 0xff, 0xfc, 0xf,
    0xff, 0xff, 0xff, 0xf3, 0xcf, 0xff, 0xff, 0xff,
    0x62, 0xff, 0xff, 0xff, 0xf6, 0x0, 0x0, 0x0,
    0x0, 0x0, 0x0, 0xf, 0xff, 0xff, 0xff, 0x90,
    0xff, 0xff, 0xff, 0xff, 0x3c, 0xff, 0xff, 0xff,
    0xf6, 0xf, 0xff, 0xff, 0xff, 0xa0, 0x0, 0x0,
    0x0, 0x0, 0x0, 0x2, 0xff, 0xff, 0xff, 0xf6,
    0xf, 0xff, 0xff, 0xff, 0xf3, 0xcf, 0xff, 0xff,
    0xff, 0x60, 0xcf, 0xff, 0xff, 0xfd, 0x0, 0x0,
    0x0, 0x0, 0x0, 0x0, 0x6f, 0xff, 0xff, 0xff,
    0x20, 0xff, 0xff, 0xff, 0xff, 0x3c, 0xff, 0xff,
    0xff, 0xf6, 0x8, 0xff, 0xff, 0xff, 0xf0, 0x0,
    0x0, 0x0, 0x0, 0x0, 0x9, 0xff, 0xff, 0xff,
    0xf0, 0xf, 0xff, 0xff, 0xff, 0xf3, 0xcf, 0xff,
    0xff, 0xff, 0x60, 0x5f, 0xff, 0xff, 0xff, 0x30,
    0x0, 0x0, 0x0, 0x0, 0x0, 0xcf, 0xff, 0xff,
    0xfc, 0x0, 0xff, 0xff, 0xff, 0xff, 0x3c, 0xff,
    0xff, 0xff, 0xf6, 0x2, 0xff, 0xff, 0xff, 0xf6,
    0x0, 0x0, 0x0, 0x0, 0x0, 0xf, 0xff, 0xff,
    0xff, 0x90, 0xf, 0xff, 0xff, 0xff, 0xf3, 0xcf,
    0xff, 0xff, 0xff, 0x60, 0xf, 0xff, 0xff, 0xff,
    0x90, 0x0, 0x0, 0x0, 0x0, 0x2, 0xff, 0xff,
    0xff, 0xf6, 0x0, 0xff, 0xff, 0xff, 0xff, 0x3c,
    0xff, 0xff, 0xff, 0xf6, 0x0, 0xcf, 0xff, 0xff,
    0xfc, 0x0, 0x0, 0x0, 0x0, 0x0, 0x5f, 0xff,
    0xff, 0xff, 0x30, 0xf, 0xff, 0xff, 0xff, 0xf3,
    0xcf, 0xff, 0xff, 0xff, 0x60, 0x9, 0xff, 0xff,
    0xff, 0xf0, 0x0, 0x0, 0x0, 0x0, 0x8, 0xff,
    0xff, 0xff, 0xf0, 0x0, 0xff, 0xff, 0xff, 0xff,
    0x3c, 0xff, 0xff, 0xff, 0xf6, 0x0, 0x5f, 0xff,
    0xff, 0xff, 0x30, 0x0, 0x0, 0x0, 0x0, 0xcf,
    0xff, 0xff, 0xfc, 0x0, 0xf, 0xff, 0xff, 0xff,
    0xf3, 0xcf, 0xff, 0xff, 0xff, 0x60, 0x2, 0xff,
    0xff, 0xff, 0xf6, 0x0, 0x0, 0x0, 0x0, 0xf,
    0xff, 0xff, 0xff, 0x90, 0x0, 0xff, 0xff, 0xff,
    0xff, 0x3c, 0xff, 0xff, 0xff, 0xf6, 0x0, 0xf,
    0xff, 0xff, 0xff, 0x90, 0x0, 0x0, 0x0, 0x2,
    0xff, 0xff, 0xff, 0xf6, 0x0, 0xf, 0xff, 0xff,
    0xff, 0xf3, 0xcf, 0xff, 0xff, 0xff, 0x60, 0x0,
    0xcf, 0xff, 0xff, 0xfc, 0x0, 0x0, 0x0, 0x0,
    0x5f, 0xff, 0xff, 0xff, 0x30, 0x0, 0xff, 0xff,
    0xff, 0xff, 0x3c, 0xff, 0xff, 0xff, 0xf6, 0x0,
    0x9, 0xff, 0xff, 0xff, 0xf0, 0x0, 0x0, 0x0,
    0x8, 0xff, 0xff, 0xff, 0xf0, 0x0, 0xf, 0xff,
    0xff, 0xff, 0xf3, 0xcf, 0xff, 0xff, 0xff, 0x60,
    0x0, 0x6f, 0xff, 0xff, 0xff, 0x20, 0x0, 0x0,
    0x0, 0xbf, 0xff, 0xff, 0xfd, 0x0, 0x0, 0xff,
    0xff, 0xff, 0xff, 0x3c, 0xff, 0xff, 0xff, 0xf6,
    0x0, 0x3, 0xff, 0xff, 0xff, 0xf5, 0x0, 0x0,
    0x0, 0xe, 0xff, 0xff, 0xff, 0xa0, 0x0, 0xf,
    0xff, 0xff, 0xff, 0xf3, 0xcf, 0xff, 0xff, 0xff,
    0x60, 0x0, 0xf, 0xff, 0xff, 0xff, 0x90, 0x0,
    0x0, 0x2, 0xff, 0xff, 0xff, 0xf6, 0x0, 0x0,
    0xff, 0xff, 0xff, 0xff, 0x3c, 0xff, 0xff, 0xff,
    0xf6, 0x0, 0x0, 0xcf, 0xff, 0xff, 0xfc, 0x0,
    0x0, 0x0, 0x5f, 0xff, 0xff, 0xff, 0x30, 0x0,
    0xf, 0xff, 0xff, 0xff, 0xf3, 0xcf, 0xff, 0xff,
    0xff, 0x60, 0x0, 0x9, 0xff, 0xff, 0xff, 0xf0,
    0x0, 0x0, 0x8, 0xff, 0xff, 0xff, 0xf0, 0x0,
    0x0, 0xff, 0xff, 0xff, 0xff, 0x3c, 0xff, 0xff,
    0xff, 0xf6, 0x0, 0x0, 0x6f, 0xff, 0xff, 0xff,
    0x20, 0x0, 0x0, 0xbf, 0xff, 0xff, 0xfd, 0x0,
    0x0, 0xf, 0xff, 0xff, 0xff, 0xf3, 0xcf, 0xff,
    0xff, 0xff, 0x60, 0x0, 0x3, 0xff, 0xff, 0xff,
    0xf5, 0x0, 0x0, 0xe, 0xff, 0xff, 0xff, 0xa0,
    0x0, 0x0, 0xff, 0xff, 0xff, 0xff, 0x3c, 0xff,
    0xff, 0xff, 0xf6, 0x0, 0x0, 0xf, 0xff, 0xff,
    0xff, 0x80, 0x0, 0x1, 0xff, 0xff, 0xff, 0xf7,
    0x0, 0x0, 0xf, 0xff, 0xff, 0xff, 0xf3, 0xcf,
    0xff, 0xff, 0xff, 0x60, 0x0, 0x0, 0xcf, 0xff,
    0xff, 0xfb, 0x0, 0x0, 0x4f, 0xff, 0xff, 0xff,
    0x40, 0x0, 0x0, 0xff, 0xff, 0xff, 0xff, 0x3c,
    0xff, 0xff, 0xff, 0xf6, 0x0, 0x0, 0x9, 0xff,
    0xff, 0xff, 0xe0, 0x0, 0x8, 0xff, 0xff, 0xff,
    0xf0, 0x0, 0x0, 0xf, 0xff, 0xff, 0xff, 0xf3,
    0xcf, 0xff, 0xff, 0xff, 0x60, 0x0, 0x0, 0x6f,
    0xff, 0xff, 0xff, 0x20, 0x0, 0xbf, 0xff, 0xff,
    0xfd, 0x0, 0x0, 0x0, 0xff, 0xff, 0xff, 0xff,
    0x3c, 0xff, 0xff, 0xff, 0xf6, 0x0, 0x0, 0x3,
    0xff, 0xff, 0xff, 0xf5, 0x0, 0xe, 0xff, 0xff,
    0xff, 0xa0, 0x0, 0x0, 0xf, 0xff, 0xff, 0xff,
    0xf3, 0xcf, 0xff, 0xff, 0xff, 0x60, 0x0, 0x0,
    0xf, 0xff, 0xff, 0xff, 0x80, 0x1, 0xff, 0xff,
    0xff, 0xf7, 0x0, 0x0, 0x0, 0xff, 0xff, 0xff,
    0xff, 0x3c, 0xff, 0xff, 0xff, 0xf6, 0x0, 0x0,
    0x0, 0xdf, 0xff, 0xff, 0xfb, 0x0, 0x4f, 0xff,
    0xff, 0xff, 0x40, 0x0, 0x0, 0xf, 0xff, 0xff,
    0xff, 0xf3, 0xcf, 0xff, 0xff, 0xff, 0x60, 0x0,
    0x0, 0xa, 0xff, 0xff, 0xff, 0xe0, 0x7, 0xff,
    0xff, 0xff, 0xf1, 0x0, 0x0, 0x0, 0xff, 0xff,
    0xff, 0xff, 0x3c, 0xff, 0xff, 0xff, 0xf6, 0x0,
    0x0, 0x0, 0x6f, 0xff, 0xff, 0xff, 0x10, 0xaf,
    0xff, 0xff, 0xfd, 0x0, 0x0, 0x0, 0xf, 0xff,
    0xff, 0xff, 0xf3, 0xcf, 0xff, 0xff, 0xff, 0x60,
    0x0, 0x0, 0x3, 0xff, 0xff, 0xff, 0xf5, 0xe,
    0xff, 0xff, 0xff, 0xa0, 0x0, 0x0, 0x0, 0xff,
    0xff, 0xff, 0xff, 0x3c, 0xff, 0xff, 0xff, 0xf6,
    0x0, 0x0, 0x0, 0xf, 0xff, 0xff, 0xff, 0x81,
    0xff, 0xff, 0xff, 0xf7, 0x0, 0x0, 0x0, 0xf,
    0xff, 0xff, 0xff, 0xf3, 0xcf, 0xff, 0xff, 0xff,
    0x60, 0x0, 0x0, 0x0, 0xdf, 0xff, 0xff, 0xfe,
    0xdf, 0xff, 0xff, 0xff, 0x40, 0x0, 0x0, 0x0,
    0xff, 0xff, 0xff, 0xff, 0x3c, 0xff, 0xff, 0xff,
    0xf6, 0x0, 0x0, 0x0, 0xa, 0xff, 0xff, 0xff,
    0xff, 0xff, 0xff, 0xff, 0xf1, 0x0, 0x0, 0x0,
    0xf, 0xff, 0xff, 0xff, 0xf3, 0xcf, 0xff, 0xff,
    0xff, 0x60, 0x0, 0x0, 0x0, 0x7f, 0xff, 0xff,
    0xff, 0xff, 0xff, 0xff, 0xfe, 0x0, 0x0, 0x0,
    0x0, 0xff, 0xff, 0xff, 0xff, 0x3c, 0xff, 0xff,
    0xff, 0xf6, 0x0, 0x0, 0x0, 0x3, 0xff, 0xff,
    0xff, 0xff, 0xff, 0xff, 0xff, 0xb0, 0x0, 0x0,
    0x0, 0xf, 0xff, 0xff, 0xff, 0xf3, 0xcf, 0xff,
    0xff, 0xff, 0x60, 0x0, 0x0, 0x0, 0xf, 0xff,
    0xff, 0xff, 0xff, 0xff, 0xff, 0xf7, 0x0, 0x0,
    0x0, 0x0, 0xff, 0xff, 0xff, 0xff, 0x3c, 0xff,
    0xff, 0xff, 0xf6, 0x0, 0x0, 0x0, 0x0, 0xdf,
    0xff, 0xff, 0xff, 0xff, 0xff, 0xff, 0x40, 0x0,
    0x0, 0x0, 0xf, 0xff, 0xff, 0xff, 0xf3,

    /* U+004E "N" */
    0xcf, 0xff, 0xff, 0xff, 0xff, 0xff, 0xff, 0xff,
    0x60, 0x0, 0x0, 0x0, 0x0, 0xaf, 0xff, 0xff,
    0xff, 0xac, 0xff, 0xff, 0xff, 0xff, 0xff, 0xff,
    0xff, 0xf9, 0x0, 0x0, 0x0, 0x0, 0xa, 0xff,
    0xff, 0xff, 0xfa, 0xcf, 0xff, 0xff, 0xff, 0xff,
    0xff, 0xff, 0xff, 0xd0, 0x0, 0x0, 0x0, 0x0,
    0xaf, 0xff, 0xff, 0xff, 0xac, 0xff, 0xff, 0xff,
    0xff, 0xff, 0xff, 0xff, 0xff, 0x10, 0x0, 0x0,
    0x0, 0xa, 0xff, 0xff, 0xff, 0xfa, 0xcf, 0xff,
    0xff, 0xff, 0xff, 0xff, 0xff, 0xff, 0xf4, 0x0,
    0x0, 0x0, 0x0, 0xaf, 0xff, 0xff, 0xff, 0xac,
    0xff, 0xff, 0xff, 0xfe, 0xef, 0xff, 0xff, 0xff,
    0x80, 0x0, 0x0, 0x0, 0xa, 0xff, 0xff, 0xff,
    0xfa, 0xcf, 0xff, 0xff, 0xff, 0x82, 0xff, 0xff,
    0xff, 0xfc, 0x0, 0x0, 0x0, 0x0, 0xaf, 0xff,
    0xff, 0xff, 0xac, 0xff, 0xff, 0xff, 0xf8, 0xe,
    0xff, 0xff, 0xff, 0xf0, 0x0, 0x0, 0x0, 0xa,
    0xff, 0xff, 0xff, 0xfa, 0xcf, 0xff, 0xff, 0xff,
    0x80, 0xbf, 0xff, 0xff, 0xff, 0x30, 0x0, 0x0,
    0x0, 0xaf, 0xff, 0xff, 0xff, 0xac, 0xff, 0xff,
    0xff, 0xf8, 0x7, 0xff, 0xff, 0xff, 0xf7, 0x0,
    0x0, 0x0, 0xa, 0xff, 0xff, 0xff, 0xfa, 0xcf,
    0xff, 0xff, 0xff, 0x80, 0x3f, 0xff, 0xff, 0xff,
    0xa0, 0x0, 0x0, 0x0, 0xaf, 0xff, 0xff, 0xff,
    0xac, 0xff, 0xff, 0xff, 0xf8, 0x0, 0xff, 0xff,
    0xff, 0xfe, 0x0, 0x0, 0x0, 0xa, 0xff, 0xff,
    0xff, 0xfa, 0xcf, 0xff, 0xff, 0xff, 0x80, 0xc,
    0xff, 0xff, 0xff, 0xf1, 0x0, 0x0, 0x0, 0xaf,
    0xff, 0xff, 0xff, 0xac, 0xff, 0xff, 0xff, 0xf8,
    0x0, 0x8f, 0xff, 0xff, 0xff, 0x50, 0x0, 0x0,
    0xa, 0xff, 0xff, 0xff, 0xfa, 0xcf, 0xff, 0xff,
    0xff, 0x80, 0x5, 0xff, 0xff, 0xff, 0xf9, 0x0,
    0x0, 0x0, 0xaf, 0xff, 0xff, 0xff, 0xac, 0xff,
    0xff, 0xff, 0xf8, 0x0, 0x1f, 0xff, 0xff, 0xff,
    0xc0, 0x0, 0x0, 0xa, 0xff, 0xff, 0xff, 0xfa,
    0xcf, 0xff, 0xff, 0xff, 0x80, 0x0, 0xef, 0xff,
    0xff, 0xff, 0x0, 0x0, 0x0, 0xaf, 0xff, 0xff,
    0xff, 0xac, 0xff, 0xff, 0xff, 0xf8, 0x0, 0xa,
    0xff, 0xff, 0xff, 0xf4, 0x0, 0x0, 0xa, 0xff,
    0xff, 0xff, 0xfa, 0xcf, 0xff, 0xff, 0xff, 0x80,
    0x0, 0x6f, 0xff, 0xff, 0xff, 0x70, 0x0, 0x0,
    0xaf, 0xff, 0xff, 0xff, 0xac, 0xff, 0xff, 0xff,
    0xf8, 0x0, 0x3, 0xff, 0xff, 0xff, 0xfb, 0x0,
    0x0, 0xa, 0xff, 0xff, 0xff, 0xfa, 0xcf, 0xff,
    0xff, 0xff, 0x80, 0x0, 0xf, 0xff, 0xff, 0xff,
    0xe0, 0x0, 0x0, 0xaf, 0xff, 0xff, 0xff, 0xac,
    0xff, 0xff, 0xff, 0xf8, 0x0, 0x0, 0xbf, 0xff,
    0xff, 0xff, 0x20, 0x0, 0xa, 0xff, 0xff, 0xff,
    0xfa, 0xcf, 0xff, 0xff, 0xff, 0x80, 0x0, 0x8,
    0xff, 0xff, 0xff, 0xf6, 0x0, 0x0, 0xaf, 0xff,
    0xff, 0xff, 0xac, 0xff, 0xff, 0xff, 0xf8, 0x0,
    0x0, 0x4f, 0xff, 0xff, 0xff, 0x90, 0x0, 0xa,
    0xff, 0xff, 0xff, 0xfa, 0xcf, 0xff, 0xff, 0xff,
    0x80, 0x0, 0x1, 0xff, 0xff, 0xff, 0xfd, 0x0,
    0x0, 0xaf, 0xff, 0xff, 0xff, 0xac, 0xff, 0xff,
    0xff, 0xf8, 0x0, 0x0, 0xd, 0xff, 0xff, 0xff,
    0xf1, 0x0, 0xa, 0xff, 0xff, 0xff, 0xfa, 0xcf,
    0xff, 0xff, 0xff, 0x80, 0x0, 0x0, 0x9f, 0xff,
    0xff, 0xff, 0x40, 0x0, 0xaf, 0xff, 0xff, 0xff,
    0xac, 0xff, 0xff, 0xff, 0xf8, 0x0, 0x0, 0x6,
    0xff, 0xff, 0xff, 0xf8, 0x0, 0xa, 0xff, 0xff,
    0xff, 0xfa, 0xcf, 0xff, 0xff, 0xff, 0x80, 0x0,
    0x0, 0x2f, 0xff, 0xff, 0xff, 0xc0, 0x0, 0xaf,
    0xff, 0xff, 0xff, 0xac, 0xff, 0xff, 0xff, 0xf8,
    0x0, 0x0, 0x0, 0xef, 0xff, 0xff, 0xff, 0x0,
    0xa, 0xff, 0xff, 0xff, 0xfa, 0xcf, 0xff, 0xff,
    0xff, 0x80, 0x0, 0x0, 0xb, 0xff, 0xff, 0xff,
    0xf3, 0x0, 0xaf, 0xff, 0xff, 0xff, 0xac, 0xff,
    0xff, 0xff, 0xf8, 0x0, 0x0, 0x0, 0x7f, 0xff,
    0xff, 0xff, 0x70, 0xa, 0xff, 0xff, 0xff, 0xfa,
    0xcf, 0xff, 0xff, 0xff, 0x80, 0x0, 0x0, 0x3,
    0xff, 0xff, 0xff, 0xfa, 0x0, 0xaf, 0xff, 0xff,
    0xff, 0xac, 0xff, 0xff, 0xff, 0xf8, 0x0, 0x0,
    0x0, 0xf, 0xff, 0xff, 0xff, 0xe0, 0xa, 0xff,
    0xff, 0xff, 0xfa, 0xcf, 0xff, 0xff, 0xff, 0x80,
    0x0, 0x0, 0x0, 0xcf, 0xff, 0xff, 0xff, 0x10,
    0xaf, 0xff, 0xff, 0xff, 0xac, 0xff, 0xff, 0xff,
    0xf8, 0x0, 0x0, 0x0, 0x9, 0xff, 0xff, 0xff,
    0xf5, 0xa, 0xff, 0xff, 0xff, 0xfa, 0xcf, 0xff,
    0xff, 0xff, 0x80, 0x0, 0x0, 0x0, 0x5f, 0xff,
    0xff, 0xff, 0x90, 0xaf, 0xff, 0xff, 0xff, 0xac,
    0xff, 0xff, 0xff, 0xf8, 0x0, 0x0, 0x0, 0x1,
    0xff, 0xff, 0xff, 0xfc, 0xa, 0xff, 0xff, 0xff,
    0xfa, 0xcf, 0xff, 0xff, 0xff, 0x80, 0x0, 0x0,
    0x0, 0xe, 0xff, 0xff, 0xff, 0xf0, 0xaf, 0xff,
    0xff, 0xff, 0xac, 0xff, 0xff, 0xff, 0xf8, 0x0,
    0x0, 0x0, 0x0, 0xaf, 0xff, 0xff, 0xff, 0xdf,
    0xff, 0xff, 0xff, 0xfa, 0xcf, 0xff, 0xff, 0xff,
    0x80, 0x0, 0x0, 0x0, 0x6, 0xff, 0xff, 0xff,
    0xff, 0xff, 0xff, 0xff, 0xff, 0xac, 0xff, 0xff,
    0xff, 0xf8, 0x0, 0x0, 0x0, 0x0, 0x3f, 0xff,
    0xff, 0xff, 0xff, 0xff, 0xff, 0xff, 0xfa, 0xcf,
    0xff, 0xff, 0xff, 0x80, 0x0, 0x0, 0x0, 0x0,
    0xff, 0xff, 0xff, 0xff, 0xff, 0xff, 0xff, 0xff,
    0xac, 0xff, 0xff, 0xff, 0xf8, 0x0, 0x0, 0x0,
    0x0, 0xc, 0xff, 0xff, 0xff, 0xff, 0xff, 0xff,
    0xff, 0xfa, 0xcf, 0xff, 0xff, 0xff, 0x80, 0x0,
    0x0, 0x0, 0x0, 0x8f, 0xff, 0xff, 0xff, 0xff,
    0xff, 0xff, 0xff, 0xa0,

    /* U+004F "O" */
    0x0, 0x0, 0x0, 0x0, 0x0, 0x0, 0x47, 0xac,
    0xef, 0xff, 0xed, 0xb8, 0x50, 0x0, 0x0, 0x0,
    0x0, 0x0, 0x0, 0x0, 0x0, 0x0, 0x0, 0x3,
    0x9f, 0xff, 0xff, 0xff, 0xff, 0xff, 0xff, 0xff,
    0xb4, 0x0, 0x0, 0x0, 0x0, 0x0, 0x0, 0x0,
    0x0, 0x2, 0xaf, 0xff, 0xff, 0xff, 0xff, 0xff,
    0xff, 0xff, 0xff, 0xff, 0xc4, 0x0, 0x0, 0x0,
    0x0, 0x0, 0x0, 0x0, 0x6f, 0xff, 0xff, 0xff,
    0xff, 0xff, 0xff, 0xff, 0xff, 0xff, 0xff, 0xff,
    0x90, 0x0, 0x0, 0x0, 0x0, 0x0, 0x9, 0xff,
    0xff, 0xff, 0xff, 0xff, 0xff, 0xff, 0xff, 0xff,
    0xff, 0xff, 0xff, 0xfc, 0x10, 0x0, 0x0, 0x0,
    0x0, 0x9f, 0xff, 0xff, 0xff, 0xff, 0xff, 0xff,
    0xff, 0xff, 0xff, 0xff, 0xff, 0xff, 0xff, 0xc0,
    0x0, 0x0, 0x0, 0x6, 0xff, 0xff, 0xff, 0xff,
    0xff, 0xff, 0xff, 0xff, 0xff, 0xff, 0xff, 0xff,
    0xff, 0xff, 0xfa, 0x0, 0x0, 0x0, 0x2f, 0xff,
    0xff, 0xff, 0xff, 0xff, 0xff, 0xdb, 0xab, 0xcf,
    0xff, 0xff, 0xff, 0xff, 0xff, 0xff, 0x50, 0x0,
    0x0, 0xbf, 0xff, 0xff, 0xff, 0xff, 0xfd, 0x51,
    0x0, 0x0, 0x0, 0x4a, 0xff, 0xff, 0xff, 0xff,
    0xff, 0xe0, 0x0, 0x2, 0xff, 0xff, 0xff, 0xff,
    0xff, 0x60, 0x0, 0x0, 0x0, 0x0, 0x0, 0x3e,
    0xff, 0xff, 0xff, 0xff, 0xf6, 0x0, 0x9, 0xff,
    0xff, 0xff, 0xff, 0xf4, 0x0, 0x0, 0x0, 0x0,
    0x0, 0x0, 0x1, 0xef, 0xff, 0xff, 0xff, 0xfd,
    0x0, 0xe, 0xff, 0xff, 0xff, 0xff, 0x70, 0x0,
    0x0, 0x0, 0x0, 0x0, 0x0, 0x0, 0x3f, 0xff,
    0xff, 0xff, 0xff, 0x20, 0x2f, 0xff, 0xff, 0xff,
    0xfd, 0x0, 0x0, 0x0, 0x0, 0x0, 0x0, 0x0,
    0x0, 0x9, 0xff, 0xff, 0xff, 0xff, 0x70, 0x6f,
    0xff, 0xff, 0xff, 0xf6, 0x0, 0x0, 0x0, 0x0,
    0x0, 0x0, 0x0, 0x0, 0x2, 0xff, 0xff, 0xff,
    0xff, 0xa0, 0x8f, 0xff, 0xff, 0xff, 0xf1, 0x0,
    0x0, 0x0, 0x0, 0x0, 0x0, 0x0, 0x0, 0x0,
    0xdf, 0xff, 0xff, 0xff, 0xc0, 0xaf, 0xff, 0xff,
    0xff, 0xd0, 0x0, 0x0, 0x0, 0x0, 0x0, 0x0,
    0x0, 0x0, 0x0, 0x9f, 0xff, 0xff, 0xff, 0xe0,
    0xbf, 0xff, 0xff, 0xff, 0xb0, 0x0, 0x0, 0x0,
    0x0, 0x0, 0x0, 0x0, 0x0, 0x0, 0x7f, 0xff,
    0xff, 0xff, 0xf0, 0xcf, 0xff, 0xff, 0xff, 0xa0,
    0x0, 0x0, 0x0, 0x0, 0x0, 0x0, 0x0, 0x0,
    0x0, 0x6f, 0xff, 0xff, 0xff, 0xf0, 0xcf, 0xff,
    0xff, 0xff, 0xa0, 0x0, 0x0, 0x0, 0x0, 0x0,
    0x0, 0x0, 0x0, 0x0, 0x6f, 0xff, 0xff, 0xff,
    0xf0, 0xcf, 0xff, 0xff, 0xff, 0xa0, 0x0, 0x0,
    0x0, 0x0, 0x0, 0x0, 0x0, 0x0, 0x0, 0x6f,
    0xff, 0xff, 0xff, 0xf1, 0xcf, 0xff, 0xff, 0xff,
    0xa0, 0x0, 0x0, 0x0, 0x0, 0x0, 0x0, 0x0,
    0x0, 0x0, 0x6f, 0xff, 0xff, 0xff, 0xf1, 0xcf,
    0xff, 0xff, 0xff, 0xa0, 0x0, 0x0, 0x0, 0x0,
    0x0, 0x0, 0x0, 0x0, 0x0, 0x6f, 0xff, 0xff,
    0xff, 0xf1, 0xcf, 0xff, 0xff, 0xff, 0xa0, 0x0,
    0x0, 0x0, 0x0, 0x0, 0x0, 0x0, 0x0, 0x0,
    0x6f, 0xff, 0xff, 0xff, 0xf1, 0xcf, 0xff, 0xff,
    0xff, 0xa0, 0x0, 0x0, 0x0, 0x0, 0x0, 0x0,
    0x0, 0x0, 0x0, 0x6f, 0xff, 0xff, 0xff, 0xf1,
    0xcf, 0xff, 0xff, 0xff, 0xa0, 0x0, 0x0, 0x0,
    0x0, 0x0, 0x0, 0x0, 0x0, 0x0, 0x6f, 0xff,
    0xff, 0xff, 0xf1, 0xcf, 0xff, 0xff, 0xff, 0xa0,
    0x0, 0x0, 0x0, 0x0, 0x0, 0x0, 0x0, 0x0,
    0x0, 0x6f, 0xff, 0xff, 0xff, 0xf1, 0xcf, 0xff,
    0xff, 0xff, 0xa0, 0x0, 0x0, 0x0, 0x0, 0x0,
    0x0, 0x0, 0x0, 0x0, 0x6f, 0xff, 0xff, 0xff,
    0xf1, 0xcf, 0xff, 0xff, 0xff, 0xa0, 0x0, 0x0,
    0x0, 0x0, 0x0, 0x0, 0x0, 0x0, 0x0, 0x6f,
    0xff, 0xff, 0xff, 0xf1, 0xcf, 0xff, 0xff, 0xff,
    0xa0, 0x0, 0x0, 0x0, 0x0, 0x0, 0x0, 0x0,
    0x0, 0x0, 0x6f, 0xff, 0xff, 0xff, 0xf0, 0xcf,
    0xff, 0xff, 0xff, 0xa0, 0x0, 0x0, 0x0, 0x0,
    0x0, 0x0, 0x0, 0x0, 0x0, 0x6f, 0xff, 0xff,
    0xff, 0xf0, 0xbf, 0xff, 0xff, 0xff, 0xb0, 0x0,
    0x0, 0x0, 0x0, 0x0, 0x0, 0x0, 0x0, 0x0,
    0x7f, 0xff, 0xff, 0xff, 0xf0, 0xaf, 0xff, 0xff,
    0xff, 0xd0, 0x0, 0x0, 0x0, 0x0, 0x0, 0x0,
    0x0, 0x0, 0x0, 0x9f, 0xff, 0xff, 0xff, 0xe0,
    0x8f, 0xff, 0xff, 0xff, 0xf1, 0x0, 0x0, 0x0,
    0x0, 0x0, 0x0, 0x0, 0x0, 0x0, 0xdf, 0xff,
    0xff, 0xff, 0xc0, 0x6f, 0xff, 0xff, 0xff, 0xf6,
    0x0, 0x0, 0x0, 0x0, 0x0, 0x0, 0x0, 0x0,
    0x2, 0xff, 0xff, 0xff, 0xff, 0xa0, 0x2f, 0xff,
    0xff, 0xff, 0xfd, 0x0, 0x0, 0x0, 0x0, 0x0,
    0x0, 0x0, 0x0, 0x9, 0xff, 0xff, 0xff, 0xff,
    0x70, 0xe, 0xff, 0xff, 0xff, 0xff, 0x70, 0x0,
    0x0, 0x0, 0x0, 0x0, 0x0, 0x0, 0x3f, 0xff,
    0xff, 0xff, 0xff, 0x20, 0x9, 0xff, 0xff, 0xff,
    0xff, 0xf4, 0x0, 0x0, 0x0, 0x0, 0x0, 0x0,
    0x1, 0xdf, 0xff, 0xff, 0xff, 0xfd, 0x0, 0x2,
    0xff, 0xff, 0xff, 0xff, 0xff, 0x60, 0x0, 0x0,
    0x0, 0x0, 0x0, 0x3e, 0xff, 0xff, 0xff, 0xff,
    0xf6, 0x0, 0x0, 0xbf, 0xff, 0xff, 0xff, 0xff,
    0xfc, 0x51, 0x0, 0x0, 0x0, 0x3a, 0xff, 0xff,
    0xff, 0xff, 0xff, 0xe0, 0x0, 0x0, 0x2f, 0xff,
    0xff, 0xff, 0xff, 0xff, 0xff, 0xdb, 0xab, 0xcf,
    0xff, 0xff, 0xff, 0xff, 0xff, 0xff, 0x60, 0x0,
    0x0, 0x6, 0xff, 0xff, 0xff, 0xff, 0xff, 0xff,
    0xff, 0xff, 0xff, 0xff, 0xff, 0xff, 0xff, 0xff,
    0xfa, 0x0, 0x0, 0x0, 0x0, 0x9f, 0xff, 0xff,
    0xff, 0xff, 0xff, 0xff, 0xff, 0xff, 0xff, 0xff,
    0xff, 0xff, 0xff, 0xc0, 0x0, 0x0, 0x0, 0x0,
    0x9, 0xff, 0xff, 0xff, 0xff, 0xff, 0xff, 0xff,
    0xff, 0xff, 0xff, 0xff, 0xff, 0xfc, 0x10, 0x0,
    0x0, 0x0, 0x0, 0x0, 0x6f, 0xff, 0xff, 0xff,
    0xff, 0xff, 0xff, 0xff, 0xff, 0xff, 0xff, 0xff,
    0x90, 0x0, 0x0, 0x0, 0x0, 0x0, 0x0, 0x2,
    0xbf, 0xff, 0xff, 0xff, 0xff, 0xff, 0xff, 0xff,
    0xff, 0xff, 0xd4, 0x0, 0x0, 0x0, 0x0, 0x0,
    0x0, 0x0, 0x0, 0x3, 0x9f, 0xff, 0xff, 0xff,
    0xff, 0xff, 0xff, 0xff, 0xb5, 0x0, 0x0, 0x0,
    0x0, 0x0, 0x0, 0x0, 0x0, 0x0, 0x0, 0x0,
    0x47, 0xac, 0xef, 0xff, 0xed, 0xb8, 0x51, 0x0,
    0x0, 0x0, 0x0, 0x0, 0x0,

    /* U+0050 "P" */
    0x9c, 0xcc, 0xcc, 0xcc, 0xcc, 0xcc, 0xcc, 0xcc,
    0xcc, 0xcb, 0xa8, 0x51, 0x0, 0x0, 0x0, 0x0,
    0xc, 0xff, 0xff, 0xff, 0xff, 0xff, 0xff, 0xff,
    0xff, 0xff, 0xff, 0xff, 0xfc, 0x50, 0x0, 0x0,
    0x0, 0xcf, 0xff, 0xff, 0xff, 0xff, 0xff, 0xff,
    0xff, 0xff, 0xff, 0xff, 0xff, 0xff, 0xc3, 0x0,
    0x0, 0xc, 0xff, 0xff, 0xff, 0xff, 0xff, 0xff,
    0xff, 0xff, 0xff, 0xff, 0xff, 0xff, 0xff, 0xf6,
    0x0, 0x0, 0xcf, 0xff, 0xff, 0xff, 0xff, 0xff,
    0xff, 0xff, 0xff, 0xff, 0xff, 0xff, 0xff, 0xff,
    0xf6, 0x0, 0xc, 0xff, 0xff, 0xff, 0xff, 0xff,
    0xff, 0xff, 0xff, 0xff, 0xff, 0xff, 0xff, 0xff,
    0xff, 0xf4, 0x0, 0xcf, 0xff, 0xff, 0xff, 0xff,
    0xff, 0xff, 0xff, 0xff, 0xff, 0xff, 0xff, 0xff,
    0xff, 0xff, 0xe1, 0xc, 0xff, 0xff, 0xff, 0xff,
    0xff, 0xff, 0xff, 0xff, 0xff, 0xff, 0xff, 0xff,
    0xff, 0xff, 0xff, 0x80, 0xcf, 0xff, 0xff, 0xff,
    0xa0, 0x0, 0x0, 0x0, 0x0, 0x2, 0x7d, 0xff,
    0xff, 0xff, 0xff, 0xfe, 0xc, 0xff, 0xff, 0xff,
    0xfa, 0x0, 0x0, 0x0, 0x0, 0x0, 0x0, 0x9,
    0xff, 0xff, 0xff, 0xff, 0xf4, 0xcf, 0xff, 0xff,
    0xff, 0xa0, 0x0, 0x0, 0x0, 0x0, 0x0, 0x0,
    0xa, 0xff, 0xff, 0xff, 0xff, 0x9c, 0xff, 0xff,
    0xff, 0xfa, 0x0, 0x0, 0x0, 0x0, 0x0, 0x0,
    0x0, 0x1f, 0xff, 0xff, 0xff, 0xfc, 0xcf, 0xff,
    0xff, 0xff, 0xa0, 0x0, 0x0, 0x0, 0x0, 0x0,
    0x0, 0x0, 0xbf, 0xff, 0xff, 0xff, 0xec, 0xff,
    0xff, 0xff, 0xfa, 0x0, 0x0, 0x0, 0x0, 0x0,
    0x0, 0x0, 0x8, 0xff, 0xff, 0xff, 0xff, 0xcf,
    0xff, 0xff, 0xff, 0xa0, 0x0, 0x0, 0x0, 0x0,
    0x0, 0x0, 0x0, 0x7f, 0xff, 0xff, 0xff, 0xfc,
    0xff, 0xff, 0xff, 0xfa, 0x0, 0x0, 0x0, 0x0,
    0x0, 0x0, 0x0, 0x8, 0xff, 0xff, 0xff, 0xff,
    0xcf, 0xff, 0xff, 0xff, 0xa0, 0x0, 0x0, 0x0,
    0x0, 0x0, 0x0, 0x0, 0xaf, 0xff, 0xff, 0xff,
    0xec, 0xff, 0xff, 0xff, 0xfa, 0x0, 0x0, 0x0,
    0x0, 0x0, 0x0, 0x0, 0xe, 0xff, 0xff, 0xff,
    0xfc, 0xcf, 0xff, 0xff, 0xff, 0xa0, 0x0, 0x0,
    0x0, 0x0, 0x0, 0x0, 0x7, 0xff, 0xff, 0xff,
    0xff, 0x9c, 0xff, 0xff, 0xff, 0xfa, 0x0, 0x0,
    0x0, 0x0, 0x0, 0x0, 0x5, 0xff, 0xff, 0xff,
    0xff, 0xf5, 0xcf, 0xff, 0xff, 0xff, 0xa0, 0x0,
    0x0, 0x0, 0x0, 0x0, 0x3a, 0xff, 0xff, 0xff,
    0xff, 0xff, 0xc, 0xff, 0xff, 0xff, 0xfe, 0xcc,
    0xcc, 0xcc, 0xcc, 0xcd, 0xef, 0xff, 0xff, 0xff,
    0xff, 0xff, 0x80, 0xcf, 0xff, 0xff, 0xff, 0xff,
    0xff, 0xff, 0xff, 0xff, 0xff, 0xff, 0xff, 0xff,
    0xff, 0xff, 0xe1, 0xc, 0xff, 0xff, 0xff, 0xff,
    0xff, 0xff, 0xff, 0xff, 0xff, 0xff, 0xff, 0xff,
    0xff, 0xff, 0xf5, 0x0, 0xcf, 0xff, 0xff, 0xff,
    0xff, 0xff, 0xff, 0xff, 0xff, 0xff, 0xff, 0xff,
    0xff, 0xff, 0xf8, 0x0, 0xc, 0xff, 0xff, 0xff,
    0xff, 0xff, 0xff, 0xff, 0xff, 0xff, 0xff, 0xff,
    0xff, 0xff, 0xf8, 0x0, 0x0, 0xcf, 0xff, 0xff,
    0xff, 0xff, 0xff, 0xff, 0xff, 0xff, 0xff, 0xff,
    0xff, 0xff, 0xe5, 0x0, 0x0, 0xc, 0xff, 0xff,
    0xff, 0xff, 0xff, 0xff, 0xff, 0xff, 0xff, 0xff,
    0xff, 0xfe, 0x80, 0x0, 0x0, 0x0, 0xcf, 0xff,
    0xff, 0xff, 0xff, 0xff, 0xff, 0xff, 0xff, 0xff,
    0xec, 0x94, 0x0, 0x0, 0x0, 0x0, 0xc, 0xff,
    0xff, 0xff, 0xfa, 0x0, 0x0, 0x0, 0x0, 0x0,
    0x0, 0x0, 0x0, 0x0, 0x0, 0x0, 0x0, 0xcf,
    0xff, 0xff, 0xff, 0xa0, 0x0, 0x0, 0x0, 0x0,
    0x0, 0x0, 0x0, 0x0, 0x0, 0x0, 0x0, 0xc,
    0xff, 0xff, 0xff, 0xfa, 0x0, 0x0, 0x0, 0x0,
    0x0, 0x0, 0x0, 0x0, 0x0, 0x0, 0x0, 0x0,
    0xcf, 0xff, 0xff, 0xff, 0xa0, 0x0, 0x0, 0x0,
    0x0, 0x0, 0x0, 0x0, 0x0, 0x0, 0x0, 0x0,
    0xc, 0xff, 0xff, 0xff, 0xfa, 0x0, 0x0, 0x0,
    0x0, 0x0, 0x0, 0x0, 0x0, 0x0, 0x0, 0x0,
    0x0, 0xcf, 0xff, 0xff, 0xff, 0xa0, 0x0, 0x0,
    0x0, 0x0, 0x0, 0x0, 0x0, 0x0, 0x0, 0x0,
    0x0, 0xc, 0xff, 0xff, 0xff, 0xfa, 0x0, 0x0,
    0x0, 0x0, 0x0, 0x0, 0x0, 0x0, 0x0, 0x0,
    0x0, 0x0, 0xcf, 0xff, 0xff, 0xff, 0xa0, 0x0,
    0x0, 0x0, 0x0, 0x0, 0x0, 0x0, 0x0, 0x0,
    0x0, 0x0, 0xc, 0xff, 0xff, 0xff, 0xfa, 0x0,
    0x0, 0x0, 0x0, 0x0, 0x0, 0x0, 0x0, 0x0,
    0x0, 0x0, 0x0, 0xcf, 0xff, 0xff, 0xff, 0xa0,
    0x0, 0x0, 0x0, 0x0, 0x0, 0x0, 0x0, 0x0,
    0x0, 0x0, 0x0, 0xc, 0xff, 0xff, 0xff, 0xfa,
    0x0, 0x0, 0x0, 0x0, 0x0, 0x0, 0x0, 0x0,
    0x0, 0x0, 0x0, 0x0, 0xcf, 0xff, 0xff, 0xff,
    0xa0, 0x0, 0x0, 0x0, 0x0, 0x0, 0x0, 0x0,
    0x0, 0x0, 0x0, 0x0, 0xc, 0xff, 0xff, 0xff,
    0xfa, 0x0, 0x0, 0x0, 0x0, 0x0, 0x0, 0x0,
    0x0, 0x0, 0x0, 0x0, 0x0, 0xcf, 0xff, 0xff,
    0xff, 0xa0, 0x0, 0x0, 0x0, 0x0, 0x0, 0x0,
    0x0, 0x0, 0x0, 0x0, 0x0, 0xc, 0xff, 0xff,
    0xff, 0xfa, 0x0, 0x0, 0x0, 0x0, 0x0, 0x0,
    0x0, 0x0, 0x0, 0x0, 0x0, 0x0, 0xcf, 0xff,
    0xff, 0xff, 0xa0, 0x0, 0x0, 0x0, 0x0, 0x0,
    0x0, 0x0, 0x0, 0x0, 0x0, 0x0, 0x6, 0x88,
    0x88, 0x88, 0x85, 0x0, 0x0, 0x0, 0x0, 0x0,
    0x0, 0x0, 0x0, 0x0, 0x0, 0x0, 0x0,

    /* U+0051 "Q" */
    0x0, 0x0, 0x0, 0x0, 0x0, 0x0, 0x47, 0xac,
    0xef, 0xff, 0xed, 0xb8, 0x50, 0x0, 0x0, 0x0,
    0x0, 0x0, 0x0, 0x0, 0x0, 0x0, 0x0, 0x3,
    0x9f, 0xff, 0xff, 0xff, 0xff, 0xff, 0xff, 0xff,
    0xb4, 0x0, 0x0, 0x0, 0x0, 0x0, 0x0, 0x0,
    0x0, 0x2, 0xaf, 0xff, 0xff, 0xff, 0xff, 0xff,
    0xff, 0xff, 0xff, 0xff, 0xc4, 0x0, 0x0, 0x0,
    0x0, 0x0, 0x0, 0x0, 0x6f, 0xff, 0xff, 0xff,
    0xff, 0xff, 0xff, 0xff, 0xff, 0xff, 0xff, 0xff,
    0x90, 0x0, 0x0, 0x0, 0x0, 0x0, 0x9, 0xff,
    0xff, 0xff, 0xff, 0xff, 0xff, 0xff, 0xff, 0xff,
    0xff, 0xff, 0xff, 0xfc, 0x10, 0x0, 0x0, 0x0,
    0x0, 0x9f, 0xff, 0xff, 0xff, 0xff, 0xff, 0xff,
    0xff, 0xff, 0xff, 0xff, 0xff, 0xff, 0xff, 0xc0,
    0x0, 0x0, 0x0, 0x6, 0xff, 0xff, 0xff, 0xff,
    0xff, 0xff, 0xff, 0xff, 0xff, 0xff, 0xff, 0xff,
    0xff, 0xff, 0xfa, 0x0, 0x0, 0x0, 0x2f, 0xff,
    0xff, 0xff, 0xff, 0xff, 0xff, 0xdb, 0xab, 0xcf,
    0xff, 0xff, 0xff, 0xff, 0xff, 0xff, 0x50, 0x0,
    0x0, 0xbf, 0xff, 0xff, 0xff, 0xff, 0xfd, 0x51,
    0x0, 0x0, 0x0, 0x4a, 0xff, 0xff, 0xff, 0xff,
    0xff, 0xe0, 0x0, 0x2, 0xff, 0xff, 0xff, 0xff,
    0xff, 0x60, 0x0, 0x0, 0x0, 0x0, 0x0, 0x3e,
    0xff, 0xff, 0xff, 0xff, 0xf6, 0x0, 0x9, 0xff,
    0xff, 0xff, 0xff, 0xf4, 0x0, 0x0, 0x0, 0x0,
    0x0, 0x0, 0x1, 0xef, 0xff, 0xff, 0xff, 0xfd,
    0x0, 0xe, 0xff, 0xff, 0xff, 0xff, 0x70, 0x0,
    0x0, 0x0, 0x0, 0x0, 0x0, 0x0, 0x3f, 0xff,
    0xff, 0xff, 0xff, 0x20, 0x2f, 0xff, 0xff, 0xff,
    0xfd, 0x0, 0x0, 0x0, 0x0, 0x0, 0x0, 0x0,
    0x0, 0x9, 0xff, 0xff, 0xff, 0xff, 0x70, 0x6f,
    0xff, 0xff, 0xff, 0xf6, 0x0, 0x0, 0x0, 0x0,
    0x0, 0x0, 0x0, 0x0, 0x2, 0xff, 0xff, 0xff,
    0xff, 0xa0, 0x8f, 0xff, 0xff, 0xff, 0xf1, 0x0,
    0x0, 0x0, 0x0, 0x0, 0x0, 0x0, 0x0, 0x0,
    0xdf, 0xff, 0xff, 0xff, 0xc0, 0xaf, 0xff, 0xff,
    0xff, 0xd0, 0x0, 0x0, 0x0, 0x0, 0x0, 0x0,
    0x0, 0x0, 0x0, 0x9f, 0xff, 0xff, 0xff, 0xe0,
    0xbf, 0xff, 0xff, 0xff, 0xb0, 0x0, 0x0, 0x0,
    0x0, 0x0, 0x0, 0x0, 0x0, 0x0, 0x7f, 0xff,
    0xff, 0xff, 0xf0, 0xcf, 0xff, 0xff, 0xff, 0xa0,
    0x0, 0x0, 0x0, 0x0, 0x0, 0x0, 0x0, 0x0,
    0x0, 0x6f, 0xff, 0xff, 0xff, 0xf0, 0xcf, 0xff,
    0xff, 0xff, 0xa0, 0x0, 0x0, 0x0, 0x0, 0x0,
    0x0, 0x0, 0x0, 0x0, 0x6f, 0xff, 0xff, 0xff,
    0xf0, 0xcf, 0xff, 0xff, 0xff, 0xa0, 0x0, 0x0,
    0x0, 0x0, 0x0, 0x0, 0x0, 0x0, 0x0, 0x6f,
    0xff, 0xff, 0xff, 0xf1, 0xcf, 0xff, 0xff, 0xff,
    0xa0, 0x0, 0x0, 0x0, 0x0, 0x0, 0x0, 0x0,
    0x0, 0x0, 0x6f, 0xff, 0xff, 0xff, 0xf1, 0xcf,
    0xff, 0xff, 0xff, 0xa0, 0x0, 0x0, 0x0, 0x0,
    0x0, 0x0, 0x0, 0x0, 0x0, 0x6f, 0xff, 0xff,
    0xff, 0xf1, 0xcf, 0xff, 0xff, 0xff, 0xa0, 0x0,
    0x0, 0x0, 0x0, 0x0, 0x0, 0x0, 0x0, 0x0,
    0x6f, 0xff, 0xff, 0xff, 0xf1, 0xcf, 0xff, 0xff,
    0xff, 0xa0, 0x0, 0x0, 0x0, 0x0, 0x0, 0x0,
    0x0, 0x0, 0x0, 0x6f, 0xff, 0xff, 0xff, 0xf1,
    0xcf, 0xff, 0xff, 0xff, 0xa0, 0x0, 0x0, 0x0,
    0x0, 0x0, 0x0, 0x0, 0x0, 0x0, 0x6f, 0xff,
    0xff, 0xff, 0xf1, 0xcf, 0xff, 0xff, 0xff, 0xa0,
    0x0, 0x0, 0x0, 0x0, 0x0, 0x0, 0x0, 0x0,
    0x0, 0x6f, 0xff, 0xff, 0xff, 0xf1, 0xcf, 0xff,
    0xff, 0xff, 0xa0, 0x0, 0x0, 0x0, 0x0, 0x0,
    0x0, 0x0, 0x0, 0x0, 0x6f, 0xff, 0xff, 0xff,
    0xf1, 0xcf, 0xff, 0xff, 0xff, 0xa0, 0x0, 0x0,
    0x0, 0x0, 0x0, 0x0, 0x0, 0x0, 0x0, 0x6f,
    0xff, 0xff, 0xff, 0xf1, 0xcf, 0xff, 0xff, 0xff,
    0xa0, 0x0, 0x0, 0x0, 0x0, 0x0, 0x0, 0x0,
    0x0, 0x0, 0x6f, 0xff, 0xff, 0xff, 0xf0, 0xcf,
    0xff, 0xff, 0xff, 0xa0, 0x0, 0x0, 0x0, 0x0,
    0x0, 0x0, 0x0, 0x0, 0x0, 0x6f, 0xff, 0xff,
    0xff, 0xf0, 0xbf, 0xff, 0xff, 0xff, 0xb0, 0x0,
    0x0, 0x0, 0x0, 0x0, 0x0, 0x0, 0x0, 0x0,
    0x7f, 0xff, 0xff, 0xff, 0xf0, 0xaf, 0xff, 0xff,
    0xff, 0xd0, 0x0, 0x0, 0x0, 0x0, 0x0, 0x0,
    0x0, 0x0, 0x0, 0x9f, 0xff, 0xff, 0xff, 0xe0,
    0x8f, 0xff, 0xff, 0xff, 0xf1, 0x0, 0x0, 0x0,
    0x0, 0x0, 0x0, 0x0, 0x0, 0x0, 0xdf, 0xff,
    0xff, 0xff, 0xc0, 0x6f, 0xff, 0xff, 0xff, 0xf6,
    0x0, 0x0, 0x0, 0x0, 0x0, 0x0, 0x0, 0x0,
    0x2, 0xff, 0xff, 0xff, 0xff, 0xa0, 0x2f, 0xff,
    0xff, 0xff, 0xfd, 0x0, 0x0, 0x0, 0x0, 0x0,
    0x0, 0x0, 0x0, 0x9, 0xff, 0xff, 0xff, 0xff,
    0x70, 0xe, 0xff, 0xff, 0xff, 0xff, 0x70, 0x0,
    0x0, 0x0, 0x0, 0x0, 0x0, 0x0, 0x3f, 0xff,
    0xff, 0xff, 0xff, 0x20, 0x9, 0xff, 0xff, 0xff,
    0xff, 0xf4, 0x0, 0x0, 0x0, 0x0, 0x0, 0x0,
    0x1, 0xdf, 0xff, 0xff, 0xff, 0xfd, 0x0, 0x2,
    0xff, 0xff, 0xff, 0xff, 0xff, 0x60, 0x0, 0x0,
    0x0, 0x0, 0x0, 0x3e, 0xff, 0xff, 0xff, 0xff,
    0xf6, 0x0, 0x0, 0xbf, 0xff, 0xff, 0xff, 0xff,
    0xfc, 0x51, 0x0, 0x0, 0x0, 0x3a, 0xff, 0xff,
    0xff, 0xff, 0xff, 0xe0, 0x0, 0x0, 0x2f, 0xff,
    0xff, 0xff, 0xff, 0xff, 0xff, 0xdb, 0xab, 0xcf,
    0xff, 0xff, 0xff, 0xff, 0xff, 0xff, 0x60, 0x0,
    0x0, 0x6, 0xff, 0xff, 0xff, 0xff, 0xff, 0xff,
    0xff, 0xff, 0xff, 0xff, 0xff, 0xff, 0xff, 0xff,
    0xfa, 0x0, 0x0, 0x0, 0x0, 0x9f, 0xff, 0xff,
    0xff, 0xff, 0xff, 0xff, 0xff, 0xff, 0xff, 0xff,
    0xff, 0xff, 0xff, 0xc0, 0x0, 0x0, 0x0, 0x0,
    0x9, 0xff, 0xff, 0xff, 0xff, 0xff, 0xff, 0xff,
    0xff, 0xff, 0xff, 0xff, 0xff, 0xfc, 0x10, 0x0,
    0x0, 0x0, 0x0, 0x0, 0x6f, 0xff, 0xff, 0xff,
    0xff, 0xff, 0xff, 0xff, 0xff, 0xff, 0xff, 0xff,
    0x90, 0x0, 0x0, 0x0, 0x0, 0x0, 0x0, 0x2,
    0xbf, 0xff, 0xff, 0xff, 0xff, 0xff, 0xff, 0xff,
    0xff, 0xff, 0xd4, 0x0, 0x0, 0x0, 0x0, 0x0,
    0x0, 0x0, 0x0, 0x3, 0x9f, 0xff, 0xff, 0xff,
    0xff, 0xff, 0xff, 0xff, 0xb5, 0x0, 0x0, 0x0,
    0x0, 0x0, 0x0, 0x0, 0x0, 0x0, 0x0, 0x0,
    0x47, 0xff, 0xff, 0xff, 0xff, 0xf8, 0x51, 0x0,
    0x0, 0x0, 0x0, 0x0, 0x0, 0x0, 0x0, 0x0,
    0x0, 0x0, 0x0, 0x0, 0x7f, 0xff, 0xff, 0xff,
    0xb0, 0x0, 0x0, 0x0, 0x0, 0x0, 0x0, 0x0,
    0x0, 0x0, 0x0, 0x0, 0x0, 0x0, 0x0, 0x7f,
    0xff, 0xff, 0xff, 0xb0, 0x0, 0x0, 0x0, 0x0,
    0x0, 0x0, 0x0, 0x0, 0x0, 0x0, 0x0, 0x0,
    0x0, 0x0, 0x7f, 0xff, 0xff, 0xff, 0xc0, 0x0,
    0x0, 0x0, 0x0, 0x0, 0x0, 0x0, 0x0, 0x0,
    0x0, 0x0, 0x0, 0x0, 0x0, 0x7f, 0xff, 0xff,
    0xff, 0xe0, 0x0, 0x0, 0x0, 0x0, 0x0, 0x0,
    0x0, 0x0, 0x0, 0x0, 0x0, 0x0, 0x0, 0x0,
    0x6f, 0xff, 0xff, 0xff, 0xfd, 0x99, 0x99, 0x20,
    0x0, 0x0, 0x0, 0x0, 0x0, 0x0, 0x0, 0x0,
    0x0, 0x0, 0x0, 0x4f, 0xff, 0xff, 0xff, 0xff,
    0xff, 0xff, 0x40, 0x0, 0x0, 0x0, 0x0, 0x0,
    0x0, 0x0, 0x0, 0x0, 0x0, 0x0, 0xf, 0xff,
    0xff, 0xff, 0xff, 0xff, 0xff, 0x40, 0x0, 0x0,
    0x0, 0x0, 0x0, 0x0, 0x0, 0x0, 0x0, 0x0,
    0x0, 0x8, 0xff, 0xff, 0xff, 0xff, 0xff, 0xff,
    0x40, 0x0, 0x0, 0x0, 0x0, 0x0, 0x0, 0x0,
    0x0, 0x0, 0x0, 0x0, 0x0, 0xdf, 0xff, 0xff,
    0xff, 0xff, 0xff, 0x40, 0x0, 0x0, 0x0, 0x0,
    0x0, 0x0, 0x0, 0x0, 0x0, 0x0, 0x0, 0x0,
    0x1c, 0xff, 0xff, 0xff, 0xff, 0xff, 0x40, 0x0,
    0x0, 0x0, 0x0, 0x0, 0x0, 0x0, 0x0, 0x0,
    0x0, 0x0, 0x0, 0x0, 0x5b, 0xef, 0xff, 0xff,
    0xff, 0x40, 0x0, 0x0, 0x0, 0x0,

    /* U+0052 "R" */
    0xcf, 0xff, 0xff, 0xff, 0xff, 0xff, 0xff, 0xff,
    0xff, 0xff, 0xfe, 0xca, 0x61, 0x0, 0x0, 0x0,
    0x0, 0xcf, 0xff, 0xff, 0xff, 0xff, 0xff, 0xff,
    0xff, 0xff, 0xff, 0xff, 0xff, 0xff, 0xb4, 0x0,
    0x0, 0x0, 0xcf, 0xff, 0xff, 0xff, 0xff, 0xff,
    0xff, 0xff, 0xff, 0xff, 0xff, 0xff, 0xff, 0xff,
    0xa1, 0x0, 0x0, 0xcf, 0xff, 0xff, 0xff, 0xff,
    0xff, 0xff, 0xff, 0xff, 0xff, 0xff, 0xff, 0xff,
    0xff, 0xfe, 0x20, 0x0, 0xcf, 0xff, 0xff, 0xff,
    0xff, 0xff, 0xff, 0xff, 0xff, 0xff, 0xff, 0xff,
    0xff, 0xff, 0xff, 0xe1, 0x0, 0xcf, 0xff, 0xff,
    0xff, 0xff, 0xff, 0xff, 0xff, 0xff, 0xff, 0xff,
    0xff, 0xff, 0xff, 0xff, 0xfc, 0x0, 0xcf, 0xff,
    0xff, 0xff, 0xff, 0xff, 0xff, 0xff, 0xff, 0xff,
    0xff, 0xff, 0xff, 0xff, 0xff, 0xff, 0x50, 0xcf,
    0xff, 0xff, 0xff, 0xec, 0xcc, 0xcc, 0xcc, 0xcc,
    0xcd, 0xef, 0xff, 0xff, 0xff, 0xff, 0xff, 0xc0,
    0xcf, 0xff, 0xff, 0xff, 0xa0, 0x0, 0x0, 0x0,
    0x0, 0x0, 0x3, 0xaf, 0xff, 0xff, 0xff, 0xff,
    0xf2, 0xcf, 0xff, 0xff, 0xff, 0xa0, 0x0, 0x0,
    0x0, 0x0, 0x0, 0x0, 0x6, 0xff, 0xff, 0xff,
    0xff, 0xf6, 0xcf, 0xff, 0xff, 0xff, 0xa0, 0x0,
    0x0, 0x0, 0x0, 0x0, 0x0, 0x0, 0xaf, 0xff,
    0xff, 0xff, 0xf8, 0xcf, 0xff, 0xff, 0xff, 0xa0,
    0x0, 0x0, 0x0, 0x0, 0x0, 0x0, 0x0, 0x2f,
    0xff, 0xff, 0xff, 0xf9, 0xcf, 0xff, 0xff, 0xff,
    0xa0, 0x0, 0x0, 0x0, 0x0, 0x0, 0x0, 0x0,
    0xe, 0xff, 0xff, 0xff, 0xf9, 0xcf, 0xff, 0xff,
    0xff, 0xa0, 0x0, 0x0, 0x0, 0x0, 0x0, 0x0,
    0x0, 0xd, 0xff, 0xff, 0xff, 0xf9, 0xcf, 0xff,
    0xff, 0xff, 0xa0, 0x0, 0x0, 0x0, 0x0, 0x0,
    0x0, 0x0, 0xd, 0xff, 0xff, 0xff, 0xf8, 0xcf,
    0xff, 0xff, 0xff, 0xa0, 0x0, 0x0, 0x0, 0x0,
    0x0, 0x0, 0x0, 0xe, 0xff, 0xff, 0xff, 0xf5,
    0xcf, 0xff, 0xff, 0xff, 0xa0, 0x0, 0x0, 0x0,
    0x0, 0x0, 0x0, 0x0, 0x2f, 0xff, 0xff, 0xff,
    0xf1, 0xcf, 0xff, 0xff, 0xff, 0xa0, 0x0, 0x0,
    0x0, 0x0, 0x0, 0x0, 0x0, 0xaf, 0xff, 0xff,
    0xff, 0xb0, 0xcf, 0xff, 0xff, 0xff, 0xa0, 0x0,
    0x0, 0x0, 0x0, 0x0, 0x0, 0x7, 0xff, 0xff,
    0xff, 0xff, 0x20, 0xcf, 0xff, 0xff, 0xff, 0xa0,
    0x0, 0x0, 0x0, 0x0, 0x0, 0x3, 0xaf, 0xff,
    0xff, 0xff, 0xf7, 0x0, 0xcf, 0xff, 0xff, 0xff,
    0xec, 0xcc, 0xcc, 0xcc, 0xcc, 0xcd, 0xef, 0xff,
    0xff, 0xff, 0xff, 0x90, 0x0, 0xcf, 0xff, 0xff,
    0xff, 0xff, 0xff, 0xff, 0xff, 0xff, 0xff, 0xff,
    0xff, 0xff, 0xff, 0xf6, 0x0, 0x0, 0xcf, 0xff,
    0xff, 0xff, 0xff, 0xff, 0xff, 0xff, 0xff, 0xff,
    0xff, 0xff, 0xff, 0xfa, 0x20, 0x0, 0x0, 0xcf,
    0xff, 0xff, 0xff, 0xff, 0xff, 0xff, 0xff, 0xff,
    0xff, 0xff, 0xff, 0xff, 0xf0, 0x0, 0x0, 0x0,
    0xcf, 0xff, 0xff, 0xff, 0xff, 0xff, 0xff, 0xff,
    0xff, 0xff, 0xff, 0xff, 0xff, 0xfd, 0xb5, 0x0,
    0x0, 0xcf, 0xff, 0xff, 0xff, 0xff, 0xff, 0xff,
    0xff, 0xff, 0xff, 0xff, 0xff, 0xff, 0xff, 0xff,
    0xa0, 0x0, 0xcf, 0xff, 0xff, 0xff, 0xff, 0xff,
    0xff, 0xff, 0xff, 0xff, 0xff, 0xff, 0xff, 0xff,
    0xff, 0xf7, 0x0, 0xcf, 0xff, 0xff, 0xff, 0xff,
    0xff, 0xff, 0xff, 0xff, 0xff, 0xff, 0xff, 0xff,
    0xff, 0xff, 0xfe, 0x0, 0xcf, 0xff, 0xff, 0xff,
    0xa0, 0x0, 0x0, 0x0, 0x0, 0x0, 0x1, 0x8f,
    0xff, 0xff, 0xff, 0xff, 0x30, 0xcf, 0xff, 0xff,
    0xff, 0xa0, 0x0, 0x0, 0x0, 0x0, 0x0, 0x0,
    0x9, 0xff, 0xff, 0xff, 0xff, 0x50, 0xcf, 0xff,
    0xff, 0xff, 0xa0, 0x0, 0x0, 0x0, 0x0, 0x0,
    0x0, 0x3, 0xff, 0xff, 0xff, 0xff, 0x50, 0xcf,
    0xff, 0xff, 0xff, 0xa0, 0x0, 0x0, 0x0, 0x0,
    0x0, 0x0, 0x1, 0xff, 0xff, 0xff, 0xff, 0x50,
    0xcf, 0xff, 0xff, 0xff, 0xa0, 0x0, 0x0, 0x0,
    0x0, 0x0, 0x0, 0x1, 0xff, 0xff, 0xff, 0xff,
    0x50, 0xcf, 0xff, 0xff, 0xff, 0xa0, 0x0, 0x0,
    0x0, 0x0, 0x0, 0x0, 0x1, 0xff, 0xff, 0xff,
    0xff, 0x50, 0xcf, 0xff, 0xff, 0xff, 0xa0, 0x0,
    0x0, 0x0, 0x0, 0x0, 0x0, 0x1, 0xff, 0xff,
    0xff, 0xff, 0x50, 0xcf, 0xff, 0xff, 0xff, 0xa0,
    0x0, 0x0, 0x0, 0x0, 0x0, 0x0, 0x1, 0xff,
    0xff, 0xff, 0xff, 0x50, 0xcf, 0xff, 0xff, 0xff,
    0xa0, 0x0, 0x0, 0x0, 0x0, 0x0, 0x0, 0x1,
    0xff, 0xff, 0xff, 0xff, 0x50, 0xcf, 0xff, 0xff,
    0xff, 0xa0, 0x0, 0x0, 0x0, 0x0, 0x0, 0x0,
    0x1, 0xff, 0xff, 0xff, 0xff, 0x50, 0xcf, 0xff,
    0xff, 0xff, 0xa0, 0x0, 0x0, 0x0, 0x0, 0x0,
    0x0, 0x1, 0xff, 0xff, 0xff, 0xff, 0x50, 0xcf,
    0xff, 0xff, 0xff, 0xa0, 0x0, 0x0, 0x0, 0x0,
    0x0, 0x0, 0x1, 0xff, 0xff, 0xff, 0xff, 0x50,
    0xcf, 0xff, 0xff, 0xff, 0xa0, 0x0, 0x0, 0x0,
    0x0, 0x0, 0x0, 0x1, 0xff, 0xff, 0xff, 0xff,
    0x50, 0xcf, 0xff, 0xff, 0xff, 0xa0, 0x0, 0x0,
    0x0, 0x0, 0x0, 0x0, 0x1, 0xff, 0xff, 0xff,
    0xff, 0x50, 0xcf, 0xff, 0xff, 0xff, 0xa0, 0x0,
    0x0, 0x0, 0x0, 0x0, 0x0, 0x1, 0xff, 0xff,
    0xff, 0xff, 0x50, 0xcf, 0xff, 0xff, 0xff, 0xa0,
    0x0, 0x0, 0x0, 0x0, 0x0, 0x0, 0x1, 0xff,
    0xff, 0xff, 0xff, 0x50, 0xcf, 0xff, 0xff, 0xff,
    0xa0, 0x0, 0x0, 0x0, 0x0, 0x0, 0x0, 0x1,
    0xff, 0xff, 0xff, 0xff, 0x50,

    /* U+0053 "S" */
    0x0, 0x0, 0x0, 0x0, 0x0, 0x15, 0x9b, 0xde,
    0xff, 0xed, 0xb9, 0x51, 0x0, 0x0, 0x0, 0x0,
    0x0, 0x0, 0x0, 0x0, 0x0, 0x5, 0xbf, 0xff,
    0xff, 0xff, 0xff, 0xff, 0xff, 0xfb, 0x50, 0x0,
    0x0, 0x0, 0x0, 0x0, 0x0, 0x0, 0x3c, 0xff,
    0xff, 0xff, 0xff, 0xff, 0xff, 0xff, 0xff, 0xff,
    0xd4, 0x0, 0x0, 0x0, 0x0, 0x0, 0x0, 0x7f,
    0xff, 0xff, 0xff, 0xff, 0xff, 0xff, 0xff, 0xff,
    0xff, 0xff, 0xf9, 0x0, 0x0, 0x0, 0x0, 0x0,
    0x8f, 0xff, 0xff, 0xff, 0xff, 0xff, 0xff, 0xff,
    0xff, 0xff, 0xff, 0xff, 0xfb, 0x0, 0x0, 0x0,
    0x0, 0x6f, 0xff, 0xff, 0xff, 0xff, 0xff, 0xff,
    0xff, 0xff, 0xff, 0xff, 0xff, 0xff, 0xf9, 0x0,
    0x0, 0x0, 0x1f, 0xff, 0xff, 0xff, 0xff, 0xff,
    0xff, 0xff, 0xff, 0xff, 0xff, 0xff, 0xff, 0xff,
    0xf5, 0x0, 0x0, 0x9, 0xff, 0xff, 0xff, 0xff,
    0xff, 0xeb, 0x98, 0x8a, 0xcf, 0xff, 0xff, 0xff,
    0xff, 0xff, 0xe0, 0x0, 0x0, 0xff, 0xff, 0xff,
    0xff, 0xfd, 0x50, 0x0, 0x0, 0x0, 0x5, 0xdf,
    0xff, 0xff, 0xff, 0xff, 0x60, 0x0, 0x5f, 0xff,
    0xff, 0xff, 0xfc, 0x0, 0x0, 0x0, 0x0, 0x0,
    0x0, 0xaf, 0xff, 0xff, 0xff, 0xfc, 0x0, 0x8,
    0xff, 0xff, 0xff, 0xff, 0x10, 0x0, 0x0, 0x0,
    0x0, 0x0, 0x0, 0xcf, 0xff, 0xff, 0xff, 0xf1,
    0x0, 0xbf, 0xff, 0xff, 0xff, 0xb0, 0x0, 0x0,
    0x0, 0x0, 0x0, 0x0, 0x5, 0xff, 0xff, 0xff,
    0xff, 0x40, 0xc, 0xff, 0xff, 0xff, 0xf8, 0x0,
    0x0, 0x0, 0x0, 0x0, 0x0, 0x0, 0xf, 0xff,
    0xff, 0xff, 0xf7, 0x0, 0xcf, 0xff, 0xff, 0xff,
    0x90, 0x0, 0x0, 0x0, 0x0, 0x0, 0x0, 0x0,
    0xdf, 0xff, 0xff, 0xff, 0x80, 0xb, 0xff, 0xff,
    0xff, 0xfc, 0x0, 0x0, 0x0, 0x0, 0x0, 0x0,
    0x0, 0xc, 0xff, 0xff, 0xff, 0xf9, 0x0, 0x9f,
    0xff, 0xff, 0xff, 0xf4, 0x0, 0x0, 0x0, 0x0,
    0x0, 0x0, 0x0, 0xbf, 0xff, 0xff, 0xff, 0x90,
    0x6, 0xff, 0xff, 0xff, 0xff, 0xe3, 0x0, 0x0,
    0x0, 0x0, 0x0, 0x0, 0x7, 0xaa, 0xaa, 0xaa,
    0xa6, 0x0, 0x2f, 0xff, 0xff, 0xff, 0xff, 0xf9,
    0x10, 0x0, 0x0, 0x0, 0x0, 0x0, 0x0, 0x0,
    0x0, 0x0, 0x0, 0x0, 0xcf, 0xff, 0xff, 0xff,
    0xff, 0xff, 0xb6, 0x20, 0x0, 0x0, 0x0, 0x0,
    0x0, 0x0, 0x0, 0x0, 0x0, 0x4, 0xff, 0xff,
    0xff, 0xff, 0xff, 0xff, 0xff, 0xeb, 0x73, 0x0,
    0x0, 0x0, 0x0, 0x0, 0x0, 0x0, 0x0, 0x8,
    0xff, 0xff, 0xff, 0xff, 0xff, 0xff, 0xff, 0xff,
    0xff, 0xa5, 0x0, 0x0, 0x0, 0x0, 0x0, 0x0,
    0x0, 0xa, 0xff, 0xff, 0xff, 0xff, 0xff, 0xff,
    0xff, 0xff, 0xff, 0xff, 0xa4, 0x0, 0x0, 0x0,
    0x0, 0x0, 0x0, 0x7, 0xff, 0xff, 0xff, 0xff,
    0xff, 0xff, 0xff, 0xff, 0xff, 0xff, 0xfc, 0x40,
    0x0, 0x0, 0x0, 0x0, 0x0, 0x3, 0xbf, 0xff,
    0xff, 0xff, 0xff, 0xff, 0xff, 0xff, 0xff, 0xff,
    0xff, 0xa1, 0x0, 0x0, 0x0, 0x0, 0x0, 0x0,
    0x3a, 0xff, 0xff, 0xff, 0xff, 0xff, 0xff, 0xff,
    0xff, 0xff, 0xff, 0xe2, 0x0, 0x0, 0x0, 0x0,
    0x0, 0x0, 0x1, 0x6b, 0xff, 0xff, 0xff, 0xff,
    0xff, 0xff, 0xff, 0xff, 0xff, 0xe2, 0x0, 0x0,
    0x0, 0x0, 0x0, 0x0, 0x0, 0x0, 0x48, 0xcf,
    0xff, 0xff, 0xff, 0xff, 0xff, 0xff, 0xff, 0xd0,
    0x0, 0x0, 0x0, 0x0, 0x0, 0x0, 0x0, 0x0,
    0x0, 0x4, 0x8c, 0xff, 0xff, 0xff, 0xff, 0xff,
    0xff, 0x70, 0x0, 0x0, 0x0, 0x0, 0x0, 0x0,
    0x0, 0x0, 0x0, 0x0, 0x1, 0x7e, 0xff, 0xff,
    0xff, 0xff, 0xfe, 0x5, 0x77, 0x77, 0x77, 0x73,
    0x0, 0x0, 0x0, 0x0, 0x0, 0x0, 0x0, 0x9,
    0xff, 0xff, 0xff, 0xff, 0xf4, 0xdf, 0xff, 0xff,
    0xff, 0x80, 0x0, 0x0, 0x0, 0x0, 0x0, 0x0,
    0x0, 0x7, 0xff, 0xff, 0xff, 0xff, 0x7d, 0xff,
    0xff, 0xff, 0xf8, 0x0, 0x0, 0x0, 0x0, 0x0,
    0x0, 0x0, 0x0, 0xe, 0xff, 0xff, 0xff, 0xfa,
    0xcf, 0xff, 0xff, 0xff, 0x90, 0x0, 0x0, 0x0,
    0x0, 0x0, 0x0, 0x0, 0x0, 0xaf, 0xff, 0xff,
    0xff, 0xbb, 0xff, 0xff, 0xff, 0xfb, 0x0, 0x0,
    0x0, 0x0, 0x0, 0x0, 0x0, 0x0, 0x9, 0xff,
    0xff, 0xff, 0xfb, 0x8f, 0xff, 0xff, 0xff, 0xf0,
    0x0, 0x0, 0x0, 0x0, 0x0, 0x0, 0x0, 0x0,
    0xbf, 0xff, 0xff, 0xff, 0xa5, 0xff, 0xff, 0xff,
    0xff, 0x60, 0x0, 0x0, 0x0, 0x0, 0x0, 0x0,
    0x0, 0x1f, 0xff, 0xff, 0xff, 0xf8, 0x1f, 0xff,
    0xff, 0xff, 0xfe, 0x20, 0x0, 0x0, 0x0, 0x0,
    0x0, 0x0, 0x9, 0xff, 0xff, 0xff, 0xff, 0x40,
    0xbf, 0xff, 0xff, 0xff, 0xfe, 0x30, 0x0, 0x0,
    0x0, 0x0, 0x0, 0x7, 0xff, 0xff, 0xff, 0xff,
    0xf0, 0x4, 0xff, 0xff, 0xff, 0xff, 0xff, 0x92,
    0x0, 0x0, 0x0, 0x0, 0x4c, 0xff, 0xff, 0xff,
    0xff, 0xfa, 0x0, 0xb, 0xff, 0xff, 0xff, 0xff,
    0xff, 0xfe, 0xa9, 0x88, 0x9b, 0xef, 0xff, 0xff,
    0xff, 0xff, 0xff, 0x20, 0x0, 0x1e, 0xff, 0xff,
    0xff, 0xff, 0xff, 0xff, 0xff, 0xff, 0xff, 0xff,
    0xff, 0xff, 0xff, 0xff, 0x80, 0x0, 0x0, 0x4f,
    0xff, 0xff, 0xff, 0xff, 0xff, 0xff, 0xff, 0xff,
    0xff, 0xff, 0xff, 0xff, 0xff, 0xb0, 0x0, 0x0,
    0x0, 0x4f, 0xff, 0xff, 0xff, 0xff, 0xff, 0xff,
    0xff, 0xff, 0xff, 0xff, 0xff, 0xff, 0xb0, 0x0,
    0x0, 0x0, 0x0, 0x3d, 0xff, 0xff, 0xff, 0xff,
    0xff, 0xff, 0xff, 0xff, 0xff, 0xff, 0xff, 0x90,
    0x0, 0x0, 0x0, 0x0, 0x0, 0x8, 0xff, 0xff,
    0xff, 0xff, 0xff, 0xff, 0xff, 0xff, 0xff, 0xfd,
    0x40, 0x0, 0x0, 0x0, 0x0, 0x0, 0x0, 0x1,
    0x7d, 0xff, 0xff, 0xff, 0xff, 0xff, 0xff, 0xff,
    0xb5, 0x0, 0x0, 0x0, 0x0, 0x0, 0x0, 0x0,
    0x0, 0x0, 0x2, 0x69, 0xce, 0xff, 0xfe, 0xdb,
    0x95, 0x10, 0x0, 0x0, 0x0, 0x0, 0x0,

    /* U+0054 "T" */
    0x5c, 0xcc, 0xcc, 0xcc, 0xcc, 0xcc, 0xcc, 0xcc,
    0xcc, 0xcc, 0xcc, 0xcc, 0xcc, 0xcc, 0xcc, 0xcc,
    0xcc, 0xc1, 0x7f, 0xff, 0xff, 0xff, 0xff, 0xff,
    0xff, 0xff, 0xff, 0xff, 0xff, 0xff, 0xff, 0xff,
    0xff, 0xff, 0xff, 0xf1, 0x7f, 0xff, 0xff, 0xff,
    0xff, 0xff, 0xff, 0xff, 0xff, 0xff, 0xff, 0xff,
    0xff, 0xff, 0xff, 0xff, 0xff, 0xf1, 0x7f, 0xff,
    0xff, 0xff, 0xff, 0xff, 0xff, 0xff, 0xff, 0xff,
    0xff, 0xff, 0xff, 0xff, 0xff, 0xff, 0xff, 0xf1,
    0x7f, 0xff, 0xff, 0xff, 0xff, 0xff, 0xff, 0xff,
    0xff, 0xff, 0xff, 0xff, 0xff, 0xff, 0xff, 0xff,
    0xff, 0xf1, 0x7f, 0xff, 0xff, 0xff, 0xff, 0xff,
    0xff, 0xff, 0xff, 0xff, 0xff, 0xff, 0xff, 0xff,
    0xff, 0xff, 0xff, 0xf1, 0x7f, 0xff, 0xff, 0xff,
    0xff, 0xff, 0xff, 0xff, 0xff, 0xff, 0xff, 0xff,
    0xff, 0xff, 0xff, 0xff, 0xff, 0xf1, 0x7f, 0xff,
    0xff, 0xff, 0xff, 0xff, 0xff, 0xff, 0xff, 0xff,
    0xff, 0xff, 0xff, 0xff, 0xff, 0xff, 0xff, 0xf1,
    0x0, 0x0, 0x0, 0x0, 0x0, 0x0, 0x6, 0xff,
    0xff, 0xff, 0xff, 0x0, 0x0, 0x0, 0x0, 0x0,
    0x0, 0x0, 0x0, 0x0, 0x0, 0x0, 0x0, 0x0,
    0x6, 0xff, 0xff, 0xff, 0xff, 0x0, 0x0, 0x0,
    0x0, 0x0, 0x0, 0x0, 0x0, 0x0, 0x0, 0x0,
    0x0, 0x0, 0x6, 0xff, 0xff, 0xff, 0xff, 0x0,
    0x0, 0x0, 0x0, 0x0, 0x0, 0x0, 0x0, 0x0,
    0x0, 0x0, 0x0, 0x0, 0x6, 0xff, 0xff, 0xff,
    0xff, 0x0, 0x0, 0x0, 0x0, 0x0, 0x0, 0x0,
    0x0, 0x0, 0x0, 0x0, 0x0, 0x0, 0x6, 0xff,
    0xff, 0xff, 0xff, 0x0, 0x0, 0x0, 0x0, 0x0,
    0x0, 0x0, 0x0, 0x0, 0x0, 0x0, 0x0, 0x0,
    0x6, 0xff, 0xff, 0xff, 0xff, 0x0, 0x0, 0x0,
    0x0, 0x0, 0x0, 0x0, 0x0, 0x0, 0x0, 0x0,
    0x0, 0x0, 0x6, 0xff, 0xff, 0xff, 0xff, 0x0,
    0x0, 0x0, 0x0, 0x0, 0x0, 0x0, 0x0, 0x0,
    0x0, 0x0, 0x0, 0x0, 0x6, 0xff, 0xff, 0xff,
    0xff, 0x0, 0x0, 0x0, 0x0, 0x0, 0x0, 0x0,
    0x0, 0x0, 0x0, 0x0, 0x0, 0x0, 0x6, 0xff,
    0xff, 0xff, 0xff, 0x0, 0x0, 0x0, 0x0, 0x0,
    0x0, 0x0, 0x0, 0x0, 0x0, 0x0, 0x0, 0x0,
    0x6, 0xff, 0xff, 0xff, 0xff, 0x0, 0x0, 0x0,
    0x0, 0x0, 0x0, 0x0, 0x0, 0x0, 0x0, 0x0,
    0x0, 0x0, 0x6, 0xff, 0xff, 0xff, 0xff, 0x0,
    0x0, 0x0, 0x0, 0x0, 0x0, 0x0, 0x0, 0x0,
    0x0, 0x0, 0x0, 0x0, 0x6, 0xff, 0xff, 0xff,
    0xff, 0x0, 0x0, 0x0, 0x0, 0x0, 0x0, 0x0,
    0x0, 0x0, 0x0, 0x0, 0x0, 0x0, 0x6, 0xff,
    0xff, 0xff, 0xff, 0x0, 0x0, 0x0, 0x0, 0x0,
    0x0, 0x0, 0x0, 0x0, 0x0, 0x0, 0x0, 0x0,
    0x6, 0xff, 0xff, 0xff, 0xff, 0x0, 0x0, 0x0,
    0x0, 0x0, 0x0, 0x0, 0x0, 0x0, 0x0, 0x0,
    0x0, 0x0, 0x6, 0xff, 0xff, 0xff, 0xff, 0x0,
    0x0, 0x0, 0x0, 0x0, 0x0, 0x0, 0x0, 0x0,
    0x0, 0x0, 0x0, 0x0, 0x6, 0xff, 0xff, 0xff,
    0xff, 0x0, 0x0, 0x0, 0x0, 0x0, 0x0, 0x0,
    0x0, 0x0, 0x0, 0x0, 0x0, 0x0, 0x6, 0xff,
    0xff, 0xff, 0xff, 0x0, 0x0, 0x0, 0x0, 0x0,
    0x0, 0x0, 0x0, 0x0, 0x0, 0x0, 0x0, 0x0,
    0x6, 0xff, 0xff, 0xff, 0xff, 0x0, 0x0, 0x0,
    0x0, 0x0, 0x0, 0x0, 0x0, 0x0, 0x0, 0x0,
    0x0, 0x0, 0x6, 0xff, 0xff, 0xff, 0xff, 0x0,
    0x0, 0x0, 0x0, 0x0, 0x0, 0x0, 0x0, 0x0,
    0x0, 0x0, 0x0, 0x0, 0x6, 0xff, 0xff, 0xff,
    0xff, 0x0, 0x0, 0x0, 0x0, 0x0, 0x0, 0x0,
    0x0, 0x0, 0x0, 0x0, 0x0, 0x0, 0x6, 0xff,
    0xff, 0xff, 0xff, 0x0, 0x0, 0x0, 0x0, 0x0,
    0x0, 0x0, 0x0, 0x0, 0x0, 0x0, 0x0, 0x0,
    0x6, 0xff, 0xff, 0xff, 0xff, 0x0, 0x0, 0x0,
    0x0, 0x0, 0x0, 0x0, 0x0, 0x0, 0x0, 0x0,
    0x0, 0x0, 0x6, 0xff, 0xff, 0xff, 0xff, 0x0,
    0x0, 0x0, 0x0, 0x0, 0x0, 0x0, 0x0, 0x0,
    0x0, 0x0, 0x0, 0x0, 0x6, 0xff, 0xff, 0xff,
    0xff, 0x0, 0x0, 0x0, 0x0, 0x0, 0x0, 0x0,
    0x0, 0x0, 0x0, 0x0, 0x0, 0x0, 0x6, 0xff,
    0xff, 0xff, 0xff, 0x0, 0x0, 0x0, 0x0, 0x0,
    0x0, 0x0, 0x0, 0x0, 0x0, 0x0, 0x0, 0x0,
    0x6, 0xff, 0xff, 0xff, 0xff, 0x0, 0x0, 0x0,
    0x0, 0x0, 0x0, 0x0, 0x0, 0x0, 0x0, 0x0,
    0x0, 0x0, 0x6, 0xff, 0xff, 0xff, 0xff, 0x0,
    0x0, 0x0, 0x0, 0x0, 0x0, 0x0, 0x0, 0x0,
    0x0, 0x0, 0x0, 0x0, 0x6, 0xff, 0xff, 0xff,
    0xff, 0x0, 0x0, 0x0, 0x0, 0x0, 0x0, 0x0,
    0x0, 0x0, 0x0, 0x0, 0x0, 0x0, 0x6, 0xff,
    0xff, 0xff, 0xff, 0x0, 0x0, 0x0, 0x0, 0x0,
    0x0, 0x0, 0x0, 0x0, 0x0, 0x0, 0x0, 0x0,
    0x6, 0xff, 0xff, 0xff, 0xff, 0x0, 0x0, 0x0,
    0x0, 0x0, 0x0, 0x0, 0x0, 0x0, 0x0, 0x0,
    0x0, 0x0, 0x6, 0xff, 0xff, 0xff, 0xff, 0x0,
    0x0, 0x0, 0x0, 0x0, 0x0, 0x0, 0x0, 0x0,
    0x0, 0x0, 0x0, 0x0, 0x6, 0xff, 0xff, 0xff,
    0xff, 0x0, 0x0, 0x0, 0x0, 0x0, 0x0, 0x0,
    0x0, 0x0, 0x0, 0x0, 0x0, 0x0, 0x6, 0xff,
    0xff, 0xff, 0xff, 0x0, 0x0, 0x0, 0x0, 0x0,
    0x0, 0x0, 0x0, 0x0, 0x0, 0x0, 0x0, 0x0,
    0x6, 0xff, 0xff, 0xff, 0xff, 0x0, 0x0, 0x0,
    0x0, 0x0, 0x0, 0x0, 0x0, 0x0, 0x0, 0x0,
    0x0, 0x0, 0x6, 0xff, 0xff, 0xff, 0xff, 0x0,
    0x0, 0x0, 0x0, 0x0, 0x0, 0x0, 0x0, 0x0,
    0x0, 0x0, 0x0, 0x0, 0x6, 0xff, 0xff, 0xff,
    0xff, 0x0, 0x0, 0x0, 0x0, 0x0, 0x0, 0x0,
    0x0, 0x0, 0x0, 0x0, 0x0, 0x0, 0x6, 0xff,
    0xff, 0xff, 0xff, 0x0, 0x0, 0x0, 0x0, 0x0,
    0x0, 0x0, 0x0, 0x0, 0x0, 0x0, 0x0, 0x0,
    0x3, 0x88, 0x88, 0x88, 0x88, 0x0, 0x0, 0x0,
    0x0, 0x0, 0x0, 0x0,

    /* U+0055 "U" */
    0xf, 0xff, 0xff, 0xff, 0xf6, 0x0, 0x0, 0x0,
    0x0, 0x0, 0x0, 0x0, 0x0, 0x6, 0xff, 0xff,
    0xff, 0xff, 0x0, 0xff, 0xff, 0xff, 0xff, 0x60,
    0x0, 0x0, 0x0, 0x0, 0x0, 0x0, 0x0, 0x0,
    0x6f, 0xff, 0xff, 0xff, 0xf0, 0xf, 0xff, 0xff,
    0xff, 0xf6, 0x0, 0x0, 0x0, 0x0, 0x0, 0x0,
    0x0, 0x0, 0x6, 0xff, 0xff, 0xff, 0xff, 0x0,
    0xff, 0xff, 0xff, 0xff, 0x60, 0x0, 0x0, 0x0,
    0x0, 0x0, 0x0, 0x0, 0x0, 0x6f, 0xff, 0xff,
    0xff, 0xf0, 0xf, 0xff, 0xff, 0xff, 0xf6, 0x0,
    0x0, 0x0, 0x0, 0x0, 0x0, 0x0, 0x0, 0x6,
    0xff, 0xff, 0xff, 0xff, 0x0, 0xff, 0xff, 0xff,
    0xff, 0x60, 0x0, 0x0, 0x0, 0x0, 0x0, 0x0,
    0x0, 0x0, 0x6f, 0xff, 0xff, 0xff, 0xf0, 0xf,
    0xff, 0xff, 0xff, 0xf6, 0x0, 0x0, 0x0, 0x0,
    0x0, 0x0, 0x0, 0x0, 0x6, 0xff, 0xff, 0xff,
    0xff, 0x0, 0xff, 0xff, 0xff, 0xff, 0x60, 0x0,
    0x0, 0x0, 0x0, 0x0, 0x0, 0x0, 0x0, 0x6f,
    0xff, 0xff, 0xff, 0xf0, 0xf, 0xff, 0xff, 0xff,
    0xf6, 0x0, 0x0, 0x0, 0x0, 0x0, 0x0, 0x0,
    0x0, 0x6, 0xff, 0xff, 0xff, 0xff, 0x0, 0xff,
    0xff, 0xff, 0xff, 0x60, 0x0, 0x0, 0x0, 0x0,
    0x0, 0x0, 0x0, 0x0, 0x6f, 0xff, 0xff, 0xff,
    0xf0, 0xf, 0xff, 0xff, 0xff, 0xf6, 0x0, 0x0,
    0x0, 0x0, 0x0, 0x0, 0x0, 0x0, 0x6, 0xff,
    0xff, 0xff, 0xff, 0x0, 0xff, 0xff, 0xff, 0xff,
    0x60, 0x0, 0x0, 0x0, 0x0, 0x0, 0x0, 0x0,
    0x0, 0x6f, 0xff, 0xff, 0xff, 0xf0, 0xf, 0xff,
    0xff, 0xff, 0xf6, 0x0, 0x0, 0x0, 0x0, 0x0,
    0x0, 0x0, 0x0, 0x6, 0xff, 0xff, 0xff, 0xff,
    0x0, 0xff, 0xff, 0xff, 0xff, 0x60, 0x0, 0x0,
    0x0, 0x0, 0x0, 0x0, 0x0, 0x0, 0x6f, 0xff,
    0xff, 0xff, 0xf0, 0xf, 0xff, 0xff, 0xff, 0xf6,
    0x0, 0x0, 0x0, 0x0, 0x0, 0x0, 0x0, 0x0,
    0x6, 0xff, 0xff, 0xff, 0xff, 0x0, 0xff, 0xff,
    0xff, 0xff, 0x60, 0x0, 0x0, 0x0, 0x0, 0x0,
    0x0, 0x0, 0x0, 0x6f, 0xff, 0xff, 0xff, 0xf0,
    0xf, 0xff, 0xff, 0xff, 0xf6, 0x0, 0x0, 0x0,
    0x0, 0x0, 0x0, 0x0, 0x0, 0x6, 0xff, 0xff,
    0xff, 0xff, 0x0, 0xff, 0xff, 0xff, 0xff, 0x60,
    0x0, 0x0, 0x0, 0x0, 0x0, 0x0, 0x0, 0x0,
    0x6f, 0xff, 0xff, 0xff, 0xf0, 0xf, 0xff, 0xff,
    0xff, 0xf6, 0x0, 0x0, 0x0, 0x0, 0x0, 0x0,
    0x0, 0x0, 0x6, 0xff, 0xff, 0xff, 0xff, 0x0,
    0xff, 0xff, 0xff, 0xff, 0x60, 0x0, 0x0, 0x0,
    0x0, 0x0, 0x0, 0x0, 0x0, 0x6f, 0xff, 0xff,
    0xff, 0xf0, 0xf, 0xff, 0xff, 0xff, 0xf6, 0x0,
    0x0, 0x0, 0x0, 0x0, 0x0, 0x0, 0x0, 0x6,
    0xff, 0xff, 0xff, 0xff, 0x0, 0xff, 0xff, 0xff,
    0xff, 0x60, 0x0, 0x0, 0x0, 0x0, 0x0, 0x0,
    0x0, 0x0, 0x6f, 0xff, 0xff, 0xff, 0xf0, 0xf,
    0xff, 0xff, 0xff, 0xf6, 0x0, 0x0, 0x0, 0x0,
    0x0, 0x0, 0x0, 0x0, 0x6, 0xff, 0xff, 0xff,
    0xff, 0x0, 0xff, 0xff, 0xff, 0xff, 0x60, 0x0,
    0x0, 0x0, 0x0, 0x0, 0x0, 0x0, 0x0, 0x6f,
    0xff, 0xff, 0xff, 0xf0, 0xf, 0xff, 0xff, 0xff,
    0xf6, 0x0, 0x0, 0x0, 0x0, 0x0, 0x0, 0x0,
    0x0, 0x6, 0xff, 0xff, 0xff, 0xff, 0x0, 0xff,
    0xff, 0xff, 0xff, 0x60, 0x0, 0x0, 0x0, 0x0,
    0x0, 0x0, 0x0, 0x0, 0x6f, 0xff, 0xff, 0xff,
    0xf0, 0xf, 0xff, 0xff, 0xff, 0xf6, 0x0, 0x0,
    0x0, 0x0, 0x0, 0x0, 0x0, 0x0, 0x6, 0xff,
    0xff, 0xff, 0xff, 0x0, 0xff, 0xff, 0xff, 0xff,
    0x60, 0x0, 0x0, 0x0, 0x0, 0x0, 0x0, 0x0,
    0x0, 0x6f, 0xff, 0xff, 0xff, 0xf0, 0xf, 0xff,
    0xff, 0xff, 0xf6, 0x0, 0x0, 0x0, 0x0, 0x0,
    0x0, 0x0, 0x0, 0x6, 0xff, 0xff, 0xff, 0xff,
    0x0, 0xff, 0xff, 0xff, 0xff, 0x60, 0x0, 0x0,
    0x0, 0x0, 0x0, 0x0, 0x0, 0x0, 0x6f, 0xff,
    0xff, 0xff, 0xf0, 0xf, 0xff, 0xff, 0xff, 0xf7,
    0x0, 0x0, 0x0, 0x0, 0x0, 0x0, 0x0, 0x0,
    0x7, 0xff, 0xff, 0xff, 0xff, 0x0, 0xef, 0xff,
    0xff, 0xff, 0x90, 0x0, 0x0, 0x0, 0x0, 0x0,
    0x0, 0x0, 0x0, 0x9f, 0xff, 0xff, 0xff, 0xe0,
    0xc, 0xff, 0xff, 0xff, 0xfd, 0x0, 0x0, 0x0,
    0x0, 0x0, 0x0, 0x0, 0x0, 0xd, 0xff, 0xff,
    0xff, 0xfc, 0x0, 0x9f, 0xff, 0xff, 0xff, 0xf2,
    0x0, 0x0, 0x0, 0x0, 0x0, 0x0, 0x0, 0x2,
    0xff, 0xff, 0xff, 0xff, 0x90, 0x6, 0xff, 0xff,
    0xff, 0xff, 0xa0, 0x0, 0x0, 0x0, 0x0, 0x0,
    0x0, 0x0, 0xaf, 0xff, 0xff, 0xff, 0xf6, 0x0,
    0x1f, 0xff, 0xff, 0xff, 0xff, 0x50, 0x0, 0x0,
    0x0, 0x0, 0x0, 0x0, 0x5f, 0xff, 0xff, 0xff,
    0xff, 0x10, 0x0, 0xbf, 0xff, 0xff, 0xff, 0xff,
    0x60, 0x0, 0x0, 0x0, 0x0, 0x0, 0x6f, 0xff,
    0xff, 0xff, 0xff, 0xb0, 0x0, 0x4, 0xff, 0xff,
    0xff, 0xff, 0xff, 0xc4, 0x0, 0x0, 0x0, 0x4,
    0xcf, 0xff, 0xff, 0xff, 0xff, 0xf4, 0x0, 0x0,
    0xb, 0xff, 0xff, 0xff, 0xff, 0xff, 0xff, 0xcb,
    0xab, 0xcf, 0xff, 0xff, 0xff, 0xff, 0xff, 0xfb,
    0x0, 0x0, 0x0, 0x2f, 0xff, 0xff, 0xff, 0xff,
    0xff, 0xff, 0xff, 0xff, 0xff, 0xff, 0xff, 0xff,
    0xff, 0xff, 0x20, 0x0, 0x0, 0x0, 0x5f, 0xff,
    0xff, 0xff, 0xff, 0xff, 0xff, 0xff, 0xff, 0xff,
    0xff, 0xff, 0xff, 0xff, 0x50, 0x0, 0x0, 0x0,
    0x0, 0x6f, 0xff, 0xff, 0xff, 0xff, 0xff, 0xff,
    0xff, 0xff, 0xff, 0xff, 0xff, 0xff, 0x60, 0x0,
    0x0, 0x0, 0x0, 0x0, 0x4e, 0xff, 0xff, 0xff,
    0xff, 0xff, 0xff, 0xff, 0xff, 0xff, 0xff, 0xfe,
    0x40, 0x0, 0x0, 0x0, 0x0, 0x0, 0x0, 0x1a,
    0xff, 0xff, 0xff, 0xff, 0xff, 0xff, 0xff, 0xff,
    0xff, 0xfa, 0x10, 0x0, 0x0, 0x0, 0x0, 0x0,
    0x0, 0x0, 0x2, 0x9f, 0xff, 0xff, 0xff, 0xff,
    0xff, 0xff, 0xff, 0x92, 0x0, 0x0, 0x0, 0x0,
    0x0, 0x0, 0x0, 0x0, 0x0, 0x0, 0x3, 0x8a,
    0xde, 0xff, 0xfe, 0xda, 0x83, 0x0, 0x0, 0x0,
    0x0, 0x0, 0x0,

    /* U+0056 "V" */
    0x68, 0x88, 0x88, 0x88, 0x70, 0x0, 0x0, 0x0,
    0x0, 0x0, 0x0, 0x0, 0x0, 0x0, 0x28, 0x88,
    0x88, 0x88, 0x82, 0x9f, 0xff, 0xff, 0xff, 0xf1,
    0x0, 0x0, 0x0, 0x0, 0x0, 0x0, 0x0, 0x0,
    0x0, 0x8f, 0xff, 0xff, 0xff, 0xf2, 0x5f, 0xff,
    0xff, 0xff, 0xf5, 0x0, 0x0, 0x0, 0x0, 0x0,
    0x0, 0x0, 0x0, 0x0, 0xcf, 0xff, 0xff, 0xff,
    0xe0, 0x1f, 0xff, 0xff, 0xff, 0xf9, 0x0, 0x0,
    0x0, 0x0, 0x0, 0x0, 0x0, 0x0, 0x0, 0xff,
    0xff, 0xff, 0xff, 0xa0, 0xd, 0xff, 0xff, 0xff,
    0xfc, 0x0, 0x0, 0x0, 0x0, 0x0, 0x0, 0x0,
    0x0, 0x3, 0xff, 0xff, 0xff, 0xff, 0x60, 0x9,
    0xff, 0xff, 0xff, 0xff, 0x0, 0x0, 0x0, 0x0,
    0x0, 0x0, 0x0, 0x0, 0x7, 0xff, 0xff, 0xff,
    0xff, 0x20, 0x5, 0xff, 0xff, 0xff, 0xff, 0x40,
    0x0, 0x0, 0x0, 0x0, 0x0, 0x0, 0x0, 0xb,
    0xff, 0xff, 0xff, 0xfe, 0x0, 0x1, 0xff, 0xff,
    0xff, 0xff, 0x80, 0x0, 0x0, 0x0, 0x0, 0x0,
    0x0, 0x0, 0xf, 0xff, 0xff, 0xff, 0xfa, 0x0,
    0x0, 0xdf, 0xff, 0xff, 0xff, 0xc0, 0x0, 0x0,
    0x0, 0x0, 0x0, 0x0, 0x0, 0x3f, 0xff, 0xff,
    0xff, 0xf6, 0x0, 0x0, 0x9f, 0xff, 0xff, 0xff,
    0xf0, 0x0, 0x0, 0x0, 0x0, 0x0, 0x0, 0x0,
    0x6f, 0xff, 0xff, 0xff, 0xf2, 0x0, 0x0, 0x5f,
    0xff, 0xff, 0xff, 0xf3, 0x0, 0x0, 0x0, 0x0,
    0x0, 0x0, 0x0, 0xaf, 0xff, 0xff, 0xff, 0xe0,
    0x0, 0x0, 0x1f, 0xff, 0xff, 0xff, 0xf7, 0x0,
    0x0, 0x0, 0x0, 0x0, 0x0, 0x0, 0xef, 0xff,
    0xff, 0xff, 0xa0, 0x0, 0x0, 0xd, 0xff, 0xff,
    0xff, 0xfb, 0x0, 0x0, 0x0, 0x0, 0x0, 0x0,
    0x2, 0xff, 0xff, 0xff, 0xff, 0x60, 0x0, 0x0,
    0x9, 0xff, 0xff, 0xff, 0xfe, 0x0, 0x0, 0x0,
    0x0, 0x0, 0x0, 0x6, 0xff, 0xff, 0xff, 0xff,
    0x20, 0x0, 0x0, 0x5, 0xff, 0xff, 0xff, 0xff,
    0x20, 0x0, 0x0, 0x0, 0x0, 0x0, 0x9, 0xff,
    0xff, 0xff, 0xfe, 0x0, 0x0, 0x0, 0x1, 0xff,
    0xff, 0xff, 0xff, 0x60, 0x0, 0x0, 0x0, 0x0,
    0x0, 0xd, 0xff, 0xff, 0xff, 0xfa, 0x0, 0x0,
    0x0, 0x0, 0xdf, 0xff, 0xff, 0xff, 0xa0, 0x0,
    0x0, 0x0, 0x0, 0x0, 0x1f, 0xff, 0xff, 0xff,
    0xf6, 0x0, 0x0, 0x0, 0x0, 0x9f, 0xff, 0xff,
    0xff, 0xe0, 0x0, 0x0, 0x0, 0x0, 0x0, 0x5f,
    0xff, 0xff, 0xff, 0xf2, 0x0, 0x0, 0x0, 0x0,
    0x5f, 0xff, 0xff, 0xff, 0xf1, 0x0, 0x0, 0x0,
    0x0, 0x0, 0x9f, 0xff, 0xff, 0xff, 0xe0, 0x0,
    0x0, 0x0, 0x0, 0x1f, 0xff, 0xff, 0xff, 0xf5,
    0x0, 0x0, 0x0, 0x0, 0x0, 0xcf, 0xff, 0xff,
    0xff, 0xa0, 0x0, 0x0, 0x0, 0x0, 0xd, 0xff,
    0xff, 0xff, 0xf9, 0x0, 0x0, 0x0, 0x0, 0x0,
    0xff, 0xff, 0xff, 0xff, 0x60, 0x0, 0x0, 0x0,
    0x0, 0x9, 0xff, 0xff, 0xff, 0xfd, 0x0, 0x0,
    0x0, 0x0, 0x4, 0xff, 0xff, 0xff, 0xff, 0x20,
    0x0, 0x0, 0x0, 0x0, 0x5, 0xff, 0xff, 0xff,
    0xff, 0x10, 0x0, 0x0, 0x0, 0x8, 0xff, 0xff,
    0xff, 0xfe, 0x0, 0x0, 0x0, 0x0, 0x0, 0x1,
    0xff, 0xff, 0xff, 0xff, 0x40, 0x0, 0x0, 0x0,
    0xc, 0xff, 0xff, 0xff, 0xfa, 0x0, 0x0, 0x0,
    0x0, 0x0, 0x0, 0xdf, 0xff, 0xff, 0xff, 0x80,
    0x0, 0x0, 0x0, 0xf, 0xff, 0xff, 0xff, 0xf6,
    0x0, 0x0, 0x0, 0x0, 0x0, 0x0, 0x9f, 0xff,
    0xff, 0xff, 0xc0, 0x0, 0x0, 0x0, 0x3f, 0xff,
    0xff, 0xff, 0xf2, 0x0, 0x0, 0x0, 0x0, 0x0,
    0x0, 0x5f, 0xff, 0xff, 0xff, 0xf0, 0x0, 0x0,
    0x0, 0x7f, 0xff, 0xff, 0xff, 0xe0, 0x0, 0x0,
    0x0, 0x0, 0x0, 0x0, 0x1f, 0xff, 0xff, 0xff,
    0xf3, 0x0, 0x0, 0x0, 0xbf, 0xff, 0xff, 0xff,
    0xa0, 0x0, 0x0, 0x0, 0x0, 0x0, 0x0, 0xd,
    0xff, 0xff, 0xff, 0xf7, 0x0, 0x0, 0x0, 0xef,
    0xff, 0xff, 0xff, 0x60, 0x0, 0x0, 0x0, 0x0,
    0x0, 0x0, 0x9, 0xff, 0xff, 0xff, 0xfb, 0x0,
    0x0, 0x2, 0xff, 0xff, 0xff, 0xff, 0x20, 0x0,
    0x0, 0x0, 0x0, 0x0, 0x0, 0x5, 0xff, 0xff,
    0xff, 0xff, 0x0, 0x0, 0x6, 0xff, 0xff, 0xff,
    0xfe, 0x0, 0x0, 0x0, 0x0, 0x0, 0x0, 0x0,
    0x1, 0xff, 0xff, 0xff, 0xff, 0x30, 0x0, 0xa,
    0xff, 0xff, 0xff, 0xfa, 0x0, 0x0, 0x0, 0x0,
    0x0, 0x0, 0x0, 0x0, 0xdf, 0xff, 0xff, 0xff,
    0x60, 0x0, 0xe, 0xff, 0xff, 0xff, 0xf6, 0x0,
    0x0, 0x0, 0x0, 0x0, 0x0, 0x0, 0x0, 0x9f,
    0xff, 0xff, 0xff, 0xa0, 0x0, 0x1f, 0xff, 0xff,
    0xff, 0xf2, 0x0, 0x0, 0x0, 0x0, 0x0, 0x0,
    0x0, 0x0, 0x5f, 0xff, 0xff, 0xff, 0xe0, 0x0,
    0x5f, 0xff, 0xff, 0xff, 0xe0, 0x0, 0x0, 0x0,
    0x0, 0x0, 0x0, 0x0, 0x0, 0x1f, 0xff, 0xff,
    0xff, 0xf2, 0x0, 0x9f, 0xff, 0xff, 0xff, 0xa0,
    0x0, 0x0, 0x0, 0x0, 0x0, 0x0, 0x0, 0x0,
    0xd, 0xff, 0xff, 0xff, 0xf6, 0x0, 0xdf, 0xff,
    0xff, 0xff, 0x60, 0x0, 0x0, 0x0, 0x0, 0x0,
    0x0, 0x0, 0x0, 0x9, 0xff, 0xff, 0xff, 0xf9,
    0x1, 0xff, 0xff, 0xff, 0xff, 0x20, 0x0, 0x0,
    0x0, 0x0, 0x0, 0x0, 0x0, 0x0, 0x5, 0xff,
    0xff, 0xff, 0xfd, 0x4, 0xff, 0xff, 0xff, 0xfe,
    0x0, 0x0, 0x0, 0x0, 0x0, 0x0, 0x0, 0x0,
    0x0, 0x1, 0xff, 0xff, 0xff, 0xff, 0x18, 0xff,
    0xff, 0xff, 0xfa, 0x0, 0x0, 0x0, 0x0, 0x0,
    0x0, 0x0, 0x0, 0x0, 0x0, 0xdf, 0xff, 0xff,
    0xff, 0xad, 0xff, 0xff, 0xff, 0xf6, 0x0, 0x0,
    0x0, 0x0, 0x0, 0x0, 0x0, 0x0, 0x0, 0x0,
    0x9f, 0xff, 0xff, 0xff, 0xff, 0xff, 0xff, 0xff,
    0xf2, 0x0, 0x0, 0x0, 0x0, 0x0, 0x0, 0x0,
    0x0, 0x0, 0x0, 0x5f, 0xff, 0xff, 0xff, 0xff,
    0xff, 0xff, 0xff, 0xe0, 0x0, 0x0, 0x0, 0x0,
    0x0, 0x0, 0x0, 0x0, 0x0, 0x0, 0x1f, 0xff,
    0xff, 0xff, 0xff, 0xff, 0xff, 0xff, 0xa0, 0x0,
    0x0, 0x0, 0x0, 0x0, 0x0, 0x0, 0x0, 0x0,
    0x0, 0xd, 0xff, 0xff, 0xff, 0xff, 0xff, 0xff,
    0xff, 0x60, 0x0, 0x0, 0x0, 0x0, 0x0, 0x0,
    0x0, 0x0, 0x0, 0x0, 0x9, 0xff, 0xff, 0xff,
    0xff, 0xff, 0xff, 0xff, 0x20, 0x0, 0x0, 0x0,
    0x0, 0x0,

    /* U+0057 "W" */
    0x0, 0x0, 0x0, 0x0, 0x0, 0x0, 0x0, 0x0,
    0x0, 0x0, 0x0, 0x0, 0x0, 0x0, 0x0, 0x0,
    0x0, 0x0, 0x0, 0x0, 0x0, 0x0, 0x0, 0x0,
    0x0, 0x0, 0x0, 0x0, 0xff, 0xff, 0xff, 0xff,
    0x50, 0x0, 0x0, 0x0, 0x0, 0xa, 0xff, 0xff,
    0xff, 0xff, 0xff, 0xff, 0xff, 0x10, 0x0, 0x0,
    0x0, 0x0, 0xe, 0xff, 0xff, 0xff, 0xf7, 0xe,
    0xff, 0xff, 0xff, 0xf7, 0x0, 0x0, 0x0, 0x0,
    0x0, 0xcf, 0xff, 0xff, 0xff, 0xff, 0xff, 0xff,
    0xf4, 0x0, 0x0, 0x0, 0x0, 0x0, 0xff, 0xff,
    0xff, 0xff, 0x50, 0xbf, 0xff, 0xff, 0xff, 0x90,
    0x0, 0x0, 0x0, 0x0, 0xe, 0xff, 0xff, 0xff,
    0xff, 0xff, 0xff, 0xff, 0x60, 0x0, 0x0, 0x0,
    0x0, 0x1f, 0xff, 0xff, 0xff, 0xf3, 0x9, 0xff,
    0xff, 0xff, 0xfb, 0x0, 0x0, 0x0, 0x0, 0x1,
    0xff, 0xff, 0xff, 0xff, 0xff, 0xff, 0xff, 0xf8,
    0x0, 0x0, 0x0, 0x0, 0x3, 0xff, 0xff, 0xff,
    0xff, 0x10, 0x7f, 0xff, 0xff, 0xff, 0xc0, 0x0,
    0x0, 0x0, 0x0, 0x3f, 0xff, 0xff, 0xff, 0xff,
    0xff, 0xff, 0xff, 0xa0, 0x0, 0x0, 0x0, 0x0,
    0x5f, 0xff, 0xff, 0xff, 0xf0, 0x5, 0xff, 0xff,
    0xff, 0xfe, 0x0, 0x0, 0x0, 0x0, 0x5, 0xff,
    0xff, 0xff, 0xf1, 0x9f, 0xff, 0xff, 0xfd, 0x0,
    0x0, 0x0, 0x0, 0x7, 0xff, 0xff, 0xff, 0xfd,
    0x0, 0x3f, 0xff, 0xff, 0xff, 0xf0, 0x0, 0x0,
    0x0, 0x0, 0x8f, 0xff, 0xff, 0xff, 0x7, 0xff,
    0xff, 0xff, 0xf0, 0x0, 0x0, 0x0, 0x0, 0x8f,
    0xff, 0xff, 0xff, 0xb0, 0x1, 0xff, 0xff, 0xff,
    0xff, 0x20, 0x0, 0x0, 0x0, 0xa, 0xff, 0xff,
    0xff, 0xc0, 0x5f, 0xff, 0xff, 0xff, 0x10, 0x0,
    0x0, 0x0, 0xa, 0xff, 0xff, 0xff, 0xf8, 0x0,
    0xf, 0xff, 0xff, 0xff, 0xf3, 0x0, 0x0, 0x0,
    0x0, 0xcf, 0xff, 0xff, 0xfa, 0x2, 0xff, 0xff,
    0xff, 0xf4, 0x0, 0x0, 0x0, 0x0, 0xcf, 0xff,
    0xff, 0xff, 0x60, 0x0, 0xdf, 0xff, 0xff, 0xff,
    0x50, 0x0, 0x0, 0x0, 0xe, 0xff, 0xff, 0xff,
    0x80, 0xf, 0xff, 0xff, 0xff, 0x60, 0x0, 0x0,
    0x0, 0xe, 0xff, 0xff, 0xff, 0xf4, 0x0, 0xb,
    0xff, 0xff, 0xff, 0xf7, 0x0, 0x0, 0x0, 0x1,
    0xff, 0xff, 0xff, 0xf5, 0x0, 0xef, 0xff, 0xff,
    0xf8, 0x0, 0x0, 0x0, 0x0, 0xff, 0xff, 0xff,
    0xff, 0x20, 0x0, 0x9f, 0xff, 0xff, 0xff, 0x90,
    0x0, 0x0, 0x0, 0x3f, 0xff, 0xff, 0xff, 0x30,
    0xc, 0xff, 0xff, 0xff, 0xb0, 0x0, 0x0, 0x0,
    0x1f, 0xff, 0xff, 0xff, 0xf0, 0x0, 0x7, 0xff,
    0xff, 0xff, 0xfb, 0x0, 0x0, 0x0, 0x5, 0xff,
    0xff, 0xff, 0xf1, 0x0, 0x9f, 0xff, 0xff, 0xfd,
    0x0, 0x0, 0x0, 0x3, 0xff, 0xff, 0xff, 0xfe,
    0x0, 0x0, 0x4f, 0xff, 0xff, 0xff, 0xc0, 0x0,
    0x0, 0x0, 0x8f, 0xff, 0xff, 0xfe, 0x0, 0x7,
    0xff, 0xff, 0xff, 0xf0, 0x0, 0x0, 0x0, 0x5f,
    0xff, 0xff, 0xff, 0xc0, 0x0, 0x2, 0xff, 0xff,
    0xff, 0xfe, 0x0, 0x0, 0x0, 0xa, 0xff, 0xff,
    0xff, 0xc0, 0x0, 0x5f, 0xff, 0xff, 0xff, 0x10,
    0x0, 0x0, 0x7, 0xff, 0xff, 0xff, 0xfa, 0x0,
    0x0, 0xf, 0xff, 0xff, 0xff, 0xf0, 0x0, 0x0,
    0x0, 0xcf, 0xff, 0xff, 0xfa, 0x0, 0x2, 0xff,
    0xff, 0xff, 0xf4, 0x0, 0x0, 0x0, 0x9f, 0xff,
    0xff, 0xff, 0x80, 0x0, 0x0, 0xef, 0xff, 0xff,
    0xff, 0x20, 0x0, 0x0, 0xf, 0xff, 0xff, 0xff,
    0x80, 0x0, 0xf, 0xff, 0xff, 0xff, 0x60, 0x0,
    0x0, 0xa, 0xff, 0xff, 0xff, 0xf6, 0x0, 0x0,
    0xc, 0xff, 0xff, 0xff, 0xf4, 0x0, 0x0, 0x1,
    0xff, 0xff, 0xff, 0xf5, 0x0, 0x0, 0xef, 0xff,
    0xff, 0xf8, 0x0, 0x0, 0x0, 0xcf, 0xff, 0xff,
    0xff, 0x40, 0x0, 0x0, 0xaf, 0xff, 0xff, 0xff,
    0x50, 0x0, 0x0, 0x3f, 0xff, 0xff, 0xff, 0x30,
    0x0, 0xb, 0xff, 0xff, 0xff, 0xb0, 0x0, 0x0,
    0xe, 0xff, 0xff, 0xff, 0xf1, 0x0, 0x0, 0x8,
    0xff, 0xff, 0xff, 0xf7, 0x0, 0x0, 0x6, 0xff,
    0xff, 0xff, 0xf1, 0x0, 0x0, 0x9f, 0xff, 0xff,
    0xfd, 0x0, 0x0, 0x0, 0xff, 0xff, 0xff, 0xff,
    0x0, 0x0, 0x0, 0x6f, 0xff, 0xff, 0xff, 0x90,
    0x0, 0x0, 0x8f, 0xff, 0xff, 0xfe, 0x0, 0x0,
    0x7, 0xff, 0xff, 0xff, 0xf0, 0x0, 0x0, 0x1f,
    0xff, 0xff, 0xff, 0xd0, 0x0, 0x0, 0x4, 0xff,
    0xff, 0xff, 0xfb, 0x0, 0x0, 0xa, 0xff, 0xff,
    0xff, 0xc0, 0x0, 0x0, 0x4f, 0xff, 0xff, 0xff,
    0x20, 0x0, 0x3, 0xff, 0xff, 0xff, 0xfb, 0x0,
    0x0, 0x0, 0x2f, 0xff, 0xff, 0xff, 0xc0, 0x0,
    0x0, 0xcf, 0xff, 0xff, 0xfa, 0x0, 0x0, 0x2,
    0xff, 0xff, 0xff, 0xf4, 0x0, 0x0, 0x5f, 0xff,
    0xff, 0xff, 0x90, 0x0, 0x0, 0x0, 0xff, 0xff,
    0xff, 0xfe, 0x0, 0x0, 0xf, 0xff, 0xff, 0xff,
    0x70, 0x0, 0x0, 0xf, 0xff, 0xff, 0xff, 0x60,
    0x0, 0x7, 0xff, 0xff, 0xff, 0xf7, 0x0, 0x0,
    0x0, 0xd, 0xff, 0xff, 0xff, 0xf0, 0x0, 0x1,
    0xff, 0xff, 0xff, 0xf5, 0x0, 0x0, 0x0, 0xef,
    0xff, 0xff, 0xf8, 0x0, 0x0, 0x9f, 0xff, 0xff,
    0xff, 0x50, 0x0, 0x0, 0x0, 0xbf, 0xff, 0xff,
    0xff, 0x20, 0x0, 0x3f, 0xff, 0xff, 0xff, 0x30,
    0x0, 0x0, 0xb, 0xff, 0xff, 0xff, 0xb0, 0x0,
    0xa, 0xff, 0xff, 0xff, 0xf3, 0x0, 0x0, 0x0,
    0x9, 0xff, 0xff, 0xff, 0xf4, 0x0, 0x6, 0xff,
    0xff, 0xff, 0xf1, 0x0, 0x0, 0x0, 0x9f, 0xff,
    0xff, 0xfd, 0x0, 0x0, 0xcf, 0xff, 0xff, 0xff,
    0x10, 0x0, 0x0, 0x0, 0x7f, 0xff, 0xff, 0xff,
    0x50, 0x0, 0x8f, 0xff, 0xff, 0xfe, 0x0, 0x0,
    0x0, 0x7, 0xff, 0xff, 0xff, 0xf0, 0x0, 0xe,
    0xff, 0xff, 0xff, 0xf0, 0x0, 0x0, 0x0, 0x5,
    0xff, 0xff, 0xff, 0xf7, 0x0, 0xa, 0xff, 0xff,
    0xff, 0xc0, 0x0, 0x0, 0x0, 0x4f, 0xff, 0xff,
    0xff, 0x20, 0x0, 0xff, 0xff, 0xff, 0xfd, 0x0,
    0x0, 0x0, 0x0, 0x3f, 0xff, 0xff, 0xff, 0x90,
    0x0, 0xdf, 0xff, 0xff, 0xfa, 0x0, 0x0, 0x0,
    0x2, 0xff, 0xff, 0xff, 0xf4, 0x0, 0x2f, 0xff,
    0xff, 0xff, 0xa0, 0x0, 0x0, 0x0, 0x1, 0xff,
    0xff, 0xff, 0xfb, 0x0, 0xf, 0xff, 0xff, 0xff,
    0x70, 0x0, 0x0, 0x0, 0xf, 0xff, 0xff, 0xff,
    0x60, 0x3, 0xff, 0xff, 0xff, 0xf8, 0x0, 0x0,
    0x0, 0x0, 0xf, 0xff, 0xff, 0xff, 0xd0, 0x1,
    0xff, 0xff, 0xff, 0xf5, 0x0, 0x0, 0x0, 0x0,
    0xdf, 0xff, 0xff, 0xf9, 0x0, 0x5f, 0xff, 0xff,
    0xff, 0x60, 0x0, 0x0, 0x0, 0x0, 0xdf, 0xff,
    0xff, 0xfe, 0x0, 0x3f, 0xff, 0xff, 0xff, 0x30,
    0x0, 0x0, 0x0, 0xb, 0xff, 0xff, 0xff, 0xb0,
    0x7, 0xff, 0xff, 0xff, 0xf4, 0x0, 0x0, 0x0,
    0x0, 0xb, 0xff, 0xff, 0xff, 0xf0, 0x6, 0xff,
    0xff, 0xff, 0xf0, 0x0, 0x0, 0x0, 0x0, 0x9f,
    0xff, 0xff, 0xfd, 0x0, 0x9f, 0xff, 0xff, 0xff,
    0x20, 0x0, 0x0, 0x0, 0x0, 0x9f, 0xff, 0xff,
    0xff, 0x20, 0x8f, 0xff, 0xff, 0xfe, 0x0, 0x0,
    0x0, 0x0, 0x7, 0xff, 0xff, 0xff, 0xf0, 0xa,
    0xff, 0xff, 0xff, 0xf0, 0x0, 0x0, 0x0, 0x0,
    0x6, 0xff, 0xff, 0xff, 0xf4, 0xa, 0xff, 0xff,
    0xff, 0xc0, 0x0, 0x0, 0x0, 0x0, 0x4f, 0xff,
    0xff, 0xff, 0x20, 0xcf, 0xff, 0xff, 0xfe, 0x0,
    0x0, 0x0, 0x0, 0x0, 0x4f, 0xff, 0xff, 0xff,
    0x50, 0xdf, 0xff, 0xff, 0xfa, 0x0, 0x0, 0x0,
    0x0, 0x2, 0xff, 0xff, 0xff, 0xf4, 0xe, 0xff,
    0xff, 0xff, 0xc0, 0x0, 0x0, 0x0, 0x0, 0x2,
    0xff, 0xff, 0xff, 0xf7, 0xf, 0xff, 0xff, 0xff,
    0x70, 0x0, 0x0, 0x0, 0x0, 0xf, 0xff, 0xff,
    0xff, 0x60, 0xff, 0xff, 0xff, 0xfa, 0x0, 0x0,
    0x0, 0x0, 0x0, 0xf, 0xff, 0xff, 0xff, 0x91,
    0xff, 0xff, 0xff, 0xf5, 0x0, 0x0, 0x0, 0x0,
    0x0, 0xdf, 0xff, 0xff, 0xf9, 0x2f, 0xff, 0xff,
    0xff, 0x80, 0x0, 0x0, 0x0, 0x0, 0x0, 0xef,
    0xff, 0xff, 0xff, 0xff, 0xff, 0xff, 0xff, 0x30,
    0x0, 0x0, 0x0, 0x0, 0xb, 0xff, 0xff, 0xff,
    0xff, 0xff, 0xff, 0xff, 0xf5, 0x0, 0x0, 0x0,
    0x0, 0x0, 0xc, 0xff, 0xff, 0xff, 0xff, 0xff,
    0xff, 0xff, 0xf0, 0x0, 0x0, 0x0, 0x0, 0x0,
    0x9f, 0xff, 0xff, 0xff, 0xff, 0xff, 0xff, 0xff,
    0x30, 0x0, 0x0, 0x0, 0x0, 0x0, 0xaf, 0xff,
    0xff, 0xff, 0xff, 0xff, 0xff, 0xfe, 0x0, 0x0,
    0x0, 0x0, 0x0, 0x6, 0xff, 0xff, 0xff, 0xff,
    0xff, 0xff, 0xff, 0xf1, 0x0, 0x0, 0x0, 0x0,
    0x0, 0x8, 0xff, 0xff, 0xff, 0xff, 0xff, 0xff,
    0xff, 0xc0, 0x0, 0x0, 0x0, 0x0, 0x0, 0x4f,
    0xff, 0xff, 0xff, 0xff, 0xff, 0xff, 0xff, 0x0,
    0x0, 0x0, 0x0, 0x0, 0x0, 0x6f, 0xff, 0xff,
    0xff, 0xff, 0xff, 0xff, 0xf9, 0x0, 0x0, 0x0,
    0x0, 0x0, 0x2, 0xff, 0xff, 0xff, 0xff, 0xff,
    0xff, 0xff, 0xd0, 0x0, 0x0, 0x0, 0x0, 0x0,
    0x4, 0xff, 0xff, 0xff, 0xff, 0xff, 0xff, 0xff,
    0x70, 0x0, 0x0, 0x0, 0x0, 0x0, 0xf, 0xff,
    0xff, 0xff, 0xff, 0xff, 0xff, 0xfb, 0x0, 0x0,
    0x0,

    /* U+0058 "X" */
    0x14, 0x44, 0x44, 0x44, 0x44, 0x10, 0x0, 0x0,
    0x0, 0x0, 0x0, 0x0, 0x0, 0x0, 0x4, 0x44,
    0x44, 0x44, 0x44, 0x21, 0xef, 0xff, 0xff, 0xff,
    0xf9, 0x0, 0x0, 0x0, 0x0, 0x0, 0x0, 0x0,
    0x0, 0x5, 0xff, 0xff, 0xff, 0xff, 0xf3, 0x6,
    0xff, 0xff, 0xff, 0xff, 0xf2, 0x0, 0x0, 0x0,
    0x0, 0x0, 0x0, 0x0, 0x0, 0xef, 0xff, 0xff,
    0xff, 0xfa, 0x0, 0xd, 0xff, 0xff, 0xff, 0xff,
    0xa0, 0x0, 0x0, 0x0, 0x0, 0x0, 0x0, 0x0,
    0x7f, 0xff, 0xff, 0xff, 0xff, 0x10, 0x0, 0x4f,
    0xff, 0xff, 0xff, 0xff, 0x30, 0x0, 0x0, 0x0,
    0x0, 0x0, 0x0, 0x1e, 0xff, 0xff, 0xff, 0xff,
    0x70, 0x0, 0x0, 0xaf, 0xff, 0xff, 0xff, 0xfc,
    0x0, 0x0, 0x0, 0x0, 0x0, 0x0, 0x8, 0xff,
    0xff, 0xff, 0xff, 0xd0, 0x0, 0x0, 0x2, 0xff,
    0xff, 0xff, 0xff, 0xf4, 0x0, 0x0, 0x0, 0x0,
    0x0, 0x1, 0xff, 0xff, 0xff, 0xff, 0xf5, 0x0,
    0x0, 0x0, 0x8, 0xff, 0xff, 0xff, 0xff, 0xd0,
    0x0, 0x0, 0x0, 0x0, 0x0, 0xaf, 0xff, 0xff,
    0xff, 0xfb, 0x0, 0x0, 0x0, 0x0, 0xe, 0xff,
    0xff, 0xff, 0xff, 0x60, 0x0, 0x0, 0x0, 0x0,
    0x2f, 0xff, 0xff, 0xff, 0xff, 0x20, 0x0, 0x0,
    0x0, 0x0, 0x5f, 0xff, 0xff, 0xff, 0xfe, 0x0,
    0x0, 0x0, 0x0, 0xb, 0xff, 0xff, 0xff, 0xff,
    0x90, 0x0, 0x0, 0x0, 0x0, 0x0, 0xcf, 0xff,
    0xff, 0xff, 0xf7, 0x0, 0x0, 0x0, 0x4, 0xff,
    0xff, 0xff, 0xff, 0xe1, 0x0, 0x0, 0x0, 0x0,
    0x0, 0x3, 0xff, 0xff, 0xff, 0xff, 0xf1, 0x0,
    0x0, 0x0, 0xcf, 0xff, 0xff, 0xff, 0xf6, 0x0,
    0x0, 0x0, 0x0, 0x0, 0x0, 0x9, 0xff, 0xff,
    0xff, 0xff, 0x90, 0x0, 0x0, 0x5f, 0xff, 0xff,
    0xff, 0xfd, 0x0, 0x0, 0x0, 0x0, 0x0, 0x0,
    0x0, 0x1f, 0xff, 0xff, 0xff, 0xff, 0x20, 0x0,
    0xe, 0xff, 0xff, 0xff, 0xff, 0x40, 0x0, 0x0,
    0x0, 0x0, 0x0, 0x0, 0x0, 0x7f, 0xff, 0xff,
    0xff, 0xfa, 0x0, 0x7, 0xff, 0xff, 0xff, 0xff,
    0xa0, 0x0, 0x0, 0x0, 0x0, 0x0, 0x0, 0x0,
    0x0, 0xdf, 0xff, 0xff, 0xff, 0xf3, 0x1, 0xef,
    0xff, 0xff, 0xff, 0xf1, 0x0, 0x0, 0x0, 0x0,
    0x0, 0x0, 0x0, 0x0, 0x4, 0xff, 0xff, 0xff,
    0xff, 0xc0, 0x8f, 0xff, 0xff, 0xff, 0xf8, 0x0,
    0x0, 0x0, 0x0, 0x0, 0x0, 0x0, 0x0, 0x0,
    0xb, 0xff, 0xff, 0xff, 0xff, 0xff, 0xff, 0xff,
    0xff, 0xfe, 0x0, 0x0, 0x0, 0x0, 0x0, 0x0,
    0x0, 0x0, 0x0, 0x0, 0x2f, 0xff, 0xff, 0xff,
    0xff, 0xff, 0xff, 0xff, 0xff, 0x50, 0x0, 0x0,
    0x0, 0x0, 0x0, 0x0, 0x0, 0x0, 0x0, 0x0,
    0x8f, 0xff, 0xff, 0xff, 0xff, 0xff, 0xff, 0xff,
    0xc0, 0x0, 0x0, 0x0, 0x0, 0x0, 0x0, 0x0,
    0x0, 0x0, 0x0, 0x0, 0xef, 0xff, 0xff, 0xff,
    0xff, 0xff, 0xff, 0xf3, 0x0, 0x0, 0x0, 0x0,
    0x0, 0x0, 0x0, 0x0, 0x0, 0x0, 0x0, 0x6,
    0xff, 0xff, 0xff, 0xff, 0xff, 0xff, 0xf9, 0x0,
    0x0, 0x0, 0x0, 0x0, 0x0, 0x0, 0x0, 0x0,
    0x0, 0x0, 0x0, 0xc, 0xff, 0xff, 0xff, 0xff,
    0xff, 0xff, 0x10, 0x0, 0x0, 0x0, 0x0, 0x0,
    0x0, 0x0, 0x0, 0x0, 0x0, 0x0, 0x0, 0xbf,
    0xff, 0xff, 0xff, 0xff, 0xff, 0xe0, 0x0, 0x0,
    0x0, 0x0, 0x0, 0x0, 0x0, 0x0, 0x0, 0x0,
    0x0, 0x0, 0x4f, 0xff, 0xff, 0xff, 0xff, 0xff,
    0xff, 0x80, 0x0, 0x0, 0x0, 0x0, 0x0, 0x0,
    0x0, 0x0, 0x0, 0x0, 0x0, 0xd, 0xff, 0xff,
    0xff, 0xff, 0xff, 0xff, 0xff, 0x10, 0x0, 0x0,
    0x0, 0x0, 0x0, 0x0, 0x0, 0x0, 0x0, 0x0,
    0x6, 0xff, 0xff, 0xff, 0xff, 0xff, 0xff, 0xff,
    0xfa, 0x0, 0x0, 0x0, 0x0, 0x0, 0x0, 0x0,
    0x0, 0x0, 0x0, 0x1, 0xef, 0xff, 0xff, 0xff,
    0xff, 0xff, 0xff, 0xff, 0xf3, 0x0, 0x0, 0x0,
    0x0, 0x0, 0x0, 0x0, 0x0, 0x0, 0x0, 0x9f,
    0xff, 0xff, 0xff, 0xff, 0xff, 0xff, 0xff, 0xff,
    0xc0, 0x0, 0x0, 0x0, 0x0, 0x0, 0x0, 0x0,
    0x0, 0x0, 0x2f, 0xff, 0xff, 0xff, 0xfd, 0x2a,
    0xff, 0xff, 0xff, 0xff, 0x50, 0x0, 0x0, 0x0,
    0x0, 0x0, 0x0, 0x0, 0x0, 0xb, 0xff, 0xff,
    0xff, 0xff, 0x40, 0x1f, 0xff, 0xff, 0xff, 0xfe,
    0x0, 0x0, 0x0, 0x0, 0x0, 0x0, 0x0, 0x0,
    0x4, 0xff, 0xff, 0xff, 0xff, 0xc0, 0x0, 0x8f,
    0xff, 0xff, 0xff, 0xf8, 0x0, 0x0, 0x0, 0x0,
    0x0, 0x0, 0x0, 0x0, 0xdf, 0xff, 0xff, 0xff,
    0xf3, 0x0, 0x1, 0xff, 0xff, 0xff, 0xff, 0xf1,
    0x0, 0x0, 0x0, 0x0, 0x0, 0x0, 0x0, 0x7f,
    0xff, 0xff, 0xff, 0xfb, 0x0, 0x0, 0x7, 0xff,
    0xff, 0xff, 0xff, 0xa0, 0x0, 0x0, 0x0, 0x0,
    0x0, 0x0, 0x1e, 0xff, 0xff, 0xff, 0xff, 0x20,
    0x0, 0x0, 0xe, 0xff, 0xff, 0xff, 0xff, 0x30,
    0x0, 0x0, 0x0, 0x0, 0x0, 0x9, 0xff, 0xff,
    0xff, 0xff, 0xa0, 0x0, 0x0, 0x0, 0x6f, 0xff,
    0xff, 0xff, 0xfc, 0x0, 0x0, 0x0, 0x0, 0x0,
    0x2, 0xff, 0xff, 0xff, 0xff, 0xf2, 0x0, 0x0,
    0x0, 0x0, 0xdf, 0xff, 0xff, 0xff, 0xf5, 0x0,
    0x0, 0x0, 0x0, 0x0, 0xbf, 0xff, 0xff, 0xff,
    0xf9, 0x0, 0x0, 0x0, 0x0, 0x5, 0xff, 0xff,
    0xff, 0xff, 0xe0, 0x0, 0x0, 0x0, 0x0, 0x4f,
    0xff, 0xff, 0xff, 0xff, 0x10, 0x0, 0x0, 0x0,
    0x0, 0xc, 0xff, 0xff, 0xff, 0xff, 0x80, 0x0,
    0x0, 0x0, 0xd, 0xff, 0xff, 0xff, 0xff, 0x70,
    0x0, 0x0, 0x0, 0x0, 0x0, 0x4f, 0xff, 0xff,
    0xff, 0xff, 0x10, 0x0, 0x0, 0x7, 0xff, 0xff,
    0xff, 0xff, 0xe0, 0x0, 0x0, 0x0, 0x0, 0x0,
    0x0, 0xbf, 0xff, 0xff, 0xff, 0xfa, 0x0, 0x0,
    0x1, 0xef, 0xff, 0xff, 0xff, 0xf6, 0x0, 0x0,
    0x0, 0x0, 0x0, 0x0, 0x3, 0xff, 0xff, 0xff,
    0xff, 0xf3, 0x0, 0x0, 0x9f, 0xff, 0xff, 0xff,
    0xfd, 0x0, 0x0, 0x0, 0x0, 0x0, 0x0, 0x0,
    0xa, 0xff, 0xff, 0xff, 0xff, 0xc0, 0x0, 0x2f,
    0xff, 0xff, 0xff, 0xff, 0x50, 0x0, 0x0, 0x0,
    0x0, 0x0, 0x0, 0x0, 0x2f, 0xff, 0xff, 0xff,
    0xff, 0x60, 0xb, 0xff, 0xff, 0xff, 0xff, 0xc0,
    0x0, 0x0, 0x0, 0x0, 0x0, 0x0, 0x0, 0x0,
    0x9f, 0xff, 0xff, 0xff, 0xfe, 0x4, 0xff, 0xff,
    0xff, 0xff, 0xf4, 0x0, 0x0, 0x0, 0x0, 0x0,
    0x0, 0x0, 0x0, 0x1, 0xff, 0xff, 0xff, 0xff,
    0xf8,

    /* U+0059 "Y" */
    0x28, 0x88, 0x88, 0x88, 0x87, 0x0, 0x0, 0x0,
    0x0, 0x0, 0x0, 0x0, 0x0, 0x0, 0x0, 0x78,
    0x88, 0x88, 0x88, 0x82, 0xe, 0xff, 0xff, 0xff,
    0xff, 0x60, 0x0, 0x0, 0x0, 0x0, 0x0, 0x0,
    0x0, 0x0, 0x7, 0xff, 0xff, 0xff, 0xff, 0xe0,
    0x7, 0xff, 0xff, 0xff, 0xff, 0xd0, 0x0, 0x0,
    0x0, 0x0, 0x0, 0x0, 0x0, 0x0, 0xe, 0xff,
    0xff, 0xff, 0xff, 0x60, 0x0, 0xef, 0xff, 0xff,
    0xff, 0xf5, 0x0, 0x0, 0x0, 0x0, 0x0, 0x0,
    0x0, 0x0, 0x6f, 0xff, 0xff, 0xff, 0xfd, 0x0,
    0x0, 0x7f, 0xff, 0xff, 0xff, 0xfd, 0x0, 0x0,
    0x0, 0x0, 0x0, 0x0, 0x0, 0x0, 0xef, 0xff,
    0xff, 0xff, 0xf6, 0x0, 0x0, 0xe, 0xff, 0xff,
    0xff, 0xff, 0x50, 0x0, 0x0, 0x0, 0x0, 0x0,
    0x0, 0x6, 0xff, 0xff, 0xff, 0xff, 0xd0, 0x0,
    0x0, 0x6, 0xff, 0xff, 0xff, 0xff, 0xc0, 0x0,
    0x0, 0x0, 0x0, 0x0, 0x0, 0xd, 0xff, 0xff,
    0xff, 0xff, 0x50, 0x0, 0x0, 0x0, 0xef, 0xff,
    0xff, 0xff, 0xf4, 0x0, 0x0, 0x0, 0x0, 0x0,
    0x0, 0x5f, 0xff, 0xff, 0xff, 0xfd, 0x0, 0x0,
    0x0, 0x0, 0x6f, 0xff, 0xff, 0xff, 0xfc, 0x0,
    0x0, 0x0, 0x0, 0x0, 0x0, 0xdf, 0xff, 0xff,
    0xff, 0xf5, 0x0, 0x0, 0x0, 0x0, 0xe, 0xff,
    0xff, 0xff, 0xff, 0x40, 0x0, 0x0, 0x0, 0x0,
    0x5, 0xff, 0xff, 0xff, 0xff, 0xd0, 0x0, 0x0,
    0x0, 0x0, 0x6, 0xff, 0xff, 0xff, 0xff, 0xb0,
    0x0, 0x0, 0x0, 0x0, 0xc, 0xff, 0xff, 0xff,
    0xff, 0x50, 0x0, 0x0, 0x0, 0x0, 0x0, 0xdf,
    0xff, 0xff, 0xff, 0xf3, 0x0, 0x0, 0x0, 0x0,
    0x4f, 0xff, 0xff, 0xff, 0xfd, 0x0, 0x0, 0x0,
    0x0, 0x0, 0x0, 0x5f, 0xff, 0xff, 0xff, 0xfb,
    0x0, 0x0, 0x0, 0x0, 0xcf, 0xff, 0xff, 0xff,
    0xf4, 0x0, 0x0, 0x0, 0x0, 0x0, 0x0, 0xd,
    0xff, 0xff, 0xff, 0xff, 0x30, 0x0, 0x0, 0x4,
    0xff, 0xff, 0xff, 0xff, 0xc0, 0x0, 0x0, 0x0,
    0x0, 0x0, 0x0, 0x5, 0xff, 0xff, 0xff, 0xff,
    0xa0, 0x0, 0x0, 0xb, 0xff, 0xff, 0xff, 0xff,
    0x40, 0x0, 0x0, 0x0, 0x0, 0x0, 0x0, 0x0,
    0xdf, 0xff, 0xff, 0xff, 0xf2, 0x0, 0x0, 0x3f,
    0xff, 0xff, 0xff, 0xfc, 0x0, 0x0, 0x0, 0x0,
    0x0, 0x0, 0x0, 0x0, 0x5f, 0xff, 0xff, 0xff,
    0xfa, 0x0, 0x0, 0xbf, 0xff, 0xff, 0xff, 0xf4,
    0x0, 0x0, 0x0, 0x0, 0x0, 0x0, 0x0, 0x0,
    0xd, 0xff, 0xff, 0xff, 0xff, 0x20, 0x3, 0xff,
    0xff, 0xff, 0xff, 0xc0, 0x0, 0x0, 0x0, 0x0,
    0x0, 0x0, 0x0, 0x0, 0x5, 0xff, 0xff, 0xff,
    0xff, 0x90, 0xa, 0xff, 0xff, 0xff, 0xff, 0x40,
    0x0, 0x0, 0x0, 0x0, 0x0, 0x0, 0x0, 0x0,
    0x0, 0xcf, 0xff, 0xff, 0xff, 0xf1, 0x2f, 0xff,
    0xff, 0xff, 0xfb, 0x0, 0x0, 0x0, 0x0, 0x0,
    0x0, 0x0, 0x0, 0x0, 0x0, 0x4f, 0xff, 0xff,
    0xff, 0xfe, 0xef, 0xff, 0xff, 0xff, 0xf3, 0x0,
    0x0, 0x0, 0x0, 0x0, 0x0, 0x0, 0x0, 0x0,
    0x0, 0xc, 0xff, 0xff, 0xff, 0xff, 0xff, 0xff,
    0xff, 0xff, 0xb0, 0x0, 0x0, 0x0, 0x0, 0x0,
    0x0, 0x0, 0x0, 0x0, 0x0, 0x4, 0xff, 0xff,
    0xff, 0xff, 0xff, 0xff, 0xff, 0xff, 0x30, 0x0,
    0x0, 0x0, 0x0, 0x0, 0x0, 0x0, 0x0, 0x0,
    0x0, 0x0, 0xcf, 0xff, 0xff, 0xff, 0xff, 0xff,
    0xff, 0xfb, 0x0, 0x0, 0x0, 0x0, 0x0, 0x0,
    0x0, 0x0, 0x0, 0x0, 0x0, 0x0, 0x4f, 0xff,
    0xff, 0xff, 0xff, 0xff, 0xff, 0xf3, 0x0, 0x0,
    0x0, 0x0, 0x0, 0x0, 0x0, 0x0, 0x0, 0x0,
    0x0, 0x0, 0xc, 0xff, 0xff, 0xff, 0xff, 0xff,
    0xff, 0xa0, 0x0, 0x0, 0x0, 0x0, 0x0, 0x0,
    0x0, 0x0, 0x0, 0x0, 0x0, 0x0, 0x3, 0xff,
    0xff, 0xff, 0xff, 0xff, 0xff, 0x20, 0x0, 0x0,
    0x0, 0x0, 0x0, 0x0, 0x0, 0x0, 0x0, 0x0,
    0x0, 0x0, 0x0, 0xbf, 0xff, 0xff, 0xff, 0xff,
    0xfa, 0x0, 0x0, 0x0, 0x0, 0x0, 0x0, 0x0,
    0x0, 0x0, 0x0, 0x0, 0x0, 0x0, 0x0, 0x3f,
    0xff, 0xff, 0xff, 0xff, 0xf2, 0x0, 0x0, 0x0,
    0x0, 0x0, 0x0, 0x0, 0x0, 0x0, 0x0, 0x0,
    0x0, 0x0, 0x0, 0xb, 0xff, 0xff, 0xff, 0xff,
    0xa0, 0x0, 0x0, 0x0, 0x0, 0x0, 0x0, 0x0,
    0x0, 0x0, 0x0, 0x0, 0x0, 0x0, 0x0, 0x4,
    0xff, 0xff, 0xff, 0xff, 0x30, 0x0, 0x0, 0x0,
    0x0, 0x0, 0x0, 0x0, 0x0, 0x0, 0x0, 0x0,
    0x0, 0x0, 0x0, 0x4, 0xff, 0xff, 0xff, 0xff,
    0x30, 0x0, 0x0, 0x0, 0x0, 0x0, 0x0, 0x0,
    0x0, 0x0, 0x0, 0x0, 0x0, 0x0, 0x0, 0x4,
    0xff, 0xff, 0xff, 0xff, 0x30, 0x0, 0x0, 0x0,
    0x0, 0x0, 0x0, 0x0, 0x0, 0x0, 0x0, 0x0,
    0x0, 0x0, 0x0, 0x4, 0xff, 0xff, 0xff, 0xff,
    0x30, 0x0, 0x0, 0x0, 0x0, 0x0, 0x0, 0x0,
    0x0, 0x0, 0x0, 0x0, 0x0, 0x0, 0x0, 0x4,
    0xff, 0xff, 0xff, 0xff, 0x30, 0x0, 0x0, 0x0,
    0x0, 0x0, 0x0, 0x0, 0x0, 0x0, 0x0, 0x0,
    0x0, 0x0, 0x0, 0x4, 0xff, 0xff, 0xff, 0xff,
    0x30, 0x0, 0x0, 0x0, 0x0, 0x0, 0x0, 0x0,
    0x0, 0x0, 0x0, 0x0, 0x0, 0x0, 0x0, 0x4,
    0xff, 0xff, 0xff, 0xff, 0x30, 0x0, 0x0, 0x0,
    0x0, 0x0, 0x0, 0x0, 0x0, 0x0, 0x0, 0x0,
    0x0, 0x0, 0x0, 0x4, 0xff, 0xff, 0xff, 0xff,
    0x30, 0x0, 0x0, 0x0, 0x0, 0x0, 0x0, 0x0,
    0x0, 0x0, 0x0, 0x0, 0x0, 0x0, 0x0, 0x4,
    0xff, 0xff, 0xff, 0xff, 0x30, 0x0, 0x0, 0x0,
    0x0, 0x0, 0x0, 0x0, 0x0, 0x0, 0x0, 0x0,
    0x0, 0x0, 0x0, 0x4, 0xff, 0xff, 0xff, 0xff,
    0x30, 0x0, 0x0, 0x0, 0x0, 0x0, 0x0, 0x0,
    0x0, 0x0, 0x0, 0x0, 0x0, 0x0, 0x0, 0x4,
    0xff, 0xff, 0xff, 0xff, 0x30, 0x0, 0x0, 0x0,
    0x0, 0x0, 0x0, 0x0, 0x0, 0x0, 0x0, 0x0,
    0x0, 0x0, 0x0, 0x4, 0xff, 0xff, 0xff, 0xff,
    0x30, 0x0, 0x0, 0x0, 0x0, 0x0, 0x0, 0x0,
    0x0, 0x0, 0x0, 0x0, 0x0, 0x0, 0x0, 0x4,
    0xff, 0xff, 0xff, 0xff, 0x30, 0x0, 0x0, 0x0,
    0x0, 0x0, 0x0, 0x0, 0x0, 0x0, 0x0, 0x0,
    0x0, 0x0, 0x0, 0x4, 0xff, 0xff, 0xff, 0xff,
    0x30, 0x0, 0x0, 0x0, 0x0, 0x0, 0x0, 0x0,
    0x0, 0x0, 0x0, 0x0, 0x0, 0x0, 0x0, 0x4,
    0xff, 0xff, 0xff, 0xff, 0x30, 0x0, 0x0, 0x0,
    0x0, 0x0, 0x0, 0x0, 0x0, 0x0, 0x0, 0x0,
    0x0, 0x0, 0x0, 0x4, 0xff, 0xff, 0xff, 0xff,
    0x30, 0x0, 0x0, 0x0, 0x0, 0x0, 0x0, 0x0,

    /* U+005A "Z" */
    0x6, 0xff, 0xff, 0xff, 0xff, 0xff, 0xff, 0xff,
    0xff, 0xff, 0xff, 0xff, 0xff, 0xff, 0xff, 0xfe,
    0x0, 0x6f, 0xff, 0xff, 0xff, 0xff, 0xff, 0xff,
    0xff, 0xff, 0xff, 0xff, 0xff, 0xff, 0xff, 0xff,
    0xe0, 0x6, 0xff, 0xff, 0xff, 0xff, 0xff, 0xff,
    0xff, 0xff, 0xff, 0xff, 0xff, 0xff, 0xff, 0xff,
    0xfe, 0x0, 0x6f, 0xff, 0xff, 0xff, 0xff, 0xff,
    0xff, 0xff, 0xff, 0xff, 0xff, 0xff, 0xff, 0xff,
    0xff, 0xe0, 0x6, 0xff, 0xff, 0xff, 0xff, 0xff,
    0xff, 0xff, 0xff, 0xff, 0xff, 0xff, 0xff, 0xff,
    0xff, 0xfe, 0x0, 0x6f, 0xff, 0xff, 0xff, 0xff,
    0xff, 0xff, 0xff, 0xff, 0xff, 0xff, 0xff, 0xff,
    0xff, 0xff, 0xe0, 0x6, 0xff, 0xff, 0xff, 0xff,
    0xff, 0xff, 0xff, 0xff, 0xff, 0xff, 0xff, 0xff,
    0xff, 0xff, 0xfe, 0x0, 0x4a, 0xaa, 0xaa, 0xaa,
    0xaa, 0xaa, 0xaa, 0xaa, 0xaa, 0xaa, 0xaa, 0xff,
    0xff, 0xff, 0xff, 0xe0, 0x0, 0x0, 0x0, 0x0,
    0x0, 0x0, 0x0, 0x0, 0x0, 0x0, 0x0, 0xe,
    0xff, 0xff, 0xff, 0xfe, 0x0, 0x0, 0x0, 0x0,
    0x0, 0x0, 0x0, 0x0, 0x0, 0x0, 0x0, 0x9,
    0xff, 0xff, 0xff, 0xff, 0xe0, 0x0, 0x0, 0x0,
    0x0, 0x0, 0x0, 0x0, 0x0, 0x0, 0x0, 0x7,
    0xff, 0xff, 0xff, 0xff, 0xfe, 0x0, 0x0, 0x0,
    0x0, 0x0, 0x0, 0x0, 0x0, 0x0, 0x0, 0x5,
    0xff, 0xff, 0xff, 0xff, 0xff, 0x50, 0x0, 0x0,
    0x0, 0x0, 0x0, 0x0, 0x0, 0x0, 0x0, 0x4,
    0xff, 0xff, 0xff, 0xff, 0xff, 0x70, 0x0, 0x0,
    0x0, 0x0, 0x0, 0x0, 0x0, 0x0, 0x0, 0x2,
    0xef, 0xff, 0xff, 0xff, 0xff, 0x90, 0x0, 0x0,
    0x0, 0x0, 0x0, 0x0, 0x0, 0x0, 0x0, 0x1,
    0xef, 0xff, 0xff, 0xff, 0xff, 0xb0, 0x0, 0x0,
    0x0, 0x0, 0x0, 0x0, 0x0, 0x0, 0x0, 0x0,
    0xcf, 0xff, 0xff, 0xff, 0xff, 0xd0, 0x0, 0x0,
    0x0, 0x0, 0x0, 0x0, 0x0, 0x0, 0x0, 0x0,
    0xbf, 0xff, 0xff, 0xff, 0xff, 0xe1, 0x0, 0x0,
    0x0, 0x0, 0x0, 0x0, 0x0, 0x0, 0x0, 0x0,
    0x9f, 0xff, 0xff, 0xff, 0xff, 0xf3, 0x0, 0x0,
    0x0, 0x0, 0x0, 0x0, 0x0, 0x0, 0x0, 0x0,
    0x7f, 0xff, 0xff, 0xff, 0xff, 0xf4, 0x0, 0x0,
    0x0, 0x0, 0x0, 0x0, 0x0, 0x0, 0x0, 0x0,
    0x5f, 0xff, 0xff, 0xff, 0xff, 0xf6, 0x0, 0x0,
    0x0, 0x0, 0x0, 0x0, 0x0, 0x0, 0x0, 0x0,
    0x3f, 0xff, 0xff, 0xff, 0xff, 0xf8, 0x0, 0x0,
    0x0, 0x0, 0x0, 0x0, 0x0, 0x0, 0x0, 0x0,
    0x2e, 0xff, 0xff, 0xff, 0xff, 0xfa, 0x0, 0x0,
    0x0, 0x0, 0x0, 0x0, 0x0, 0x0, 0x0, 0x0,
    0x1d, 0xff, 0xff, 0xff, 0xff, 0xfc, 0x0, 0x0,
    0x0, 0x0, 0x0, 0x0, 0x0, 0x0, 0x0, 0x0,
    0xc, 0xff, 0xff, 0xff, 0xff, 0xfd, 0x10, 0x0,
    0x0, 0x0, 0x0, 0x0, 0x0, 0x0, 0x0, 0x0,
    0xa, 0xff, 0xff, 0xff, 0xff, 0xfe, 0x20, 0x0,
    0x0, 0x0, 0x0, 0x0, 0x0, 0x0, 0x0, 0x0,
    0x8, 0xff, 0xff, 0xff, 0xff, 0xff, 0x30, 0x0,
    0x0, 0x0, 0x0, 0x0, 0x0, 0x0, 0x0, 0x0,
    0x6, 0xff, 0xff, 0xff, 0xff, 0xff, 0x50, 0x0,
    0x0, 0x0, 0x0, 0x0, 0x0, 0x0, 0x0, 0x0,
    0x4, 0xff, 0xff, 0xff, 0xff, 0xff, 0x70, 0x0,
    0x0, 0x0, 0x0, 0x0, 0x0, 0x0, 0x0, 0x0,
    0x3, 0xff, 0xff, 0xff, 0xff, 0xff, 0x90, 0x0,
    0x0, 0x0, 0x0, 0x0, 0x0, 0x0, 0x0, 0x0,
    0x1, 0xef, 0xff, 0xff, 0xff, 0xff, 0xb0, 0x0,
    0x0, 0x0, 0x0, 0x0, 0x0, 0x0, 0x0, 0x0,
    0x0, 0xdf, 0xff, 0xff, 0xff, 0xff, 0xc0, 0x0,
    0x0, 0x0, 0x0, 0x0, 0x0, 0x0, 0x0, 0x0,
    0x0, 0xbf, 0xff, 0xff, 0xff, 0xff, 0xe1, 0x0,
    0x0, 0x0, 0x0, 0x0, 0x0, 0x0, 0x0, 0x0,
    0x0, 0x9f, 0xff, 0xff, 0xff, 0xff, 0xf2, 0x0,
    0x0, 0x0, 0x0, 0x0, 0x0, 0x0, 0x0, 0x0,
    0x0, 0x7f, 0xff, 0xff, 0xff, 0xff, 0xf4, 0x0,
    0x0, 0x0, 0x0, 0x0, 0x0, 0x0, 0x0, 0x0,
    0x0, 0xf, 0xff, 0xff, 0xff, 0xff, 0xf5, 0x0,
    0x0, 0x0, 0x0, 0x0, 0x0, 0x0, 0x0, 0x0,
    0x0, 0x1, 0xff, 0xff, 0xff, 0xff, 0xf7, 0x0,
    0x0, 0x0, 0x0, 0x0, 0x0, 0x0, 0x0, 0x0,
    0x0, 0x0, 0x1f, 0xff, 0xff, 0xff, 0xfd, 0x0,
    0x0, 0x0, 0x0, 0x0, 0x0, 0x0, 0x0, 0x0,
    0x0, 0x0, 0x1, 0xff, 0xff, 0xff, 0xff, 0xea,
    0xaa, 0xaa, 0xaa, 0xaa, 0xaa, 0xaa, 0xaa, 0xaa,
    0xaa, 0xaa, 0xa0, 0x1f, 0xff, 0xff, 0xff, 0xff,
    0xff, 0xff, 0xff, 0xff, 0xff, 0xff, 0xff, 0xff,
    0xff, 0xff, 0xff, 0x1, 0xff, 0xff, 0xff, 0xff,
    0xff, 0xff, 0xff, 0xff, 0xff, 0xff, 0xff, 0xff,
    0xff, 0xff, 0xff, 0xf0, 0x1f, 0xff, 0xff, 0xff,
    0xff, 0xff, 0xff, 0xff, 0xff, 0xff, 0xff, 0xff,
    0xff, 0xff, 0xff, 0xff, 0x1, 0xff, 0xff, 0xff,
    0xff, 0xff, 0xff, 0xff, 0xff, 0xff, 0xff, 0xff,
    0xff, 0xff, 0xff, 0xff, 0xf0, 0x1f, 0xff, 0xff,
    0xff, 0xff, 0xff, 0xff, 0xff, 0xff, 0xff, 0xff,
    0xff, 0xff, 0xff, 0xff, 0xff, 0x1, 0xff, 0xff,
    0xff, 0xff, 0xff, 0xff, 0xff, 0xff, 0xff, 0xff,
    0xff, 0xff, 0xff, 0xff, 0xff, 0xf0, 0x1f, 0xff,
    0xff, 0xff, 0xff, 0xff, 0xff, 0xff, 0xff, 0xff,
    0xff, 0xff, 0xff, 0xff, 0xff, 0xff, 0x0,

    /* U+005B "[" */
    0x0, 0x1, 0x8d, 0xff, 0xff, 0xff, 0xff, 0xff,
    0xfe, 0x0, 0x4f, 0xff, 0xff, 0xff, 0xff, 0xff,
    0xff, 0xfe, 0x3, 0xff, 0xff, 0xff, 0xff, 0xff,
    0xff, 0xff, 0xfe, 0xd, 0xff, 0xff, 0xff, 0xff,
    0xff, 0xff, 0xff, 0xfe, 0x3f, 0xff, 0xff, 0xff,
    0xff, 0xff, 0xff, 0xff, 0xfe, 0x6f, 0xff, 0xff,
    0xff, 0xff, 0xff, 0xff, 0xff, 0xfe, 0x7f, 0xff,
    0xff, 0xff, 0xff, 0xff, 0xff, 0xff, 0xfe, 0x8f,
    0xff, 0xff, 0xff, 0xc1, 0x0, 0x0, 0x0, 0x0,
    0x8f, 0xff, 0xff, 0xff, 0x50, 0x0, 0x0, 0x0,
    0x0, 0x8f, 0xff, 0xff, 0xff, 0x40, 0x0, 0x0,
    0x0, 0x0, 0x8f, 0xff, 0xff, 0xff, 0x40, 0x0,
    0x0, 0x0, 0x0, 0x8f, 0xff, 0xff, 0xff, 0x40,
    0x0, 0x0, 0x0, 0x0, 0x8f, 0xff, 0xff, 0xff,
    0x40, 0x0, 0x0, 0x0, 0x0, 0x8f, 0xff, 0xff,
    0xff, 0x40, 0x0, 0x0, 0x0, 0x0, 0x8f, 0xff,
    0xff, 0xff, 0x40, 0x0, 0x0, 0x0, 0x0, 0x8f,
    0xff, 0xff, 0xff, 0x40, 0x0, 0x0, 0x0, 0x0,
    0x8f, 0xff, 0xff, 0xff, 0x40, 0x0, 0x0, 0x0,
    0x0, 0x8f, 0xff, 0xff, 0xff, 0x40, 0x0, 0x0,
    0x0, 0x0, 0x8f, 0xff, 0xff, 0xff, 0x40, 0x0,
    0x0, 0x0, 0x0, 0x8f, 0xff, 0xff, 0xff, 0x40,
    0x0, 0x0, 0x0, 0x0, 0x8f, 0xff, 0xff, 0xff,
    0x40, 0x0, 0x0, 0x0, 0x0, 0x8f, 0xff, 0xff,
    0xff, 0x40, 0x0, 0x0, 0x0, 0x0, 0x8f, 0xff,
    0xff, 0xff, 0x40, 0x0, 0x0, 0x0, 0x0, 0x8f,
    0xff, 0xff, 0xff, 0x40, 0x0, 0x0, 0x0, 0x0,
    0x8f, 0xff, 0xff, 0xff, 0x40, 0x0, 0x0, 0x0,
    0x0, 0x8f, 0xff, 0xff, 0xff, 0x40, 0x0, 0x0,
    0x0, 0x0, 0x8f, 0xff, 0xff, 0xff, 0x40, 0x0,
    0x0, 0x0, 0x0, 0x8f, 0xff, 0xff, 0xff, 0x40,
    0x0, 0x0, 0x0, 0x0, 0x8f, 0xff, 0xff, 0xff,
    0x40, 0x0, 0x0, 0x0, 0x0, 0x8f, 0xff, 0xff,
    0xff, 0x40, 0x0, 0x0, 0x0, 0x0, 0x8f, 0xff,
    0xff, 0xff, 0x40, 0x0, 0x0, 0x0, 0x0, 0x8f,
    0xff, 0xff, 0xff, 0x40, 0x0, 0x0, 0x0, 0x0,
    0x8f, 0xff, 0xff, 0xff, 0x40, 0x0, 0x0, 0x0,
    0x0, 0x8f, 0xff, 0xff, 0xff, 0x40, 0x0, 0x0,
    0x0, 0x0, 0x8f, 0xff, 0xff, 0xff, 0x40, 0x0,
    0x0, 0x0, 0x0, 0x8f, 0xff, 0xff, 0xff, 0x40,
    0x0, 0x0, 0x0, 0x0, 0x8f, 0xff, 0xff, 0xff,
    0x40, 0x0, 0x0, 0x0, 0x0, 0x8f, 0xff, 0xff,
    0xff, 0x40, 0x0, 0x0, 0x0, 0x0, 0x8f, 0xff,
    0xff, 0xff, 0x40, 0x0, 0x0, 0x0, 0x0, 0x8f,
    0xff, 0xff, 0xff, 0x40, 0x0, 0x0, 0x0, 0x0,
    0x8f, 0xff, 0xff, 0xff, 0x40, 0x0, 0x0, 0x0,
    0x0, 0x8f, 0xff, 0xff, 0xff, 0x40, 0x0, 0x0,
    0x0, 0x0, 0x8f, 0xff, 0xff, 0xff, 0x40, 0x0,
    0x0, 0x0, 0x0, 0x8f, 0xff, 0xff, 0xff, 0x40,
    0x0, 0x0, 0x0, 0x0, 0x8f, 0xff, 0xff, 0xff,
    0x40, 0x0, 0x0, 0x0, 0x0, 0x8f, 0xff, 0xff,
    0xff, 0x40, 0x0, 0x0, 0x0, 0x0, 0x8f, 0xff,
    0xff, 0xff, 0x40, 0x0, 0x0, 0x0, 0x0, 0x8f,
    0xff, 0xff, 0xff, 0x40, 0x0, 0x0, 0x0, 0x0,
    0x8f, 0xff, 0xff, 0xff, 0x40, 0x0, 0x0, 0x0,
    0x0, 0x8f, 0xff, 0xff, 0xff, 0x40, 0x0, 0x0,
    0x0, 0x0, 0x8f, 0xff, 0xff, 0xff, 0x40, 0x0,
    0x0, 0x0, 0x0, 0x8f, 0xff, 0xff, 0xff, 0x40,
    0x0, 0x0, 0x0, 0x0, 0x8f, 0xff, 0xff, 0xff,
    0x40, 0x0, 0x0, 0x0, 0x0, 0x8f, 0xff, 0xff,
    0xff, 0x40, 0x0, 0x0, 0x0, 0x0, 0x8f, 0xff,
    0xff, 0xff, 0x40, 0x0, 0x0, 0x0, 0x0, 0x8f,
    0xff, 0xff, 0xff, 0x40, 0x0, 0x0, 0x0, 0x0,
    0x8f, 0xff, 0xff, 0xff, 0x50, 0x0, 0x0, 0x0,
    0x0, 0x8f, 0xff, 0xff, 0xff, 0xc1, 0x0, 0x0,
    0x0, 0x0, 0x8f, 0xff, 0xff, 0xff, 0xff, 0xff,
    0xff, 0xff, 0xfe, 0x6f, 0xff, 0xff, 0xff, 0xff,
    0xff, 0xff, 0xff, 0xfe, 0x3f, 0xff, 0xff, 0xff,
    0xff, 0xff, 0xff, 0xff, 0xfe, 0xd, 0xff, 0xff,
    0xff, 0xff, 0xff, 0xff, 0xff, 0xfe, 0x3, 0xff,
    0xff, 0xff, 0xff, 0xff, 0xff, 0xff, 0xfe, 0x0,
    0x5f, 0xff, 0xff, 0xff, 0xff, 0xff, 0xff, 0xfe,
    0x0, 0x1, 0x8d, 0xff, 0xff, 0xff, 0xff, 0xff,
    0xfe,

    /* U+005C "\\" */
    0xd, 0xff, 0xff, 0xff, 0xf3, 0x0, 0x0, 0x0,
    0x0, 0x0, 0x0, 0x0, 0x0, 0x0, 0x8, 0xff,
    0xff, 0xff, 0xf8, 0x0, 0x0, 0x0, 0x0, 0x0,
    0x0, 0x0, 0x0, 0x0, 0x3, 0xff, 0xff, 0xff,
    0xfd, 0x0, 0x0, 0x0, 0x0, 0x0, 0x0, 0x0,
    0x0, 0x0, 0x0, 0xef, 0xff, 0xff, 0xff, 0x20,
    0x0, 0x0, 0x0, 0x0, 0x0, 0x0, 0x0, 0x0,
    0x0, 0x9f, 0xff, 0xff, 0xff, 0x80, 0x0, 0x0,
    0x0, 0x0, 0x0, 0x0, 0x0, 0x0, 0x0, 0x3f,
    0xff, 0xff, 0xff, 0xd0, 0x0, 0x0, 0x0, 0x0,
    0x0, 0x0, 0x0, 0x0, 0x0, 0xe, 0xff, 0xff,
    0xff, 0xf2, 0x0, 0x0, 0x0, 0x0, 0x0, 0x0,
    0x0, 0x0, 0x0, 0x9, 0xff, 0xff, 0xff, 0xf7,
    0x0, 0x0, 0x0, 0x0, 0x0, 0x0, 0x0, 0x0,
    0x0, 0x4, 0xff, 0xff, 0xff, 0xfc, 0x0, 0x0,
    0x0, 0x0, 0x0, 0x0, 0x0, 0x0, 0x0, 0x0,
    0xef, 0xff, 0xff, 0xff, 0x20, 0x0, 0x0, 0x0,
    0x0, 0x0, 0x0, 0x0, 0x0, 0x0, 0x9f, 0xff,
    0xff, 0xff, 0x70, 0x0, 0x0, 0x0, 0x0, 0x0,
    0x0, 0x0, 0x0, 0x0, 0x4f, 0xff, 0xff, 0xff,
    0xc0, 0x0, 0x0, 0x0, 0x0, 0x0, 0x0, 0x0,
    0x0, 0x0, 0xf, 0xff, 0xff, 0xff, 0xf1, 0x0,
    0x0, 0x0, 0x0, 0x0, 0x0, 0x0, 0x0, 0x0,
    0xa, 0xff, 0xff, 0xff, 0xf6, 0x0, 0x0, 0x0,
    0x0, 0x0, 0x0, 0x0, 0x0, 0x0, 0x5, 0xff,
    0xff, 0xff, 0xfb, 0x0, 0x0, 0x0, 0x0, 0x0,
    0x0, 0x0, 0x0, 0x0, 0x0, 0xff, 0xff, 0xff,
    0xff, 0x10, 0x0, 0x0, 0x0, 0x0, 0x0, 0x0,
    0x0, 0x0, 0x0, 0xaf, 0xff, 0xff, 0xff, 0x60,
    0x0, 0x0, 0x0, 0x0, 0x0, 0x0, 0x0, 0x0,
    0x0, 0x5f, 0xff, 0xff, 0xff, 0xb0, 0x0, 0x0,
    0x0, 0x0, 0x0, 0x0, 0x0, 0x0, 0x0, 0xf,
    0xff, 0xff, 0xff, 0xf1, 0x0, 0x0, 0x0, 0x0,
    0x0, 0x0, 0x0, 0x0, 0x0, 0xb, 0xff, 0xff,
    0xff, 0xf5, 0x0, 0x0, 0x0, 0x0, 0x0, 0x0,
    0x0, 0x0, 0x0, 0x6, 0xff, 0xff, 0xff, 0xfb,
    0x0, 0x0, 0x0, 0x0, 0x0, 0x0, 0x0, 0x0,
    0x0, 0x1, 0xff, 0xff, 0xff, 0xff, 0x0, 0x0,
    0x0, 0x0, 0x0, 0x0, 0x0, 0x0, 0x0, 0x0,
    0xbf, 0xff, 0xff, 0xff, 0x50, 0x0, 0x0, 0x0,
    0x0, 0x0, 0x0, 0x0, 0x0, 0x0, 0x6f, 0xff,
    0xff, 0xff, 0xa0, 0x0, 0x0, 0x0, 0x0, 0x0,
    0x0, 0x0, 0x0, 0x0, 0x1f, 0xff, 0xff, 0xff,
    0xf0, 0x0, 0x0, 0x0, 0x0, 0x0, 0x0, 0x0,
    0x0, 0x0, 0xc, 0xff, 0xff, 0xff, 0xf5, 0x0,
    0x0, 0x0, 0x0, 0x0, 0x0, 0x0, 0x0, 0x0,
    0x6, 0xff, 0xff, 0xff, 0xfa, 0x0, 0x0, 0x0,
    0x0, 0x0, 0x0, 0x0, 0x0, 0x0, 0x1, 0xff,
    0xff, 0xff, 0xff, 0x0, 0x0, 0x0, 0x0, 0x0,
    0x0, 0x0, 0x0, 0x0, 0x0, 0xcf, 0xff, 0xff,
    0xff, 0x40, 0x0, 0x0, 0x0, 0x0, 0x0, 0x0,
    0x0, 0x0, 0x0, 0x7f, 0xff, 0xff, 0xff, 0x90,
    0x0, 0x0, 0x0, 0x0, 0x0, 0x0, 0x0, 0x0,
    0x0, 0x2f, 0xff, 0xff, 0xff, 0xe0, 0x0, 0x0,
    0x0, 0x0, 0x0, 0x0, 0x0, 0x0, 0x0, 0xc,
    0xff, 0xff, 0xff, 0xf4, 0x0, 0x0, 0x0, 0x0,
    0x0, 0x0, 0x0, 0x0, 0x0, 0x7, 0xff, 0xff,
    0xff, 0xf9, 0x0, 0x0, 0x0, 0x0, 0x0, 0x0,
    0x0, 0x0, 0x0, 0x2, 0xff, 0xff, 0xff, 0xfe,
    0x0, 0x0, 0x0, 0x0, 0x0, 0x0, 0x0, 0x0,
    0x0, 0x0, 0xdf, 0xff, 0xff, 0xff, 0x30, 0x0,
    0x0, 0x0, 0x0, 0x0, 0x0, 0x0, 0x0, 0x0,
    0x8f, 0xff, 0xff, 0xff, 0x80, 0x0, 0x0, 0x0,
    0x0, 0x0, 0x0, 0x0, 0x0, 0x0, 0x2f, 0xff,
    0xff, 0xff, 0xe0, 0x0, 0x0, 0x0, 0x0, 0x0,
    0x0, 0x0, 0x0, 0x0, 0xd, 0xff, 0xff, 0xff,
    0xf3, 0x0, 0x0, 0x0, 0x0, 0x0, 0x0, 0x0,
    0x0, 0x0, 0x8, 0xff, 0xff, 0xff, 0xf8, 0x0,
    0x0, 0x0, 0x0, 0x0, 0x0, 0x0, 0x0, 0x0,
    0x3, 0xff, 0xff, 0xff, 0xfd, 0x0, 0x0, 0x0,
    0x0, 0x0, 0x0, 0x0, 0x0, 0x0, 0x0, 0xef,
    0xff, 0xff, 0xff, 0x20, 0x0, 0x0, 0x0, 0x0,
    0x0, 0x0, 0x0, 0x0, 0x0, 0x8f, 0xff, 0xff,
    0xff, 0x80, 0x0, 0x0, 0x0, 0x0, 0x0, 0x0,
    0x0, 0x0, 0x0, 0x3f, 0xff, 0xff, 0xff, 0xd0,
    0x0, 0x0, 0x0, 0x0, 0x0, 0x0, 0x0, 0x0,
    0x0, 0xe, 0xff, 0xff, 0xff, 0xf2, 0x0, 0x0,
    0x0, 0x0, 0x0, 0x0, 0x0, 0x0, 0x0, 0x9,
    0xff, 0xff, 0xff, 0xf7, 0x0, 0x0, 0x0, 0x0,
    0x0, 0x0, 0x0, 0x0, 0x0, 0x4, 0xff, 0xff,
    0xff, 0xfc, 0x0, 0x0, 0x0, 0x0, 0x0, 0x0,
    0x0, 0x0, 0x0, 0x0, 0xef, 0xff, 0xff, 0xff,
    0x20, 0x0, 0x0, 0x0, 0x0, 0x0, 0x0, 0x0,
    0x0, 0x0, 0x9f, 0xff, 0xff, 0xff, 0x70, 0x0,
    0x0, 0x0, 0x0, 0x0, 0x0, 0x0, 0x0, 0x0,
    0x4f, 0xff, 0xff, 0xff, 0xc0, 0x0, 0x0, 0x0,
    0x0, 0x0, 0x0, 0x0, 0x0, 0x0, 0xf, 0xff,
    0xff, 0xff, 0xf1, 0x0, 0x0, 0x0, 0x0, 0x0,
    0x0, 0x0, 0x0, 0x0, 0xa, 0xff, 0xff, 0xff,
    0xf6, 0x0, 0x0, 0x0, 0x0, 0x0, 0x0, 0x0,
    0x0, 0x0, 0x5, 0xff, 0xff, 0xff, 0xfb, 0x0,
    0x0, 0x0, 0x0, 0x0, 0x0, 0x0, 0x0, 0x0,
    0x0, 0xff, 0xff, 0xff, 0xff, 0x10, 0x0, 0x0,
    0x0, 0x0, 0x0, 0x0, 0x0, 0x0, 0x0, 0xaf,
    0xff, 0xff, 0xff, 0x60, 0x0, 0x0, 0x0, 0x0,
    0x0, 0x0, 0x0, 0x0, 0x0, 0x5f, 0xff, 0xff,
    0xff, 0xb0, 0x0, 0x0, 0x0, 0x0, 0x0, 0x0,
    0x0, 0x0, 0x0, 0xf, 0xff, 0xff, 0xff, 0xf1,
    0x0, 0x0, 0x0, 0x0, 0x0, 0x0, 0x0, 0x0,
    0x0, 0xb, 0xff, 0xff, 0xff, 0xf5, 0x0, 0x0,
    0x0, 0x0, 0x0, 0x0, 0x0, 0x0, 0x0, 0x5,
    0xff, 0xff, 0xff, 0xfb,

    /* U+005D "]" */
    0xff, 0xff, 0xff, 0xff, 0xff, 0xff, 0xd8, 0x10,
    0x0, 0xff, 0xff, 0xff, 0xff, 0xff, 0xff, 0xff,
    0xe3, 0x0, 0xff, 0xff, 0xff, 0xff, 0xff, 0xff,
    0xff, 0xff, 0x20, 0xff, 0xff, 0xff, 0xff, 0xff,
    0xff, 0xff, 0xff, 0xb0, 0xff, 0xff, 0xff, 0xff,
    0xff, 0xff, 0xff, 0xff, 0xf1, 0xff, 0xff, 0xff,
    0xff, 0xff, 0xff, 0xff, 0xff, 0xf5, 0xff, 0xff,
    0xff, 0xff, 0xff, 0xff, 0xff, 0xff, 0xf6, 0x0,
    0x0, 0x0, 0x0, 0x2d, 0xff, 0xff, 0xff, 0xf7,
    0x0, 0x0, 0x0, 0x0, 0x6, 0xff, 0xff, 0xff,
    0xf7, 0x0, 0x0, 0x0, 0x0, 0x6, 0xff, 0xff,
    0xff, 0xf7, 0x0, 0x0, 0x0, 0x0, 0x6, 0xff,
    0xff, 0xff, 0xf7, 0x0, 0x0, 0x0, 0x0, 0x6,
    0xff, 0xff, 0xff, 0xf7, 0x0, 0x0, 0x0, 0x0,
    0x6, 0xff, 0xff, 0xff, 0xf7, 0x0, 0x0, 0x0,
    0x0, 0x6, 0xff, 0xff, 0xff, 0xf7, 0x0, 0x0,
    0x0, 0x0, 0x6, 0xff, 0xff, 0xff, 0xf7, 0x0,
    0x0, 0x0, 0x0, 0x6, 0xff, 0xff, 0xff, 0xf7,
    0x0, 0x0, 0x0, 0x0, 0x6, 0xff, 0xff, 0xff,
    0xf7, 0x0, 0x0, 0x0, 0x0, 0x6, 0xff, 0xff,
    0xff, 0xf7, 0x0, 0x0, 0x0, 0x0, 0x6, 0xff,
    0xff, 0xff, 0xf7, 0x0, 0x0, 0x0, 0x0, 0x6,
    0xff, 0xff, 0xff, 0xf7, 0x0, 0x0, 0x0, 0x0,
    0x6, 0xff, 0xff, 0xff, 0xf7, 0x0, 0x0, 0x0,
    0x0, 0x6, 0xff, 0xff, 0xff, 0xf7, 0x0, 0x0,
    0x0, 0x0, 0x6, 0xff, 0xff, 0xff, 0xf7, 0x0,
    0x0, 0x0, 0x0, 0x6, 0xff, 0xff, 0xff, 0xf7,
    0x0, 0x0, 0x0, 0x0, 0x6, 0xff, 0xff, 0xff,
    0xf7, 0x0, 0x0, 0x0, 0x0, 0x6, 0xff, 0xff,
    0xff, 0xf7, 0x0, 0x0, 0x0, 0x0, 0x6, 0xff,
    0xff, 0xff, 0xf7, 0x0, 0x0, 0x0, 0x0, 0x6,
    0xff, 0xff, 0xff, 0xf7, 0x0, 0x0, 0x0, 0x0,
    0x6, 0xff, 0xff, 0xff, 0xf7, 0x0, 0x0, 0x0,
    0x0, 0x6, 0xff, 0xff, 0xff, 0xf7, 0x0, 0x0,
    0x0, 0x0, 0x6, 0xff, 0xff, 0xff, 0xf7, 0x0,
    0x0, 0x0, 0x0, 0x6, 0xff, 0xff, 0xff, 0xf7,
    0x0, 0x0, 0x0, 0x0, 0x6, 0xff, 0xff, 0xff,
    0xf7, 0x0, 0x0, 0x0, 0x0, 0x6, 0xff, 0xff,
    0xff, 0xf7, 0x0, 0x0, 0x0, 0x0, 0x6, 0xff,
    0xff, 0xff, 0xf7, 0x0, 0x0, 0x0, 0x0, 0x6,
    0xff, 0xff, 0xff, 0xf7, 0x0, 0x0, 0x0, 0x0,
    0x6, 0xff, 0xff, 0xff, 0xf7, 0x0, 0x0, 0x0,
    0x0, 0x6, 0xff, 0xff, 0xff, 0xf7, 0x0, 0x0,
    0x0, 0x0, 0x6, 0xff, 0xff, 0xff, 0xf7, 0x0,
    0x0, 0x0, 0x0, 0x6, 0xff, 0xff, 0xff, 0xf7,
    0x0, 0x0, 0x0, 0x0, 0x6, 0xff, 0xff, 0xff,
    0xf7, 0x0, 0x0, 0x0, 0x0, 0x6, 0xff, 0xff,
    0xff, 0xf7, 0x0, 0x0, 0x0, 0x0, 0x6, 0xff,
    0xff, 0xff, 0xf7, 0x0, 0x0, 0x0, 0x0, 0x6,
    0xff, 0xff, 0xff, 0xf7, 0x0, 0x0, 0x0, 0x0,
    0x6, 0xff, 0xff, 0xff, 0xf7, 0x0, 0x0, 0x0,
    0x0, 0x6, 0xff, 0xff, 0xff, 0xf7, 0x0, 0x0,
    0x0, 0x0, 0x6, 0xff, 0xff, 0xff, 0xf7, 0x0,
    0x0, 0x0, 0x0, 0x6, 0xff, 0xff, 0xff, 0xf7,
    0x0, 0x0, 0x0, 0x0, 0x6, 0xff, 0xff, 0xff,
    0xf7, 0x0, 0x0, 0x0, 0x0, 0x6, 0xff, 0xff,
    0xff, 0xf7, 0x0, 0x0, 0x0, 0x0, 0x6, 0xff,
    0xff, 0xff, 0xf7, 0x0, 0x0, 0x0, 0x0, 0x6,
    0xff, 0xff, 0xff, 0xf7, 0x0, 0x0, 0x0, 0x0,
    0x6, 0xff, 0xff, 0xff, 0xf7, 0x0, 0x0, 0x0,
    0x0, 0x6, 0xff, 0xff, 0xff, 0xf7, 0x0, 0x0,
    0x0, 0x0, 0x6, 0xff, 0xff, 0xff, 0xf7, 0x0,
    0x0, 0x0, 0x0, 0x6, 0xff, 0xff, 0xff, 0xf7,
    0x0, 0x0, 0x0, 0x0, 0x6, 0xff, 0xff, 0xff,
    0xf7, 0x0, 0x0, 0x0, 0x0, 0x2d, 0xff, 0xff,
    0xff, 0xf7, 0xff, 0xff, 0xff, 0xff, 0xff, 0xff,
    0xff, 0xff, 0xf6, 0xff, 0xff, 0xff, 0xff, 0xff,
    0xff, 0xff, 0xff, 0xf5, 0xff, 0xff, 0xff, 0xff,
    0xff, 0xff, 0xff, 0xff, 0xf1, 0xff, 0xff, 0xff,
    0xff, 0xff, 0xff, 0xff, 0xff, 0xb0, 0xff, 0xff,
    0xff, 0xff, 0xff, 0xff, 0xff, 0xff, 0x20, 0xff,
    0xff, 0xff, 0xff, 0xff, 0xff, 0xff, 0xe4, 0x0,
    0xff, 0xff, 0xff, 0xff, 0xff, 0xff, 0xd8, 0x10,
    0x0,

    /* U+005E "^" */
    0x0, 0x0, 0x0, 0x0, 0x0, 0x33, 0x33, 0x33,
    0x33, 0x33, 0x32, 0x0, 0x0, 0x0, 0x0, 0x0,
    0x0, 0x0, 0x0, 0x0, 0x8, 0xff, 0xff, 0xff,
    0xff, 0xff, 0xff, 0x30, 0x0, 0x0, 0x0, 0x0,
    0x0, 0x0, 0x0, 0x0, 0x1f, 0xff, 0xff, 0xff,
    0xff, 0xff, 0xff, 0xb0, 0x0, 0x0, 0x0, 0x0,
    0x0, 0x0, 0x0, 0x0, 0x9f, 0xff, 0xff, 0xff,
    0xff, 0xff, 0xff, 0xf4, 0x0, 0x0, 0x0, 0x0,
    0x0, 0x0, 0x0, 0x2, 0xff, 0xff, 0xff, 0xff,
    0xff, 0xff, 0xff, 0xfc, 0x0, 0x0, 0x0, 0x0,
    0x0, 0x0, 0x0, 0xa, 0xff, 0xff, 0xff, 0xff,
    0xff, 0xff, 0xff, 0xff, 0x50, 0x0, 0x0, 0x0,
    0x0, 0x0, 0x0, 0x2f, 0xff, 0xff, 0xff, 0xf1,
    0x5f, 0xff, 0xff, 0xff, 0xd0, 0x0, 0x0, 0x0,
    0x0, 0x0, 0x0, 0xbf, 0xff, 0xff, 0xff, 0x90,
    0xd, 0xff, 0xff, 0xff, 0xf6, 0x0, 0x0, 0x0,
    0x0, 0x0, 0x3, 0xff, 0xff, 0xff, 0xff, 0x10,
    0x6, 0xff, 0xff, 0xff, 0xfe, 0x0, 0x0, 0x0,
    0x0, 0x0, 0xc, 0xff, 0xff, 0xff, 0xfa, 0x0,
    0x0, 0xef, 0xff, 0xff, 0xff, 0x70, 0x0, 0x0,
    0x0, 0x0, 0x4f, 0xff, 0xff, 0xff, 0xf2, 0x0,
    0x0, 0x7f, 0xff, 0xff, 0xff, 0xe0, 0x0, 0x0,
    0x0, 0x0, 0xcf, 0xff, 0xff, 0xff, 0xb0, 0x0,
    0x0, 0x1f, 0xff, 0xff, 0xff, 0xf8, 0x0, 0x0,
    0x0, 0x5, 0xff, 0xff, 0xff, 0xff, 0x30, 0x0,
    0x0, 0x8, 0xff, 0xff, 0xff, 0xff, 0x10, 0x0,
    0x0, 0xd, 0xff, 0xff, 0xff, 0xfc, 0x0, 0x0,
    0x0, 0x1, 0xff, 0xff, 0xff, 0xff, 0x80, 0x0,
    0x0, 0x6f, 0xff, 0xff, 0xff, 0xf4, 0x0, 0x0,
    0x0, 0x0, 0xaf, 0xff, 0xff, 0xff, 0xf1, 0x0,
    0x0, 0xef, 0xff, 0xff, 0xff, 0xd0, 0x0, 0x0,
    0x0, 0x0, 0x2f, 0xff, 0xff, 0xff, 0xf9, 0x0,
    0x7, 0xff, 0xff, 0xff, 0xff, 0x50, 0x0, 0x0,
    0x0, 0x0, 0xb, 0xff, 0xff, 0xff, 0xff, 0x20,
    0xe, 0xff, 0xff, 0xff, 0xfe, 0x0, 0x0, 0x0,
    0x0, 0x0, 0x3, 0xff, 0xff, 0xff, 0xff, 0xa0,
    0x38, 0x88, 0x88, 0x88, 0x84, 0x0, 0x0, 0x0,
    0x0, 0x0, 0x0, 0x78, 0x88, 0x88, 0x88, 0x70,

    /* U+005F "_" */
    0x56, 0x66, 0x66, 0x66, 0x66, 0x66, 0x66, 0x66,
    0x66, 0x66, 0x66, 0x66, 0x66, 0x66, 0x66, 0x63,
    0xdf, 0xff, 0xff, 0xff, 0xff, 0xff, 0xff, 0xff,
    0xff, 0xff, 0xff, 0xff, 0xff, 0xff, 0xff, 0xf8,
    0xdf, 0xff, 0xff, 0xff, 0xff, 0xff, 0xff, 0xff,
    0xff, 0xff, 0xff, 0xff, 0xff, 0xff, 0xff, 0xf8,
    0xdf, 0xff, 0xff, 0xff, 0xff, 0xff, 0xff, 0xff,
    0xff, 0xff, 0xff, 0xff, 0xff, 0xff, 0xff, 0xf8,
    0xdf, 0xff, 0xff, 0xff, 0xff, 0xff, 0xff, 0xff,
    0xff, 0xff, 0xff, 0xff, 0xff, 0xff, 0xff, 0xf8,
    0xdf, 0xff, 0xff, 0xff, 0xff, 0xff, 0xff, 0xff,
    0xff, 0xff, 0xff, 0xff, 0xff, 0xff, 0xff, 0xf8,
    0xdf, 0xff, 0xff, 0xff, 0xff, 0xff, 0xff, 0xff,
    0xff, 0xff, 0xff, 0xff, 0xff, 0xff, 0xff, 0xf8,
    0xdf, 0xff, 0xff, 0xff, 0xff, 0xff, 0xff, 0xff,
    0xff, 0xff, 0xff, 0xff, 0xff, 0xff, 0xff, 0xf8,

    /* U+0060 "`" */
    0x29, 0x99, 0x99, 0x99, 0x97, 0x0, 0x0, 0x0,
    0xaf, 0xff, 0xff, 0xff, 0xf2, 0x0, 0x0, 0x1,
    0xef, 0xff, 0xff, 0xff, 0xa0, 0x0, 0x0, 0x4,
    0xff, 0xff, 0xff, 0xff, 0x20, 0x0, 0x0, 0x8,
    0xff, 0xff, 0xff, 0xfa, 0x0, 0x0, 0x0, 0xd,
    0xff, 0xff, 0xff, 0xf2, 0x0, 0x0, 0x0, 0x2f,
    0xff, 0xff, 0xff, 0xa0, 0x0, 0x0, 0x0, 0x6f,
    0xff, 0xff, 0xff, 0x20, 0x0, 0x0, 0x0, 0xbf,
    0xff, 0xff, 0xfa, 0x0, 0x0, 0x0, 0x1, 0xef,
    0xff, 0xff, 0xf2,

    /* U+0061 "a" */
    0x0, 0x0, 0x0, 0x0, 0x0, 0x59, 0xce, 0xff,
    0xfd, 0xc9, 0x61, 0x0, 0x0, 0x0, 0x0, 0x0,
    0x0, 0x0, 0x0, 0x0, 0x1, 0x9f, 0xff, 0xff,
    0xff, 0xff, 0xff, 0xff, 0xa3, 0x0, 0x0, 0x0,
    0x0, 0x0, 0x0, 0x0, 0x0, 0x7f, 0xff, 0xff,
    0xff, 0xff, 0xff, 0xff, 0xff, 0xff, 0x90, 0x0,
    0x0, 0x0, 0x0, 0x0, 0x0, 0xa, 0xff, 0xff,
    0xff, 0xff, 0xff, 0xff, 0xff, 0xff, 0xff, 0xfc,
    0x0, 0x0, 0x0, 0x0, 0x0, 0x0, 0xaf, 0xff,
    0xff, 0xff, 0xff, 0xff, 0xff, 0xff, 0xff, 0xff,
    0xff, 0xb0, 0x0, 0x0, 0x0, 0x0, 0x6, 0xff,
    0xff, 0xff, 0xff, 0xff, 0xff, 0xff, 0xff, 0xff,
    0xff, 0xff, 0xf7, 0x0, 0x0, 0x0, 0x0, 0x2f,
    0xff, 0xff, 0xff, 0xff, 0xfd, 0xa9, 0xad, 0xff,
    0xff, 0xff, 0xff, 0xff, 0x10, 0x0, 0x0, 0x0,
    0x9f, 0xff, 0xff, 0xff, 0xfb, 0x20, 0x0, 0x0,
    0x2b, 0xff, 0xff, 0xff, 0xff, 0x70, 0x0, 0x0,
    0x0, 0xff, 0xff, 0xff, 0xff, 0xa0, 0x0, 0x0,
    0x0, 0x0, 0xbf, 0xff, 0xff, 0xff, 0xb0, 0x0,
    0x0, 0x0, 0x7c, 0xff, 0xff, 0xfe, 0x10, 0x0,
    0x0, 0x0, 0x0, 0x2f, 0xff, 0xff, 0xff, 0xf0,
    0x0, 0x0, 0x0, 0x0, 0x28, 0xdf, 0xf8, 0x0,
    0x0, 0x0, 0x0, 0x0, 0xc, 0xff, 0xff, 0xff,
    0xf1, 0x0, 0x0, 0x0, 0x0, 0x0, 0x3, 0x93,
    0x0, 0x0, 0x0, 0x0, 0x0, 0x9, 0xff, 0xff,
    0xff, 0xf2, 0x0, 0x0, 0x0, 0x0, 0x0, 0x0,
    0x0, 0x0, 0x0, 0x0, 0x0, 0x0, 0x9, 0xff,
    0xff, 0xff, 0xf3, 0x0, 0x0, 0x0, 0x0, 0x0,
    0x0, 0x0, 0x0, 0x11, 0x11, 0x11, 0x11, 0x19,
    0xff, 0xff, 0xff, 0xf3, 0x0, 0x0, 0x0, 0x0,
    0x0, 0x5, 0x9c, 0xff, 0xff, 0xff, 0xff, 0xff,
    0xff, 0xff, 0xff, 0xff, 0xf3, 0x0, 0x0, 0x0,
    0x0, 0x18, 0xff, 0xff, 0xff, 0xff, 0xff, 0xff,
    0xff, 0xff, 0xff, 0xff, 0xff, 0xf3, 0x0, 0x0,
    0x0, 0x4, 0xef, 0xff, 0xff, 0xff, 0xff, 0xff,
    0xff, 0xff, 0xff, 0xff, 0xff, 0xff, 0xf3, 0x0,
    0x0, 0x0, 0x4f, 0xff, 0xff, 0xff, 0xff, 0xff,
    0xff, 0xff, 0xff, 0xff, 0xff, 0xff, 0xff, 0xf3,
    0x0, 0x0, 0x1, 0xff, 0xff, 0xff, 0xff, 0xff,
    0xff, 0xff, 0xff, 0xff, 0xff, 0xff, 0xff, 0xff,
    0xf3, 0x0, 0x0, 0xa, 0xff, 0xff, 0xff, 0xff,
    0xff, 0xff, 0xff, 0xff, 0xff, 0xff, 0xff, 0xff,
    0xff, 0xf3, 0x0, 0x0, 0x1f, 0xff, 0xff, 0xff,
    0xff, 0x93, 0x10, 0x0, 0x0, 0x0, 0x9, 0xff,
    0xff, 0xff, 0xf3, 0x0, 0x0, 0x4f, 0xff, 0xff,
    0xff, 0xf3, 0x0, 0x0, 0x0, 0x0, 0x0, 0xa,
    0xff, 0xff, 0xff, 0xf3, 0x0, 0x0, 0x7f, 0xff,
    0xff, 0xff, 0xa0, 0x0, 0x0, 0x0, 0x0, 0x0,
    0xd, 0xff, 0xff, 0xff, 0xf3, 0x0, 0x0, 0x8f,
    0xff, 0xff, 0xff, 0x80, 0x0, 0x0, 0x0, 0x0,
    0x0, 0x3f, 0xff, 0xff, 0xff, 0xf3, 0x0, 0x0,
    0x8f, 0xff, 0xff, 0xff, 0xa0, 0x0, 0x0, 0x0,
    0x0, 0x0, 0xcf, 0xff, 0xff, 0xff, 0xf4, 0x0,
    0x0, 0x6f, 0xff, 0xff, 0xff, 0xf2, 0x0, 0x0,
    0x0, 0x0, 0xa, 0xff, 0xff, 0xff, 0xff, 0xf8,
    0x0, 0x0, 0x3f, 0xff, 0xff, 0xff, 0xfe, 0x40,
    0x0, 0x0, 0x5, 0xdf, 0xff, 0xff, 0xff, 0xff,
    0xff, 0xdb, 0xb6, 0xe, 0xff, 0xff, 0xff, 0xff,
    0xfe, 0xa9, 0xab, 0xff, 0xff, 0xff, 0xff, 0xff,
    0xff, 0xff, 0xff, 0xf9, 0x7, 0xff, 0xff, 0xff,
    0xff, 0xff, 0xff, 0xff, 0xff, 0xff, 0xfe, 0xdf,
    0xff, 0xff, 0xff, 0xff, 0xf9, 0x0, 0xdf, 0xff,
    0xff, 0xff, 0xff, 0xff, 0xff, 0xff, 0xff, 0xf3,
    0x2f, 0xff, 0xff, 0xff, 0xff, 0xf9, 0x0, 0x2e,
    0xff, 0xff, 0xff, 0xff, 0xff, 0xff, 0xff, 0xff,
    0x90, 0xd, 0xff, 0xff, 0xff, 0xff, 0xf9, 0x0,
    0x2, 0xcf, 0xff, 0xff, 0xff, 0xff, 0xff, 0xff,
    0xfb, 0x0, 0x2, 0xef, 0xff, 0xff, 0xff, 0xf9,
    0x0, 0x0, 0x7, 0xef, 0xff, 0xff, 0xff, 0xff,
    0xff, 0x80, 0x0, 0x0, 0x18, 0xcf, 0xff, 0xff,
    0xf9, 0x0, 0x0, 0x0, 0x4, 0x8c, 0xef, 0xff,
    0xdb, 0x71, 0x0, 0x0, 0x0, 0x0, 0x0, 0x0,
    0x0, 0x0,

    /* U+0062 "b" */
    0x24, 0x44, 0x44, 0x44, 0x20, 0x0, 0x0, 0x0,
    0x0, 0x0, 0x0, 0x0, 0x0, 0x0, 0x0, 0x0,
    0x0, 0x8f, 0xff, 0xff, 0xff, 0x80, 0x0, 0x0,
    0x0, 0x0, 0x0, 0x0, 0x0, 0x0, 0x0, 0x0,
    0x0, 0x0, 0x8f, 0xff, 0xff, 0xff, 0x80, 0x0,
    0x0, 0x0, 0x0, 0x0, 0x0, 0x0, 0x0, 0x0,
    0x0, 0x0, 0x0, 0x8f, 0xff, 0xff, 0xff, 0x80,
    0x0, 0x0, 0x0, 0x0, 0x0, 0x0, 0x0, 0x0,
    0x0, 0x0, 0x0, 0x0, 0x8f, 0xff, 0xff, 0xff,
    0x80, 0x0, 0x0, 0x0, 0x0, 0x0, 0x0, 0x0,
    0x0, 0x0, 0x0, 0x0, 0x0, 0x8f, 0xff, 0xff,
    0xff, 0x80, 0x0, 0x0, 0x0, 0x0, 0x0, 0x0,
    0x0, 0x0, 0x0, 0x0, 0x0, 0x0, 0x8f, 0xff,
    0xff, 0xff, 0x80, 0x0, 0x0, 0x0, 0x0, 0x0,
    0x0, 0x0, 0x0, 0x0, 0x0, 0x0, 0x0, 0x8f,
    0xff, 0xff, 0xff, 0x80, 0x0, 0x0, 0x0, 0x0,
    0x0, 0x0, 0x0, 0x0, 0x0, 0x0, 0x0, 0x0,
    0x8f, 0xff, 0xff, 0xff, 0x80, 0x0, 0x0, 0x0,
    0x0, 0x0, 0x0, 0x0, 0x0, 0x0, 0x0, 0x0,
    0x0, 0x8f, 0xff, 0xff, 0xff, 0x80, 0x0, 0x0,
    0x0, 0x0, 0x0, 0x0, 0x0, 0x0, 0x0, 0x0,
    0x0, 0x0, 0x8f, 0xff, 0xff, 0xff, 0x80, 0x0,
    0x0, 0x0, 0x0, 0x0, 0x0, 0x0, 0x0, 0x0,
    0x0, 0x0, 0x0, 0x8f, 0xff, 0xff, 0xff, 0x80,
    0x0, 0x0, 0x0, 0x0, 0x0, 0x0, 0x0, 0x0,
    0x0, 0x0, 0x0, 0x0, 0x8f, 0xff, 0xff, 0xff,
    0x80, 0x0, 0x0, 0x0, 0x0, 0x0, 0x0, 0x0,
    0x0, 0x0, 0x0, 0x0, 0x0, 0x8f, 0xff, 0xff,
    0xff, 0x80, 0x0, 0x0, 0x38, 0xbd, 0xef, 0xfd,
    0xa6, 0x10, 0x0, 0x0, 0x0, 0x0, 0x8f, 0xff,
    0xff, 0xff, 0x80, 0x0, 0x4c, 0xff, 0xff, 0xff,
    0xff, 0xff, 0xfa, 0x20, 0x0, 0x0, 0x0, 0x8f,
    0xff, 0xff, 0xff, 0x80, 0x8, 0xff, 0xff, 0xff,
    0xff, 0xff, 0xff, 0xff, 0xf7, 0x0, 0x0, 0x0,
    0x8f, 0xff, 0xff, 0xff, 0x80, 0x8f, 0xff, 0xff,
    0xff, 0xff, 0xff, 0xff, 0xff, 0xff, 0xb0, 0x0,
    0x0, 0x8f, 0xff, 0xff, 0xff, 0xc9, 0xff, 0xff,
    0xff, 0xff, 0xff, 0xff, 0xff, 0xff, 0xff, 0xfb,
    0x0, 0x0, 0x8f, 0xff, 0xff, 0xff, 0xff, 0xff,
    0xff, 0xff, 0xff, 0xff, 0xff, 0xff, 0xff, 0xff,
    0xff, 0x90, 0x0, 0x8f, 0xff, 0xff, 0xff, 0xff,
    0xff, 0xff, 0xff, 0xff, 0xff, 0xff, 0xff, 0xff,
    0xff, 0xff, 0xf4, 0x0, 0x8f, 0xff, 0xff, 0xff,
    0xff, 0xff, 0xfd, 0x84, 0x22, 0x37, 0xbf, 0xff,
    0xff, 0xff, 0xff, 0xfd, 0x0, 0x8f, 0xff, 0xff,
    0xff, 0xff, 0xfe, 0x50, 0x0, 0x0, 0x0, 0x3,
    0xdf, 0xff, 0xff, 0xff, 0xff, 0x50, 0x8f, 0xff,
    0xff, 0xff, 0xff, 0xe2, 0x0, 0x0, 0x0, 0x0,
    0x0, 0xb, 0xff, 0xff, 0xff, 0xff, 0xc0, 0x8f,
    0xff, 0xff, 0xff, 0xff, 0x30, 0x0, 0x0, 0x0,
    0x0, 0x0, 0x0, 0xdf, 0xff, 0xff, 0xff, 0xf1,
    0x8f, 0xff, 0xff, 0xff, 0xf8, 0x0, 0x0, 0x0,
    0x0, 0x0, 0x0, 0x0, 0x4f, 0xff, 0xff, 0xff,
    0xf5, 0x8f, 0xff, 0xff, 0xff, 0xf1, 0x0, 0x0,
    0x0, 0x0, 0x0, 0x0, 0x0, 0xd, 0xff, 0xff,
    0xff, 0xf8, 0x8f, 0xff, 0xff, 0xff, 0xc0, 0x0,
    0x0, 0x0, 0x0, 0x0, 0x0, 0x0, 0x9, 0xff,
    0xff, 0xff, 0xfb, 0x8f, 0xff, 0xff, 0xff, 0x90,
    0x0, 0x0, 0x0, 0x0, 0x0, 0x0, 0x0, 0x5,
    0xff, 0xff, 0xff, 0xfc, 0x8f, 0xff, 0xff, 0xff,
    0x80, 0x0, 0x0, 0x0, 0x0, 0x0, 0x0, 0x0,
    0x4, 0xff, 0xff, 0xff, 0xfd, 0x8f, 0xff, 0xff,
    0xff, 0x60, 0x0, 0x0, 0x0, 0x0, 0x0, 0x0,
    0x0, 0x3, 0xff, 0xff, 0xff, 0xfe, 0x8f, 0xff,
    0xff, 0xff, 0x60, 0x0, 0x0, 0x0, 0x0, 0x0,
    0x0, 0x0, 0x3, 0xff, 0xff, 0xff, 0xfe, 0x8f,
    0xff, 0xff, 0xff, 0x80, 0x0, 0x0, 0x0, 0x0,
    0x0, 0x0, 0x0, 0x4, 0xff, 0xff, 0xff, 0xfd,
    0x8f, 0xff, 0xff, 0xff, 0x90, 0x0, 0x0, 0x0,
    0x0, 0x0, 0x0, 0x0, 0x5, 0xff, 0xff, 0xff,
    0xfc, 0x8f, 0xff, 0xff, 0xff, 0xc0, 0x0, 0x0,
    0x0, 0x0, 0x0, 0x0, 0x0, 0x9, 0xff, 0xff,
    0xff, 0xfb, 0x8f, 0xff, 0xff, 0xff, 0xf1, 0x0,
    0x0, 0x0, 0x0, 0x0, 0x0, 0x0, 0xd, 0xff,
    0xff, 0xff, 0xf8, 0x8f, 0xff, 0xff, 0xff, 0xf8,
    0x0, 0x0, 0x0, 0x0, 0x0, 0x0, 0x0, 0x4f,
    0xff, 0xff, 0xff, 0xf5, 0x8f, 0xff, 0xff, 0xff,
    0xff, 0x20, 0x0, 0x0, 0x0, 0x0, 0x0, 0x0,
    0xdf, 0xff, 0xff, 0xff, 0xf1, 0x8f, 0xff, 0xff,
    0xff, 0xff, 0xd2, 0x0, 0x0, 0x0, 0x0, 0x0,
    0xb, 0xff, 0xff, 0xff, 0xff, 0xc0, 0x8f, 0xff,
    0xff, 0xff, 0xff, 0xfe, 0x50, 0x0, 0x0, 0x0,
    0x3, 0xdf, 0xff, 0xff, 0xff, 0xff, 0x50, 0x8f,
    0xff, 0xff, 0xff, 0xff, 0xff, 0xfd, 0x84, 0x22,
    0x37, 0xbf, 0xff, 0xff, 0xff, 0xff, 0xfd, 0x0,
    0x8f, 0xff, 0xff, 0xff, 0xff, 0xff, 0xff, 0xff,
    0xff, 0xff, 0xff, 0xff, 0xff, 0xff, 0xff, 0xf4,
    0x0, 0x8f, 0xff, 0xff, 0xff, 0xff, 0xff, 0xff,
    0xff, 0xff, 0xff, 0xff, 0xff, 0xff, 0xff, 0xff,
    0x90, 0x0, 0x8f, 0xff, 0xff, 0xff, 0x62, 0xff,
    0xff, 0xff, 0xff, 0xff, 0xff, 0xff, 0xff, 0xff,
    0xfc, 0x0, 0x0, 0x8f, 0xff, 0xff, 0xff, 0x60,
    0x5f, 0xff, 0xff, 0xff, 0xff, 0xff, 0xff, 0xff,
    0xff, 0xb0, 0x0, 0x0, 0x8f, 0xff, 0xff, 0xff,
    0x60, 0x4, 0xff, 0xff, 0xff, 0xff, 0xff, 0xff,
    0xff, 0xf8, 0x0, 0x0, 0x0, 0x8f, 0xff, 0xff,
    0xff, 0x60, 0x0, 0x2b, 0xff, 0xff, 0xff, 0xff,
    0xff, 0xfa, 0x20, 0x0, 0x0, 0x0, 0x0, 0x0,
    0x0, 0x0, 0x0, 0x0, 0x0, 0x38, 0xbe, 0xff,
    0xfd, 0xa6, 0x10, 0x0, 0x0, 0x0, 0x0,

    /* U+0063 "c" */
    0x0, 0x0, 0x0, 0x0, 0x0, 0x1, 0x59, 0xce,
    0xff, 0xfe, 0xc9, 0x51, 0x0, 0x0, 0x0, 0x0,
    0x0, 0x0, 0x0, 0x0, 0x0, 0x4, 0xbf, 0xff,
    0xff, 0xff, 0xff, 0xff, 0xff, 0xa3, 0x0, 0x0,
    0x0, 0x0, 0x0, 0x0, 0x0, 0x2, 0xbf, 0xff,
    0xff, 0xff, 0xff, 0xff, 0xff, 0xff, 0xff, 0xa1,
    0x0, 0x0, 0x0, 0x0, 0x0, 0x0, 0x5f, 0xff,
    0xff, 0xff, 0xff, 0xff, 0xff, 0xff, 0xff, 0xff,
    0xfd, 0x20, 0x0, 0x0, 0x0, 0x0, 0x7, 0xff,
    0xff, 0xff, 0xff, 0xff, 0xff, 0xff, 0xff, 0xff,
    0xff, 0xff, 0xe3, 0x0, 0x0, 0x0, 0x0, 0x5f,
    0xff, 0xff, 0xff, 0xff, 0xff, 0xff, 0xff, 0xff,
    0xff, 0xff, 0xff, 0xfe, 0x10, 0x0, 0x0, 0x2,
    0xff, 0xff, 0xff, 0xff, 0xff, 0xff, 0xff, 0xff,
    0xff, 0xff, 0xff, 0xff, 0xff, 0xc0, 0x0, 0x0,
    0xc, 0xff, 0xff, 0xff, 0xff, 0xff, 0xc7, 0x54,
    0x57, 0xbf, 0xff, 0xff, 0xff, 0xff, 0xf6, 0x0,
    0x0, 0x5f, 0xff, 0xff, 0xff, 0xff, 0xc3, 0x0,
    0x0, 0x0, 0x2, 0xcf, 0xff, 0xff, 0xff, 0xfd,
    0x0, 0x0, 0xcf, 0xff, 0xff, 0xff, 0xfa, 0x0,
    0x0, 0x0, 0x0, 0x0, 0xb, 0xff, 0xff, 0xff,
    0xff, 0x40, 0x2, 0xff, 0xff, 0xff, 0xff, 0xc0,
    0x0, 0x0, 0x0, 0x0, 0x0, 0x1, 0xef, 0xff,
    0xff, 0xff, 0xa0, 0x7, 0xff, 0xff, 0xff, 0xff,
    0x20, 0x0, 0x0, 0x0, 0x0, 0x0, 0x0, 0x7f,
    0xff, 0xff, 0xff, 0xe0, 0xa, 0xff, 0xff, 0xff,
    0xfb, 0x0, 0x0, 0x0, 0x0, 0x0, 0x0, 0x0,
    0xf, 0xff, 0xff, 0xfc, 0x90, 0xd, 0xff, 0xff,
    0xff, 0xf6, 0x0, 0x0, 0x0, 0x0, 0x0, 0x0,
    0x0, 0xd, 0xea, 0x73, 0x0, 0x0, 0xf, 0xff,
    0xff, 0xff, 0xf3, 0x0, 0x0, 0x0, 0x0, 0x0,
    0x0, 0x0, 0x0, 0x0, 0x0, 0x0, 0x0, 0xf,
    0xff, 0xff, 0xff, 0xf1, 0x0, 0x0, 0x0, 0x0,
    0x0, 0x0, 0x0, 0x0, 0x0, 0x0, 0x0, 0x0,
    0xf, 0xff, 0xff, 0xff, 0xf0, 0x0, 0x0, 0x0,
    0x0, 0x0, 0x0, 0x0, 0x0, 0x0, 0x0, 0x0,
    0x0, 0xf, 0xff, 0xff, 0xff, 0xf0, 0x0, 0x0,
    0x0, 0x0, 0x0, 0x0, 0x0, 0x0, 0x0, 0x0,
    0x0, 0x0, 0xf, 0xff, 0xff, 0xff, 0xf1, 0x0,
    0x0, 0x0, 0x0, 0x0, 0x0, 0x0, 0x0, 0x0,
    0x0, 0x0, 0x0, 0xf, 0xff, 0xff, 0xff, 0xf3,
    0x0, 0x0, 0x0, 0x0, 0x0, 0x0, 0x0, 0x1,
    0x0, 0x0, 0x0, 0x0, 0xd, 0xff, 0xff, 0xff,
    0xf6, 0x0, 0x0, 0x0, 0x0, 0x0, 0x0, 0x0,
    0xa, 0xfb, 0x73, 0x0, 0x0, 0xa, 0xff, 0xff,
    0xff, 0xfb, 0x0, 0x0, 0x0, 0x0, 0x0, 0x0,
    0x0, 0xe, 0xff, 0xff, 0xfc, 0x81, 0x7, 0xff,
    0xff, 0xff, 0xff, 0x20, 0x0, 0x0, 0x0, 0x0,
    0x0, 0x0, 0x4f, 0xff, 0xff, 0xff, 0xf1, 0x2,
    0xff, 0xff, 0xff, 0xff, 0xc0, 0x0, 0x0, 0x0,
    0x0, 0x0, 0x0, 0xdf, 0xff, 0xff, 0xff, 0xc0,
    0x0, 0xcf, 0xff, 0xff, 0xff, 0xf9, 0x0, 0x0,
    0x0, 0x0, 0x0, 0x9, 0xff, 0xff, 0xff, 0xff,
    0x60, 0x0, 0x5f, 0xff, 0xff, 0xff, 0xff, 0xc2,
    0x0, 0x0, 0x0, 0x1, 0xaf, 0xff, 0xff, 0xff,
    0xfe, 0x0, 0x0, 0xc, 0xff, 0xff, 0xff, 0xff,
    0xff, 0xc7, 0x54, 0x46, 0xaf, 0xff, 0xff, 0xff,
    0xff, 0xf6, 0x0, 0x0, 0x2, 0xff, 0xff, 0xff,
    0xff, 0xff, 0xff, 0xff, 0xff, 0xff, 0xff, 0xff,
    0xff, 0xff, 0xc0, 0x0, 0x0, 0x0, 0x6f, 0xff,
    0xff, 0xff, 0xff, 0xff, 0xff, 0xff, 0xff, 0xff,
    0xff, 0xff, 0xfe, 0x10, 0x0, 0x0, 0x0, 0x7,
    0xff, 0xff, 0xff, 0xff, 0xff, 0xff, 0xff, 0xff,
    0xff, 0xff, 0xff, 0xf3, 0x0, 0x0, 0x0, 0x0,
    0x0, 0x5f, 0xff, 0xff, 0xff, 0xff, 0xff, 0xff,
    0xff, 0xff, 0xff, 0xfe, 0x30, 0x0, 0x0, 0x0,
    0x0, 0x0, 0x2, 0xbf, 0xff, 0xff, 0xff, 0xff,
    0xff, 0xff, 0xff, 0xff, 0xa1, 0x0, 0x0, 0x0,
    0x0, 0x0, 0x0, 0x0, 0x4, 0xbf, 0xff, 0xff,
    0xff, 0xff, 0xff, 0xff, 0xa3, 0x0, 0x0, 0x0,
    0x0, 0x0, 0x0, 0x0, 0x0, 0x0, 0x1, 0x59,
    0xce, 0xff, 0xfe, 0xc9, 0x51, 0x0, 0x0, 0x0,
    0x0, 0x0,

    /* U+0064 "d" */
    0x0, 0x0, 0x0, 0x0, 0x0, 0x0, 0x0, 0x0,
    0x0, 0x0, 0x0, 0x0, 0x0, 0x34, 0x44, 0x44,
    0x44, 0x10, 0x0, 0x0, 0x0, 0x0, 0x0, 0x0,
    0x0, 0x0, 0x0, 0x0, 0x0, 0x0, 0xb, 0xff,
    0xff, 0xff, 0xf5, 0x0, 0x0, 0x0, 0x0, 0x0,
    0x0, 0x0, 0x0, 0x0, 0x0, 0x0, 0x0, 0x0,
    0xbf, 0xff, 0xff, 0xff, 0x50, 0x0, 0x0, 0x0,
    0x0, 0x0, 0x0, 0x0, 0x0, 0x0, 0x0, 0x0,
    0x0, 0xb, 0xff, 0xff, 0xff, 0xf5, 0x0, 0x0,
    0x0, 0x0, 0x0, 0x0, 0x0, 0x0, 0x0, 0x0,
    0x0, 0x0, 0x0, 0xbf, 0xff, 0xff, 0xff, 0x50,
    0x0, 0x0, 0x0, 0x0, 0x0, 0x0, 0x0, 0x0,
    0x0, 0x0, 0x0, 0x0, 0xb, 0xff, 0xff, 0xff,
    0xf5, 0x0, 0x0, 0x0, 0x0, 0x0, 0x0, 0x0,
    0x0, 0x0, 0x0, 0x0, 0x0, 0x0, 0xbf, 0xff,
    0xff, 0xff, 0x50, 0x0, 0x0, 0x0, 0x0, 0x0,
    0x0, 0x0, 0x0, 0x0, 0x0, 0x0, 0x0, 0xb,
    0xff, 0xff, 0xff, 0xf5, 0x0, 0x0, 0x0, 0x0,
    0x0, 0x0, 0x0, 0x0, 0x0, 0x0, 0x0, 0x0,
    0x0, 0xbf, 0xff, 0xff, 0xff, 0x50, 0x0, 0x0,
    0x0, 0x0, 0x0, 0x0, 0x0, 0x0, 0x0, 0x0,
    0x0, 0x0, 0xb, 0xff, 0xff, 0xff, 0xf5, 0x0,
    0x0, 0x0, 0x0, 0x0, 0x0, 0x0, 0x0, 0x0,
    0x0, 0x0, 0x0, 0x0, 0xbf, 0xff, 0xff, 0xff,
    0x50, 0x0, 0x0, 0x0, 0x0, 0x0, 0x0, 0x0,
    0x0, 0x0, 0x0, 0x0, 0x0, 0xb, 0xff, 0xff,
    0xff, 0xf5, 0x0, 0x0, 0x0, 0x0, 0x0, 0x0,
    0x0, 0x0, 0x0, 0x0, 0x0, 0x0, 0x0, 0xbf,
    0xff, 0xff, 0xff, 0x50, 0x0, 0x0, 0x0, 0x0,
    0x2, 0x7b, 0xdf, 0xfe, 0xdb, 0x72, 0x0, 0x0,
    0xb, 0xff, 0xff, 0xff, 0xf5, 0x0, 0x0, 0x0,
    0x0, 0x3b, 0xff, 0xff, 0xff, 0xff, 0xff, 0xfb,
    0x30, 0x0, 0xbf, 0xff, 0xff, 0xff, 0x50, 0x0,
    0x0, 0x0, 0x9f, 0xff, 0xff, 0xff, 0xff, 0xff,
    0xff, 0xff, 0x60, 0xb, 0xff, 0xff, 0xff, 0xf5,
    0x0, 0x0, 0x1, 0xdf, 0xff, 0xff, 0xff, 0xff,
    0xff, 0xff, 0xff, 0xff, 0x60, 0xbf, 0xff, 0xff,
    0xff, 0x50, 0x0, 0x1, 0xdf, 0xff, 0xff, 0xff,
    0xff, 0xff, 0xff, 0xff, 0xff, 0xff, 0x8d, 0xff,
    0xff, 0xff, 0xf5, 0x0, 0x0, 0xcf, 0xff, 0xff,
    0xff, 0xff, 0xff, 0xff, 0xff, 0xff, 0xff, 0xff,
    0xff, 0xff, 0xff, 0xff, 0x50, 0x0, 0x7f, 0xff,
    0xff, 0xff, 0xff, 0xff, 0xff, 0xff, 0xff, 0xff,
    0xff, 0xff, 0xff, 0xff, 0xff, 0xf5, 0x0, 0x1f,
    0xff, 0xff, 0xff, 0xff, 0xff, 0xb6, 0x32, 0x34,
    0x8e, 0xff, 0xff, 0xff, 0xff, 0xff, 0xff, 0x50,
    0x8, 0xff, 0xff, 0xff, 0xff, 0xfb, 0x20, 0x0,
    0x0, 0x0, 0x7, 0xff, 0xff, 0xff, 0xff, 0xff,
    0xf5, 0x0, 0xef, 0xff, 0xff, 0xff, 0xf9, 0x0,
    0x0, 0x0, 0x0, 0x0, 0x3, 0xff, 0xff, 0xff,
    0xff, 0xff, 0x50, 0x3f, 0xff, 0xff, 0xff, 0xfb,
    0x0, 0x0, 0x0, 0x0, 0x0, 0x0, 0x4, 0xff,
    0xff, 0xff, 0xff, 0xf5, 0x8, 0xff, 0xff, 0xff,
    0xff, 0x20, 0x0, 0x0, 0x0, 0x0, 0x0, 0x0,
    0xb, 0xff, 0xff, 0xff, 0xff, 0x50, 0xbf, 0xff,
    0xff, 0xff, 0xa0, 0x0, 0x0, 0x0, 0x0, 0x0,
    0x0, 0x0, 0x3f, 0xff, 0xff, 0xff, 0xf5, 0xd,
    0xff, 0xff, 0xff, 0xf6, 0x0, 0x0, 0x0, 0x0,
    0x0, 0x0, 0x0, 0x0, 0xff, 0xff, 0xff, 0xff,
    0x50, 0xff, 0xff, 0xff, 0xff, 0x20, 0x0, 0x0,
    0x0, 0x0, 0x0, 0x0, 0x0, 0xc, 0xff, 0xff,
    0xff, 0xf5, 0xf, 0xff, 0xff, 0xff, 0xf1, 0x0,
    0x0, 0x0, 0x0, 0x0, 0x0, 0x0, 0x0, 0xaf,
    0xff, 0xff, 0xff, 0x50, 0xff, 0xff, 0xff, 0xff,
    0x0, 0x0, 0x0, 0x0, 0x0, 0x0, 0x0, 0x0,
    0x9, 0xff, 0xff, 0xff, 0xf5, 0xf, 0xff, 0xff,
    0xff, 0xf0, 0x0, 0x0, 0x0, 0x0, 0x0, 0x0,
    0x0, 0x0, 0x9f, 0xff, 0xff, 0xff, 0x50, 0xff,
    0xff, 0xff, 0xff, 0x10, 0x0, 0x0, 0x0, 0x0,
    0x0, 0x0, 0x0, 0xa, 0xff, 0xff, 0xff, 0xf5,
    0xf, 0xff, 0xff, 0xff, 0xf2, 0x0, 0x0, 0x0,
    0x0, 0x0, 0x0, 0x0, 0x0, 0xcf, 0xff, 0xff,
    0xff, 0x50, 0xdf, 0xff, 0xff, 0xff, 0x60, 0x0,
    0x0, 0x0, 0x0, 0x0, 0x0, 0x0, 0xf, 0xff,
    0xff, 0xff, 0xf5, 0xb, 0xff, 0xff, 0xff, 0xfa,
    0x0, 0x0, 0x0, 0x0, 0x0, 0x0, 0x0, 0x3,
    0xff, 0xff, 0xff, 0xff, 0x50, 0x8f, 0xff, 0xff,
    0xff, 0xf2, 0x0, 0x0, 0x0, 0x0, 0x0, 0x0,
    0x0, 0xbf, 0xff, 0xff, 0xff, 0xf5, 0x4, 0xff,
    0xff, 0xff, 0xff, 0xb0, 0x0, 0x0, 0x0, 0x0,
    0x0, 0x0, 0x5f, 0xff, 0xff, 0xff, 0xff, 0x50,
    0xe, 0xff, 0xff, 0xff, 0xff, 0x90, 0x0, 0x0,
    0x0, 0x0, 0x0, 0x3f, 0xff, 0xff, 0xff, 0xff,
    0xf5, 0x0, 0x8f, 0xff, 0xff, 0xff, 0xff, 0xb2,
    0x0, 0x0, 0x0, 0x0, 0x7f, 0xff, 0xff, 0xff,
    0xff, 0xff, 0x50, 0x1, 0xff, 0xff, 0xff, 0xff,
    0xff, 0xfa, 0x63, 0x23, 0x48, 0xef, 0xff, 0xff,
    0xff, 0xff, 0xff, 0xf5, 0x0, 0x7, 0xff, 0xff,
    0xff, 0xff, 0xff, 0xff, 0xff, 0xff, 0xff, 0xff,
    0xff, 0xff, 0xff, 0xff, 0xff, 0x50, 0x0, 0xc,
    0xff, 0xff, 0xff, 0xff, 0xff, 0xff, 0xff, 0xff,
    0xff, 0xff, 0xff, 0xff, 0xff, 0xff, 0xf5, 0x0,
    0x0, 0x1d, 0xff, 0xff, 0xff, 0xff, 0xff, 0xff,
    0xff, 0xff, 0xff, 0xd0, 0x9f, 0xff, 0xff, 0xff,
    0x50, 0x0, 0x0, 0x1d, 0xff, 0xff, 0xff, 0xff,
    0xff, 0xff, 0xff, 0xff, 0xf2, 0x9, 0xff, 0xff,
    0xff, 0xf5, 0x0, 0x0, 0x0, 0x9, 0xff, 0xff,
    0xff, 0xff, 0xff, 0xff, 0xff, 0xe3, 0x0, 0x9f,
    0xff, 0xff, 0xff, 0x50, 0x0, 0x0, 0x0, 0x3,
    0xbf, 0xff, 0xff, 0xff, 0xff, 0xff, 0xa1, 0x0,
    0x9, 0xff, 0xff, 0xff, 0xf5, 0x0, 0x0, 0x0,
    0x0, 0x0, 0x27, 0xbe, 0xff, 0xfd, 0xb7, 0x20,
    0x0, 0x0, 0x0, 0x0, 0x0, 0x0, 0x0,

    /* U+0065 "e" */
    0x0, 0x0, 0x0, 0x0, 0x0, 0x3, 0x8b, 0xde,
    0xff, 0xec, 0x95, 0x10, 0x0, 0x0, 0x0, 0x0,
    0x0, 0x0, 0x0, 0x0, 0x0, 0x7e, 0xff, 0xff,
    0xff, 0xff, 0xff, 0xff, 0xa2, 0x0, 0x0, 0x0,
    0x0, 0x0, 0x0, 0x0, 0x4, 0xef, 0xff, 0xff,
    0xff, 0xff, 0xff, 0xff, 0xff, 0xf8, 0x0, 0x0,
    0x0, 0x0, 0x0, 0x0, 0x8, 0xff, 0xff, 0xff,
    0xff, 0xff, 0xff, 0xff, 0xff, 0xff, 0xfc, 0x10,
    0x0, 0x0, 0x0, 0x0, 0xa, 0xff, 0xff, 0xff,
    0xff, 0xff, 0xff, 0xff, 0xff, 0xff, 0xff, 0xfd,
    0x10, 0x0, 0x0, 0x0, 0x8, 0xff, 0xff, 0xff,
    0xff, 0xff, 0xff, 0xff, 0xff, 0xff, 0xff, 0xff,
    0xfc, 0x0, 0x0, 0x0, 0x4, 0xff, 0xff, 0xff,
    0xff, 0xff, 0xff, 0xff, 0xff, 0xff, 0xff, 0xff,
    0xff, 0xf8, 0x0, 0x0, 0x0, 0xdf, 0xff, 0xff,
    0xff, 0xff, 0xa6, 0x32, 0x24, 0x8e, 0xff, 0xff,
    0xff, 0xff, 0xf2, 0x0, 0x0, 0x6f, 0xff, 0xff,
    0xff, 0xfc, 0x20, 0x0, 0x0, 0x0, 0x8, 0xff,
    0xff, 0xff, 0xff, 0x90, 0x0, 0xd, 0xff, 0xff,
    0xff, 0xfc, 0x0, 0x0, 0x0, 0x0, 0x0, 0x6,
    0xff, 0xff, 0xff, 0xff, 0x10, 0x2, 0xff, 0xff,
    0xff, 0xff, 0x20, 0x0, 0x0, 0x0, 0x0, 0x0,
    0xb, 0xff, 0xff, 0xff, 0xf6, 0x0, 0x7f, 0xff,
    0xff, 0xff, 0x90, 0x0, 0x0, 0x0, 0x0, 0x0,
    0x0, 0x4f, 0xff, 0xff, 0xff, 0xa0, 0xa, 0xff,
    0xff, 0xff, 0xf5, 0x0, 0x0, 0x0, 0x0, 0x0,
    0x0, 0x0, 0xff, 0xff, 0xff, 0xfd, 0x0, 0xdf,
    0xff, 0xff, 0xff, 0xff, 0xff, 0xff, 0xff, 0xff,
    0xff, 0xff, 0xff, 0xff, 0xff, 0xff, 0xf0, 0xf,
    0xff, 0xff, 0xff, 0xff, 0xff, 0xff, 0xff, 0xff,
    0xff, 0xff, 0xff, 0xff, 0xff, 0xff, 0xff, 0x20,
    0xff, 0xff, 0xff, 0xff, 0xff, 0xff, 0xff, 0xff,
    0xff, 0xff, 0xff, 0xff, 0xff, 0xff, 0xff, 0xf3,
    0xf, 0xff, 0xff, 0xff, 0xff, 0xff, 0xff, 0xff,
    0xff, 0xff, 0xff, 0xff, 0xff, 0xff, 0xff, 0xff,
    0x30, 0xff, 0xff, 0xff, 0xff, 0xff, 0xff, 0xff,
    0xff, 0xff, 0xff, 0xff, 0xff, 0xff, 0xff, 0xff,
    0xf3, 0xf, 0xff, 0xff, 0xff, 0xff, 0xff, 0xff,
    0xff, 0xff, 0xff, 0xff, 0xff, 0xff, 0xff, 0xff,
    0xff, 0x30, 0xff, 0xff, 0xff, 0xff, 0x41, 0x11,
    0x11, 0x11, 0x11, 0x11, 0x11, 0x11, 0x11, 0x11,
    0x11, 0x10, 0xd, 0xff, 0xff, 0xff, 0xf5, 0x0,
    0x0, 0x0, 0x0, 0x0, 0x0, 0x0, 0x0, 0x0,
    0x0, 0x0, 0x0, 0xaf, 0xff, 0xff, 0xff, 0x90,
    0x0, 0x0, 0x0, 0x0, 0x0, 0x0, 0x0, 0x0,
    0x0, 0x0, 0x0, 0x7, 0xff, 0xff, 0xff, 0xfe,
    0x0, 0x0, 0x0, 0x0, 0x0, 0x0, 0x0, 0xba,
    0x20, 0x0, 0x0, 0x0, 0x2f, 0xff, 0xff, 0xff,
    0xf8, 0x0, 0x0, 0x0, 0x0, 0x0, 0x0, 0x5f,
    0xff, 0x81, 0x0, 0x0, 0x0, 0xcf, 0xff, 0xff,
    0xff, 0xf6, 0x0, 0x0, 0x0, 0x0, 0x0, 0x2f,
    0xff, 0xff, 0xe6, 0x0, 0x0, 0x5, 0xff, 0xff,
    0xff, 0xff, 0xf9, 0x0, 0x0, 0x0, 0x0, 0x3e,
    0xff, 0xff, 0xff, 0xfd, 0x0, 0x0, 0xd, 0xff,
    0xff, 0xff, 0xff, 0xfe, 0x94, 0x22, 0x35, 0xaf,
    0xff, 0xff, 0xff, 0xff, 0x90, 0x0, 0x0, 0x3f,
    0xff, 0xff, 0xff, 0xff, 0xff, 0xff, 0xff, 0xff,
    0xff, 0xff, 0xff, 0xff, 0xd1, 0x0, 0x0, 0x0,
    0x7f, 0xff, 0xff, 0xff, 0xff, 0xff, 0xff, 0xff,
    0xff, 0xff, 0xff, 0xff, 0xf3, 0x0, 0x0, 0x0,
    0x0, 0x9f, 0xff, 0xff, 0xff, 0xff, 0xff, 0xff,
    0xff, 0xff, 0xff, 0xff, 0xf5, 0x0, 0x0, 0x0,
    0x0, 0x0, 0x7f, 0xff, 0xff, 0xff, 0xff, 0xff,
    0xff, 0xff, 0xff, 0xff, 0xf5, 0x0, 0x0, 0x0,
    0x0, 0x0, 0x0, 0x4d, 0xff, 0xff, 0xff, 0xff,
    0xff, 0xff, 0xff, 0xff, 0xc2, 0x0, 0x0, 0x0,
    0x0, 0x0, 0x0, 0x0, 0x6, 0xdf, 0xff, 0xff,
    0xff, 0xff, 0xff, 0xfd, 0x60, 0x0, 0x0, 0x0,
    0x0, 0x0, 0x0, 0x0, 0x0, 0x0, 0x27, 0xad,
    0xef, 0xff, 0xdb, 0x83, 0x0, 0x0, 0x0, 0x0,
    0x0,

    /* U+0066 "f" */
    0x0, 0x0, 0x0, 0x0, 0x0, 0x0, 0x4a, 0xef,
    0xff, 0xff, 0xff, 0xff, 0x10, 0x0, 0x0, 0x0,
    0x0, 0x0, 0xa, 0xff, 0xff, 0xff, 0xff, 0xff,
    0xff, 0x10, 0x0, 0x0, 0x0, 0x0, 0x0, 0xbf,
    0xff, 0xff, 0xff, 0xff, 0xff, 0xff, 0x10, 0x0,
    0x0, 0x0, 0x0, 0x6, 0xff, 0xff, 0xff, 0xff,
    0xff, 0xff, 0xff, 0x10, 0x0, 0x0, 0x0, 0x0,
    0xd, 0xff, 0xff, 0xff, 0xff, 0xff, 0xff, 0xff,
    0x10, 0x0, 0x0, 0x0, 0x0, 0x1f, 0xff, 0xff,
    0xff, 0xff, 0xff, 0xff, 0xff, 0x10, 0x0, 0x0,
    0x0, 0x0, 0x3f, 0xff, 0xff, 0xff, 0xff, 0xcb,
    0xbb, 0xbb, 0x10, 0x0, 0x0, 0x0, 0x0, 0x4f,
    0xff, 0xff, 0xff, 0xf2, 0x0, 0x0, 0x0, 0x0,
    0x0, 0x0, 0x0, 0x0, 0x4f, 0xff, 0xff, 0xff,
    0xd0, 0x0, 0x0, 0x0, 0x0, 0x0, 0x0, 0x0,
    0x0, 0x4f, 0xff, 0xff, 0xff, 0xc0, 0x0, 0x0,
    0x0, 0x0, 0x0, 0x0, 0x0, 0x0, 0x4f, 0xff,
    0xff, 0xff, 0xc0, 0x0, 0x0, 0x0, 0x0, 0x0,
    0x0, 0x0, 0x0, 0x4f, 0xff, 0xff, 0xff, 0xc0,
    0x0, 0x0, 0x0, 0x0, 0x0, 0x0, 0x0, 0x0,
    0x4f, 0xff, 0xff, 0xff, 0xc0, 0x0, 0x0, 0x0,
    0x0, 0x4b, 0xbb, 0xbb, 0xbb, 0xcf, 0xff, 0xff,
    0xff, 0xfb, 0xbb, 0xbb, 0xbb, 0xb1, 0x5f, 0xff,
    0xff, 0xff, 0xff, 0xff, 0xff, 0xff, 0xff, 0xff,
    0xff, 0xff, 0xf1, 0x5f, 0xff, 0xff, 0xff, 0xff,
    0xff, 0xff, 0xff, 0xff, 0xff, 0xff, 0xff, 0xf1,
    0x5f, 0xff, 0xff, 0xff, 0xff, 0xff, 0xff, 0xff,
    0xff, 0xff, 0xff, 0xff, 0xf1, 0x5f, 0xff, 0xff,
    0xff, 0xff, 0xff, 0xff, 0xff, 0xff, 0xff, 0xff,
    0xff, 0xf1, 0x5f, 0xff, 0xff, 0xff, 0xff, 0xff,
    0xff, 0xff, 0xff, 0xff, 0xff, 0xff, 0xf1, 0x5f,
    0xff, 0xff, 0xff, 0xff, 0xff, 0xff, 0xff, 0xff,
    0xff, 0xff, 0xff, 0xf1, 0x0, 0x0, 0x0, 0x0,
    0x4f, 0xff, 0xff, 0xff, 0xc0, 0x0, 0x0, 0x0,
    0x0, 0x0, 0x0, 0x0, 0x0, 0x4f, 0xff, 0xff,
    0xff, 0xc0, 0x0, 0x0, 0x0, 0x0, 0x0, 0x0,
    0x0, 0x0, 0x4f, 0xff, 0xff, 0xff, 0xc0, 0x0,
    0x0, 0x0, 0x0, 0x0, 0x0, 0x0, 0x0, 0x4f,
    0xff, 0xff, 0xff, 0xc0, 0x0, 0x0, 0x0, 0x0,
    0x0, 0x0, 0x0, 0x0, 0x4f, 0xff, 0xff, 0xff,
    0xc0, 0x0, 0x0, 0x0, 0x0, 0x0, 0x0, 0x0,
    0x0, 0x4f, 0xff, 0xff, 0xff, 0xc0, 0x0, 0x0,
    0x0, 0x0, 0x0, 0x0, 0x0, 0x0, 0x4f, 0xff,
    0xff, 0xff, 0xc0, 0x0, 0x0, 0x0, 0x0, 0x0,
    0x0, 0x0, 0x0, 0x4f, 0xff, 0xff, 0xff, 0xc0,
    0x0, 0x0, 0x0, 0x0, 0x0, 0x0, 0x0, 0x0,
    0x4f, 0xff, 0xff, 0xff, 0xc0, 0x0, 0x0, 0x0,
    0x0, 0x0, 0x0, 0x0, 0x0, 0x4f, 0xff, 0xff,
    0xff, 0xc0, 0x0, 0x0, 0x0, 0x0, 0x0, 0x0,
    0x0, 0x0, 0x4f, 0xff, 0xff, 0xff, 0xc0, 0x0,
    0x0, 0x0, 0x0, 0x0, 0x0, 0x0, 0x0, 0x4f,
    0xff, 0xff, 0xff, 0xc0, 0x0, 0x0, 0x0, 0x0,
    0x0, 0x0, 0x0, 0x0, 0x4f, 0xff, 0xff, 0xff,
    0xc0, 0x0, 0x0, 0x0, 0x0, 0x0, 0x0, 0x0,
    0x0, 0x4f, 0xff, 0xff, 0xff, 0xc0, 0x0, 0x0,
    0x0, 0x0, 0x0, 0x0, 0x0, 0x0, 0x4f, 0xff,
    0xff, 0xff, 0xc0, 0x0, 0x0, 0x0, 0x0, 0x0,
    0x0, 0x0, 0x0, 0x4f, 0xff, 0xff, 0xff, 0xc0,
    0x0, 0x0, 0x0, 0x0, 0x0, 0x0, 0x0, 0x0,
    0x4f, 0xff, 0xff, 0xff, 0xc0, 0x0, 0x0, 0x0,
    0x0, 0x0, 0x0, 0x0, 0x0, 0x4f, 0xff, 0xff,
    0xff, 0xc0, 0x0, 0x0, 0x0, 0x0, 0x0, 0x0,
    0x0, 0x0, 0x4f, 0xff, 0xff, 0xff, 0xc0, 0x0,
    0x0, 0x0, 0x0, 0x0, 0x0, 0x0, 0x0, 0x4f,
    0xff, 0xff, 0xff, 0xc0, 0x0, 0x0, 0x0, 0x0,
    0x0, 0x0, 0x0, 0x0, 0x4f, 0xff, 0xff, 0xff,
    0xc0, 0x0, 0x0, 0x0, 0x0, 0x0, 0x0, 0x0,
    0x0, 0x4f, 0xff, 0xff, 0xff, 0xc0, 0x0, 0x0,
    0x0, 0x0, 0x0, 0x0, 0x0, 0x0, 0x4f, 0xff,
    0xff, 0xff, 0xc0, 0x0, 0x0, 0x0, 0x0, 0x0,
    0x0, 0x0, 0x0, 0x4f, 0xff, 0xff, 0xff, 0xc0,
    0x0, 0x0, 0x0, 0x0, 0x0, 0x0, 0x0, 0x0,
    0x4f, 0xff, 0xff, 0xff, 0xc0, 0x0, 0x0, 0x0,
    0x0, 0x0, 0x0, 0x0, 0x0, 0x28, 0x88, 0x88,
    0x88, 0x60, 0x0, 0x0, 0x0, 0x0,

    /* U+0067 "g" */
    0x0, 0x0, 0x0, 0x0, 0x0, 0x27, 0xad, 0xff,
    0xfe, 0xb7, 0x20, 0x0, 0x0, 0x0, 0x0, 0x0,
    0x0, 0x0, 0x0, 0x0, 0x0, 0x3, 0xbf, 0xff,
    0xff, 0xff, 0xff, 0xff, 0xa1, 0x0, 0x9, 0xff,
    0xff, 0xff, 0xf5, 0x0, 0x0, 0x0, 0x9, 0xff,
    0xff, 0xff, 0xff, 0xff, 0xff, 0xff, 0xe2, 0x0,
    0x9f, 0xff, 0xff, 0xff, 0x50, 0x0, 0x0, 0x1d,
    0xff, 0xff, 0xff, 0xff, 0xff, 0xff, 0xff, 0xff,
    0xe2, 0x9, 0xff, 0xff, 0xff, 0xf5, 0x0, 0x0,
    0x1e, 0xff, 0xff, 0xff, 0xff, 0xff, 0xff, 0xff,
    0xff, 0xff, 0xd0, 0x9f, 0xff, 0xff, 0xff, 0x50,
    0x0, 0xc, 0xff, 0xff, 0xff, 0xff, 0xff, 0xff,
    0xff, 0xff, 0xff, 0xff, 0xff, 0xff, 0xff, 0xff,
    0xf5, 0x0, 0x8, 0xff, 0xff, 0xff, 0xff, 0xff,
    0xff, 0xff, 0xff, 0xff, 0xff, 0xff, 0xff, 0xff,
    0xff, 0xff, 0x50, 0x2, 0xff, 0xff, 0xff, 0xff,
    0xff, 0xfa, 0x63, 0x23, 0x48, 0xdf, 0xff, 0xff,
    0xff, 0xff, 0xff, 0xf5, 0x0, 0x9f, 0xff, 0xff,
    0xff, 0xff, 0xb2, 0x0, 0x0, 0x0, 0x0, 0x6f,
    0xff, 0xff, 0xff, 0xff, 0xff, 0x50, 0xf, 0xff,
    0xff, 0xff, 0xff, 0x80, 0x0, 0x0, 0x0, 0x0,
    0x0, 0x2e, 0xff, 0xff, 0xff, 0xff, 0xf5, 0x4,
    0xff, 0xff, 0xff, 0xff, 0xa0, 0x0, 0x0, 0x0,
    0x0, 0x0, 0x0, 0x3f, 0xff, 0xff, 0xff, 0xff,
    0x50, 0x9f, 0xff, 0xff, 0xff, 0xf1, 0x0, 0x0,
    0x0, 0x0, 0x0, 0x0, 0x0, 0x9f, 0xff, 0xff,
    0xff, 0xf5, 0xc, 0xff, 0xff, 0xff, 0xf9, 0x0,
    0x0, 0x0, 0x0, 0x0, 0x0, 0x0, 0x2, 0xff,
    0xff, 0xff, 0xff, 0x50, 0xef, 0xff, 0xff, 0xff,
    0x50, 0x0, 0x0, 0x0, 0x0, 0x0, 0x0, 0x0,
    0xe, 0xff, 0xff, 0xff, 0xf5, 0xf, 0xff, 0xff,
    0xff, 0xf2, 0x0, 0x0, 0x0, 0x0, 0x0, 0x0,
    0x0, 0x0, 0xbf, 0xff, 0xff, 0xff, 0x50, 0xff,
    0xff, 0xff, 0xff, 0x10, 0x0, 0x0, 0x0, 0x0,
    0x0, 0x0, 0x0, 0xa, 0xff, 0xff, 0xff, 0xf5,
    0x1f, 0xff, 0xff, 0xff, 0xf0, 0x0, 0x0, 0x0,
    0x0, 0x0, 0x0, 0x0, 0x0, 0x9f, 0xff, 0xff,
    0xff, 0x50, 0xff, 0xff, 0xff, 0xff, 0x0, 0x0,
    0x0, 0x0, 0x0, 0x0, 0x0, 0x0, 0xa, 0xff,
    0xff, 0xff, 0xf5, 0xf, 0xff, 0xff, 0xff, 0xf2,
    0x0, 0x0, 0x0, 0x0, 0x0, 0x0, 0x0, 0x0,
    0xbf, 0xff, 0xff, 0xff, 0x50, 0xef, 0xff, 0xff,
    0xff, 0x50, 0x0, 0x0, 0x0, 0x0, 0x0, 0x0,
    0x0, 0xe, 0xff, 0xff, 0xff, 0xf5, 0xc, 0xff,
    0xff, 0xff, 0xf9, 0x0, 0x0, 0x0, 0x0, 0x0,
    0x0, 0x0, 0x2, 0xff, 0xff, 0xff, 0xff, 0x50,
    0x9f, 0xff, 0xff, 0xff, 0xf1, 0x0, 0x0, 0x0,
    0x0, 0x0, 0x0, 0x0, 0x9f, 0xff, 0xff, 0xff,
    0xf5, 0x5, 0xff, 0xff, 0xff, 0xff, 0x90, 0x0,
    0x0, 0x0, 0x0, 0x0, 0x0, 0x3f, 0xff, 0xff,
    0xff, 0xff, 0x50, 0x1f, 0xff, 0xff, 0xff, 0xff,
    0x70, 0x0, 0x0, 0x0, 0x0, 0x0, 0x2e, 0xff,
    0xff, 0xff, 0xff, 0xf5, 0x0, 0xaf, 0xff, 0xff,
    0xff, 0xff, 0x91, 0x0, 0x0, 0x0, 0x0, 0x5e,
    0xff, 0xff, 0xff, 0xff, 0xff, 0x50, 0x2, 0xff,
    0xff, 0xff, 0xff, 0xff, 0xf8, 0x41, 0x1, 0x26,
    0xcf, 0xff, 0xff, 0xff, 0xff, 0xff, 0xf5, 0x0,
    0x9, 0xff, 0xff, 0xff, 0xff, 0xff, 0xff, 0xff,
    0xff, 0xff, 0xff, 0xff, 0xff, 0xff, 0xff, 0xff,
    0x50, 0x0, 0xd, 0xff, 0xff, 0xff, 0xff, 0xff,
    0xff, 0xff, 0xff, 0xff, 0xff, 0xff, 0xff, 0xff,
    0xff, 0xf5, 0x0, 0x0, 0x2e, 0xff, 0xff, 0xff,
    0xff, 0xff, 0xff, 0xff, 0xff, 0xff, 0xfc, 0xef,
    0xff, 0xff, 0xff, 0x50, 0x0, 0x0, 0x2e, 0xff,
    0xff, 0xff, 0xff, 0xff, 0xff, 0xff, 0xff, 0xf8,
    0xb, 0xff, 0xff, 0xff, 0xf5, 0x0, 0x0, 0x0,
    0x1b, 0xff, 0xff, 0xff, 0xff, 0xff, 0xff, 0xff,
    0xf9, 0x0, 0xbf, 0xff, 0xff, 0xff, 0x50, 0x0,
    0x0, 0x0, 0x5, 0xdf, 0xff, 0xff, 0xff, 0xff,
    0xff, 0xe5, 0x0, 0xb, 0xff, 0xff, 0xff, 0xf5,
    0x0, 0x0, 0x0, 0x0, 0x0, 0x39, 0xcf, 0xff,
    0xff, 0xda, 0x50, 0x0, 0x0, 0xbf, 0xff, 0xff,
    0xff, 0x50, 0x0, 0x0, 0x0, 0x0, 0x0, 0x0,
    0x0, 0x11, 0x0, 0x0, 0x0, 0x0, 0xb, 0xff,
    0xff, 0xff, 0xf5, 0x0, 0x0, 0x0, 0x0, 0x0,
    0x0, 0x0, 0x0, 0x0, 0x0, 0x0, 0x0, 0x0,
    0xbf, 0xff, 0xff, 0xff, 0x50, 0x0, 0x0, 0x0,
    0x0, 0x0, 0x0, 0x0, 0x0, 0x0, 0x0, 0x0,
    0x0, 0xb, 0xff, 0xff, 0xff, 0xf5, 0x0, 0x0,
    0x0, 0x0, 0x0, 0x0, 0x0, 0x0, 0x0, 0x0,
    0x0, 0x0, 0x0, 0xbf, 0xff, 0xff, 0xff, 0x50,
    0x0, 0x0, 0x0, 0x0, 0x0, 0x0, 0x0, 0x0,
    0x0, 0x0, 0x0, 0x0, 0xc, 0xff, 0xff, 0xff,
    0xf5, 0x0, 0x0, 0x0, 0x11, 0x11, 0x11, 0x11,
    0x11, 0x11, 0x11, 0x11, 0x11, 0x26, 0xff, 0xff,
    0xff, 0xff, 0x50, 0x0, 0x0, 0xf, 0xff, 0xff,
    0xff, 0xff, 0xff, 0xff, 0xff, 0xff, 0xff, 0xff,
    0xff, 0xff, 0xff, 0xf4, 0x0, 0x0, 0x0, 0xff,
    0xff, 0xff, 0xff, 0xff, 0xff, 0xff, 0xff, 0xff,
    0xff, 0xff, 0xff, 0xff, 0xff, 0x20, 0x0, 0x0,
    0xf, 0xff, 0xff, 0xff, 0xff, 0xff, 0xff, 0xff,
    0xff, 0xff, 0xff, 0xff, 0xff, 0xff, 0xe0, 0x0,
    0x0, 0x0, 0xff, 0xff, 0xff, 0xff, 0xff, 0xff,
    0xff, 0xff, 0xff, 0xff, 0xff, 0xff, 0xff, 0xf8,
    0x0, 0x0, 0x0, 0xf, 0xff, 0xff, 0xff, 0xff,
    0xff, 0xff, 0xff, 0xff, 0xff, 0xff, 0xff, 0xff,
    0xfd, 0x0, 0x0, 0x0, 0x0, 0xff, 0xff, 0xff,
    0xff, 0xff, 0xff, 0xff, 0xff, 0xff, 0xff, 0xff,
    0xff, 0xfc, 0x10, 0x0, 0x0, 0x0, 0xf, 0xff,
    0xff, 0xff, 0xff, 0xff, 0xff, 0xff, 0xff, 0xff,
    0xff, 0xfe, 0xb5, 0x0, 0x0,

    /* U+0068 "h" */
    0x24, 0x44, 0x44, 0x44, 0x20, 0x0, 0x0, 0x0,
    0x0, 0x0, 0x0, 0x0, 0x0, 0x0, 0x0, 0x0,
    0x8f, 0xff, 0xff, 0xff, 0x80, 0x0, 0x0, 0x0,
    0x0, 0x0, 0x0, 0x0, 0x0, 0x0, 0x0, 0x0,
    0x8f, 0xff, 0xff, 0xff, 0x80, 0x0, 0x0, 0x0,
    0x0, 0x0, 0x0, 0x0, 0x0, 0x0, 0x0, 0x0,
    0x8f, 0xff, 0xff, 0xff, 0x80, 0x0, 0x0, 0x0,
    0x0, 0x0, 0x0, 0x0, 0x0, 0x0, 0x0, 0x0,
    0x8f, 0xff, 0xff, 0xff, 0x80, 0x0, 0x0, 0x0,
    0x0, 0x0, 0x0, 0x0, 0x0, 0x0, 0x0, 0x0,
    0x8f, 0xff, 0xff, 0xff, 0x80, 0x0, 0x0, 0x0,
    0x0, 0x0, 0x0, 0x0, 0x0, 0x0, 0x0, 0x0,
    0x8f, 0xff, 0xff, 0xff, 0x80, 0x0, 0x0, 0x0,
    0x0, 0x0, 0x0, 0x0, 0x0, 0x0, 0x0, 0x0,
    0x8f, 0xff, 0xff, 0xff, 0x80, 0x0, 0x0, 0x0,
    0x0, 0x0, 0x0, 0x0, 0x0, 0x0, 0x0, 0x0,
    0x8f, 0xff, 0xff, 0xff, 0x80, 0x0, 0x0, 0x0,
    0x0, 0x0, 0x0, 0x0, 0x0, 0x0, 0x0, 0x0,
    0x8f, 0xff, 0xff, 0xff, 0x80, 0x0, 0x0, 0x0,
    0x0, 0x0, 0x0, 0x0, 0x0, 0x0, 0x0, 0x0,
    0x8f, 0xff, 0xff, 0xff, 0x80, 0x0, 0x0, 0x0,
    0x0, 0x0, 0x0, 0x0, 0x0, 0x0, 0x0, 0x0,
    0x8f, 0xff, 0xff, 0xff, 0x80, 0x0, 0x0, 0x0,
    0x0, 0x0, 0x0, 0x0, 0x0, 0x0, 0x0, 0x0,
    0x8f, 0xff, 0xff, 0xff, 0x80, 0x0, 0x0, 0x0,
    0x0, 0x0, 0x0, 0x0, 0x0, 0x0, 0x0, 0x0,
    0x8f, 0xff, 0xff, 0xff, 0x80, 0x0, 0x0, 0x37,
    0xbc, 0xdd, 0xc9, 0x50, 0x0, 0x0, 0x0, 0x0,
    0x8f, 0xff, 0xff, 0xff, 0x80, 0x0, 0x5d, 0xff,
    0xff, 0xff, 0xff, 0xff, 0x91, 0x0, 0x0, 0x0,
    0x8f, 0xff, 0xff, 0xff, 0x80, 0x9, 0xff, 0xff,
    0xff, 0xff, 0xff, 0xff, 0xfe, 0x40, 0x0, 0x0,
    0x8f, 0xff, 0xff, 0xff, 0x80, 0x8f, 0xff, 0xff,
    0xff, 0xff, 0xff, 0xff, 0xff, 0xf6, 0x0, 0x0,
    0x8f, 0xff, 0xff, 0xff, 0xb7, 0xff, 0xff, 0xff,
    0xff, 0xff, 0xff, 0xff, 0xff, 0xff, 0x40, 0x0,
    0x8f, 0xff, 0xff, 0xff, 0xff, 0xff, 0xff, 0xff,
    0xff, 0xff, 0xff, 0xff, 0xff, 0xff, 0xe1, 0x0,
    0x8f, 0xff, 0xff, 0xff, 0xff, 0xff, 0xff, 0xff,
    0xff, 0xff, 0xff, 0xff, 0xff, 0xff, 0xf9, 0x0,
    0x8f, 0xff, 0xff, 0xff, 0xff, 0xff, 0xe7, 0x31,
    0x1, 0x49, 0xff, 0xff, 0xff, 0xff, 0xff, 0x10,
    0x8f, 0xff, 0xff, 0xff, 0xff, 0xfa, 0x0, 0x0,
    0x0, 0x0, 0x2d, 0xff, 0xff, 0xff, 0xff, 0x60,
    0x8f, 0xff, 0xff, 0xff, 0xff, 0xa0, 0x0, 0x0,
    0x0, 0x0, 0x2, 0xff, 0xff, 0xff, 0xff, 0xb0,
    0x8f, 0xff, 0xff, 0xff, 0xfe, 0x0, 0x0, 0x0,
    0x0, 0x0, 0x0, 0x9f, 0xff, 0xff, 0xff, 0xe0,
    0x8f, 0xff, 0xff, 0xff, 0xf7, 0x0, 0x0, 0x0,
    0x0, 0x0, 0x0, 0x3f, 0xff, 0xff, 0xff, 0xf1,
    0x8f, 0xff, 0xff, 0xff, 0xf1, 0x0, 0x0, 0x0,
    0x0, 0x0, 0x0, 0xf, 0xff, 0xff, 0xff, 0xf2,
    0x8f, 0xff, 0xff, 0xff, 0xd0, 0x0, 0x0, 0x0,
    0x0, 0x0, 0x0, 0xe, 0xff, 0xff, 0xff, 0xf3,
    0x8f, 0xff, 0xff, 0xff, 0xa0, 0x0, 0x0, 0x0,
    0x0, 0x0, 0x0, 0xd, 0xff, 0xff, 0xff, 0xf3,
    0x8f, 0xff, 0xff, 0xff, 0x90, 0x0, 0x0, 0x0,
    0x0, 0x0, 0x0, 0xd, 0xff, 0xff, 0xff, 0xf3,
    0x8f, 0xff, 0xff, 0xff, 0x80, 0x0, 0x0, 0x0,
    0x0, 0x0, 0x0, 0xd, 0xff, 0xff, 0xff, 0xf3,
    0x8f, 0xff, 0xff, 0xff, 0x80, 0x0, 0x0, 0x0,
    0x0, 0x0, 0x0, 0xd, 0xff, 0xff, 0xff, 0xf3,
    0x8f, 0xff, 0xff, 0xff, 0x80, 0x0, 0x0, 0x0,
    0x0, 0x0, 0x0, 0xd, 0xff, 0xff, 0xff, 0xf3,
    0x8f, 0xff, 0xff, 0xff, 0x80, 0x0, 0x0, 0x0,
    0x0, 0x0, 0x0, 0xd, 0xff, 0xff, 0xff, 0xf3,
    0x8f, 0xff, 0xff, 0xff, 0x80, 0x0, 0x0, 0x0,
    0x0, 0x0, 0x0, 0xd, 0xff, 0xff, 0xff, 0xf3,
    0x8f, 0xff, 0xff, 0xff, 0x80, 0x0, 0x0, 0x0,
    0x0, 0x0, 0x0, 0xd, 0xff, 0xff, 0xff, 0xf3,
    0x8f, 0xff, 0xff, 0xff, 0x80, 0x0, 0x0, 0x0,
    0x0, 0x0, 0x0, 0xd, 0xff, 0xff, 0xff, 0xf3,
    0x8f, 0xff, 0xff, 0xff, 0x80, 0x0, 0x0, 0x0,
    0x0, 0x0, 0x0, 0xd, 0xff, 0xff, 0xff, 0xf3,
    0x8f, 0xff, 0xff, 0xff, 0x80, 0x0, 0x0, 0x0,
    0x0, 0x0, 0x0, 0xd, 0xff, 0xff, 0xff, 0xf3,
    0x8f, 0xff, 0xff, 0xff, 0x80, 0x0, 0x0, 0x0,
    0x0, 0x0, 0x0, 0xd, 0xff, 0xff, 0xff, 0xf3,
    0x8f, 0xff, 0xff, 0xff, 0x80, 0x0, 0x0, 0x0,
    0x0, 0x0, 0x0, 0xd, 0xff, 0xff, 0xff, 0xf3,
    0x8f, 0xff, 0xff, 0xff, 0x80, 0x0, 0x0, 0x0,
    0x0, 0x0, 0x0, 0xd, 0xff, 0xff, 0xff, 0xf3,
    0x8f, 0xff, 0xff, 0xff, 0x80, 0x0, 0x0, 0x0,
    0x0, 0x0, 0x0, 0xd, 0xff, 0xff, 0xff, 0xf3,
    0x8f, 0xff, 0xff, 0xff, 0x80, 0x0, 0x0, 0x0,
    0x0, 0x0, 0x0, 0xd, 0xff, 0xff, 0xff, 0xf3,
    0x8f, 0xff, 0xff, 0xff, 0x80, 0x0, 0x0, 0x0,
    0x0, 0x0, 0x0, 0xd, 0xff, 0xff, 0xff, 0xf3,
    0x8f, 0xff, 0xff, 0xff, 0x80, 0x0, 0x0, 0x0,
    0x0, 0x0, 0x0, 0xd, 0xff, 0xff, 0xff, 0xf3,
    0x8f, 0xff, 0xff, 0xff, 0x80, 0x0, 0x0, 0x0,
    0x0, 0x0, 0x0, 0xd, 0xff, 0xff, 0xff, 0xf3,

    /* U+0069 "i" */
    0x0, 0x0, 0x35, 0x40, 0x0, 0x0, 0x7, 0xef,
    0xff, 0xf7, 0x0, 0x8, 0xff, 0xff, 0xff, 0xf9,
    0x2, 0xff, 0xff, 0xff, 0xff, 0xf3, 0x8f, 0xff,
    0xff, 0xff, 0xff, 0x8a, 0xff, 0xff, 0xff, 0xff,
    0xfa, 0x9f, 0xff, 0xff, 0xff, 0xff, 0xa6, 0xff,
    0xff, 0xff, 0xff, 0xf7, 0x1e, 0xff, 0xff, 0xff,
    0xff, 0x10, 0x4f, 0xff, 0xff, 0xff, 0x40, 0x0,
    0x29, 0xef, 0xea, 0x20, 0x0, 0x0, 0x0, 0x0,
    0x0, 0x0, 0x0, 0x0, 0x0, 0x0, 0x0, 0x0,
    0x0, 0x0, 0x0, 0x0, 0x0, 0x0, 0x11, 0x11,
    0x11, 0x10, 0x0, 0x8f, 0xff, 0xff, 0xff, 0x80,
    0x8, 0xff, 0xff, 0xff, 0xf8, 0x0, 0x8f, 0xff,
    0xff, 0xff, 0x80, 0x8, 0xff, 0xff, 0xff, 0xf8,
    0x0, 0x8f, 0xff, 0xff, 0xff, 0x80, 0x8, 0xff,
    0xff, 0xff, 0xf8, 0x0, 0x8f, 0xff, 0xff, 0xff,
    0x80, 0x8, 0xff, 0xff, 0xff, 0xf8, 0x0, 0x8f,
    0xff, 0xff, 0xff, 0x80, 0x8, 0xff, 0xff, 0xff,
    0xf8, 0x0, 0x8f, 0xff, 0xff, 0xff, 0x80, 0x8,
    0xff, 0xff, 0xff, 0xf8, 0x0, 0x8f, 0xff, 0xff,
    0xff, 0x80, 0x8, 0xff, 0xff, 0xff, 0xf8, 0x0,
    0x8f, 0xff, 0xff, 0xff, 0x80, 0x8, 0xff, 0xff,
    0xff, 0xf8, 0x0, 0x8f, 0xff, 0xff, 0xff, 0x80,
    0x8, 0xff, 0xff, 0xff, 0xf8, 0x0, 0x8f, 0xff,
    0xff, 0xff, 0x80, 0x8, 0xff, 0xff, 0xff, 0xf8,
    0x0, 0x8f, 0xff, 0xff, 0xff, 0x80, 0x8, 0xff,
    0xff, 0xff, 0xf8, 0x0, 0x8f, 0xff, 0xff, 0xff,
    0x80, 0x8, 0xff, 0xff, 0xff, 0xf8, 0x0, 0x8f,
    0xff, 0xff, 0xff, 0x80, 0x8, 0xff, 0xff, 0xff,
    0xf8, 0x0, 0x8f, 0xff, 0xff, 0xff, 0x80, 0x8,
    0xff, 0xff, 0xff, 0xf8, 0x0, 0x8f, 0xff, 0xff,
    0xff, 0x80, 0x8, 0xff, 0xff, 0xff, 0xf8, 0x0,
    0x8f, 0xff, 0xff, 0xff, 0x80, 0x8, 0xff, 0xff,
    0xff, 0xf8, 0x0,

    /* U+006A "j" */
    0x0, 0x0, 0x0, 0x1, 0x8d, 0xfe, 0xa3, 0x0,
    0x0, 0x0, 0x0, 0x2e, 0xff, 0xff, 0xff, 0x60,
    0x0, 0x0, 0x0, 0xdf, 0xff, 0xff, 0xff, 0xf2,
    0x0, 0x0, 0x4, 0xff, 0xff, 0xff, 0xff, 0xf9,
    0x0, 0x0, 0x7, 0xff, 0xff, 0xff, 0xff, 0xfc,
    0x0, 0x0, 0x8, 0xff, 0xff, 0xff, 0xff, 0xfc,
    0x0, 0x0, 0x6, 0xff, 0xff, 0xff, 0xff, 0xfa,
    0x0, 0x0, 0x1, 0xff, 0xff, 0xff, 0xff, 0xf5,
    0x0, 0x0, 0x0, 0x6f, 0xff, 0xff, 0xff, 0xb0,
    0x0, 0x0, 0x0, 0x5, 0xef, 0xff, 0xf9, 0x0,
    0x0, 0x0, 0x0, 0x0, 0x3, 0x54, 0x10, 0x0,
    0x0, 0x0, 0x0, 0x0, 0x0, 0x0, 0x0, 0x0,
    0x0, 0x0, 0x0, 0x0, 0x0, 0x0, 0x0, 0x0,
    0x0, 0x0, 0x0, 0x0, 0x0, 0x0, 0x0, 0x0,
    0x0, 0x0, 0x0, 0x5e, 0xee, 0xee, 0xee, 0x90,
    0x0, 0x0, 0x0, 0x6f, 0xff, 0xff, 0xff, 0xa0,
    0x0, 0x0, 0x0, 0x6f, 0xff, 0xff, 0xff, 0xa0,
    0x0, 0x0, 0x0, 0x6f, 0xff, 0xff, 0xff, 0xa0,
    0x0, 0x0, 0x0, 0x6f, 0xff, 0xff, 0xff, 0xa0,
    0x0, 0x0, 0x0, 0x6f, 0xff, 0xff, 0xff, 0xa0,
    0x0, 0x0, 0x0, 0x6f, 0xff, 0xff, 0xff, 0xa0,
    0x0, 0x0, 0x0, 0x6f, 0xff, 0xff, 0xff, 0xa0,
    0x0, 0x0, 0x0, 0x6f, 0xff, 0xff, 0xff, 0xa0,
    0x0, 0x0, 0x0, 0x6f, 0xff, 0xff, 0xff, 0xa0,
    0x0, 0x0, 0x0, 0x6f, 0xff, 0xff, 0xff, 0xa0,
    0x0, 0x0, 0x0, 0x6f, 0xff, 0xff, 0xff, 0xa0,
    0x0, 0x0, 0x0, 0x6f, 0xff, 0xff, 0xff, 0xa0,
    0x0, 0x0, 0x0, 0x6f, 0xff, 0xff, 0xff, 0xa0,
    0x0, 0x0, 0x0, 0x6f, 0xff, 0xff, 0xff, 0xa0,
    0x0, 0x0, 0x0, 0x6f, 0xff, 0xff, 0xff, 0xa0,
    0x0, 0x0, 0x0, 0x6f, 0xff, 0xff, 0xff, 0xa0,
    0x0, 0x0, 0x0, 0x6f, 0xff, 0xff, 0xff, 0xa0,
    0x0, 0x0, 0x0, 0x6f, 0xff, 0xff, 0xff, 0xa0,
    0x0, 0x0, 0x0, 0x6f, 0xff, 0xff, 0xff, 0xa0,
    0x0, 0x0, 0x0, 0x6f, 0xff, 0xff, 0xff, 0xa0,
    0x0, 0x0, 0x0, 0x6f, 0xff, 0xff, 0xff, 0xa0,
    0x0, 0x0, 0x0, 0x6f, 0xff, 0xff, 0xff, 0xa0,
    0x0, 0x0, 0x0, 0x6f, 0xff, 0xff, 0xff, 0xa0,
    0x0, 0x0, 0x0, 0x6f, 0xff, 0xff, 0xff, 0xa0,
    0x0, 0x0, 0x0, 0x6f, 0xff, 0xff, 0xff, 0xa0,
    0x0, 0x0, 0x0, 0x6f, 0xff, 0xff, 0xff, 0xa0,
    0x0, 0x0, 0x0, 0x6f, 0xff, 0xff, 0xff, 0xa0,
    0x0, 0x0, 0x0, 0x6f, 0xff, 0xff, 0xff, 0xa0,
    0x0, 0x0, 0x0, 0x6f, 0xff, 0xff, 0xff, 0xa0,
    0x0, 0x0, 0x0, 0x6f, 0xff, 0xff, 0xff, 0xa0,
    0x0, 0x0, 0x0, 0x6f, 0xff, 0xff, 0xff, 0xa0,
    0x0, 0x0, 0x0, 0x6f, 0xff, 0xff, 0xff, 0xa0,
    0x0, 0x0, 0x0, 0x6f, 0xff, 0xff, 0xff, 0xa0,
    0x0, 0x0, 0x0, 0x6f, 0xff, 0xff, 0xff, 0xa0,
    0x0, 0x0, 0x0, 0x6f, 0xff, 0xff, 0xff, 0xa0,
    0x0, 0x0, 0x0, 0x7f, 0xff, 0xff, 0xff, 0xa0,
    0x0, 0x0, 0x2, 0xdf, 0xff, 0xff, 0xff, 0xa0,
    0x6f, 0xff, 0xff, 0xff, 0xff, 0xff, 0xff, 0x90,
    0x6f, 0xff, 0xff, 0xff, 0xff, 0xff, 0xff, 0x70,
    0x6f, 0xff, 0xff, 0xff, 0xff, 0xff, 0xff, 0x30,
    0x6f, 0xff, 0xff, 0xff, 0xff, 0xff, 0xfd, 0x0,
    0x6f, 0xff, 0xff, 0xff, 0xff, 0xff, 0xf3, 0x0,
    0x6f, 0xff, 0xff, 0xff, 0xff, 0xfe, 0x40, 0x0,
    0x6f, 0xff, 0xff, 0xff, 0xec, 0x71, 0x0, 0x0,

    /* U+006B "k" */
    0x24, 0x44, 0x44, 0x44, 0x20, 0x0, 0x0, 0x0,
    0x0, 0x0, 0x0, 0x0, 0x0, 0x0, 0x0, 0x0,
    0x8f, 0xff, 0xff, 0xff, 0x80, 0x0, 0x0, 0x0,
    0x0, 0x0, 0x0, 0x0, 0x0, 0x0, 0x0, 0x0,
    0x8f, 0xff, 0xff, 0xff, 0x80, 0x0, 0x0, 0x0,
    0x0, 0x0, 0x0, 0x0, 0x0, 0x0, 0x0, 0x0,
    0x8f, 0xff, 0xff, 0xff, 0x80, 0x0, 0x0, 0x0,
    0x0, 0x0, 0x0, 0x0, 0x0, 0x0, 0x0, 0x0,
    0x8f, 0xff, 0xff, 0xff, 0x80, 0x0, 0x0, 0x0,
    0x0, 0x0, 0x0, 0x0, 0x0, 0x0, 0x0, 0x0,
    0x8f, 0xff, 0xff, 0xff, 0x80, 0x0, 0x0, 0x0,
    0x0, 0x0, 0x0, 0x0, 0x0, 0x0, 0x0, 0x0,
    0x8f, 0xff, 0xff, 0xff, 0x80, 0x0, 0x0, 0x0,
    0x0, 0x0, 0x0, 0x0, 0x0, 0x0, 0x0, 0x0,
    0x8f, 0xff, 0xff, 0xff, 0x80, 0x0, 0x0, 0x0,
    0x0, 0x0, 0x0, 0x0, 0x0, 0x0, 0x0, 0x0,
    0x8f, 0xff, 0xff, 0xff, 0x80, 0x0, 0x0, 0x0,
    0x0, 0x0, 0x0, 0x0, 0x0, 0x0, 0x0, 0x0,
    0x8f, 0xff, 0xff, 0xff, 0x80, 0x0, 0x0, 0x0,
    0x0, 0x0, 0x0, 0x0, 0x0, 0x0, 0x0, 0x0,
    0x8f, 0xff, 0xff, 0xff, 0x80, 0x0, 0x0, 0x0,
    0x0, 0x0, 0x0, 0x0, 0x0, 0x0, 0x0, 0x0,
    0x8f, 0xff, 0xff, 0xff, 0x80, 0x0, 0x0, 0x0,
    0x0, 0x0, 0x0, 0x0, 0x0, 0x0, 0x0, 0x0,
    0x8f, 0xff, 0xff, 0xff, 0x80, 0x0, 0x0, 0x0,
    0x0, 0x0, 0x0, 0x0, 0x0, 0x0, 0x0, 0x0,
    0x8f, 0xff, 0xff, 0xff, 0x80, 0x0, 0x0, 0x0,
    0x0, 0x0, 0x11, 0x11, 0x11, 0x11, 0x11, 0x0,
    0x8f, 0xff, 0xff, 0xff, 0x80, 0x0, 0x0, 0x0,
    0x0, 0x5, 0xff, 0xff, 0xff, 0xff, 0xff, 0x30,
    0x8f, 0xff, 0xff, 0xff, 0x80, 0x0, 0x0, 0x0,
    0x0, 0x3f, 0xff, 0xff, 0xff, 0xff, 0xf3, 0x0,
    0x8f, 0xff, 0xff, 0xff, 0x80, 0x0, 0x0, 0x0,
    0x2, 0xef, 0xff, 0xff, 0xff, 0xff, 0x40, 0x0,
    0x8f, 0xff, 0xff, 0xff, 0x80, 0x0, 0x0, 0x0,
    0x1d, 0xff, 0xff, 0xff, 0xff, 0xf5, 0x0, 0x0,
    0x8f, 0xff, 0xff, 0xff, 0x80, 0x0, 0x0, 0x0,
    0xcf, 0xff, 0xff, 0xff, 0xff, 0x60, 0x0, 0x0,
    0x8f, 0xff, 0xff, 0xff, 0x80, 0x0, 0x0, 0xa,
    0xff, 0xff, 0xff, 0xff, 0xf7, 0x0, 0x0, 0x0,
    0x8f, 0xff, 0xff, 0xff, 0x80, 0x0, 0x0, 0x8f,
    0xff, 0xff, 0xff, 0xff, 0x90, 0x0, 0x0, 0x0,
    0x8f, 0xff, 0xff, 0xff, 0x80, 0x0, 0x6, 0xff,
    0xff, 0xff, 0xff, 0xfa, 0x0, 0x0, 0x0, 0x0,
    0x8f, 0xff, 0xff, 0xff, 0x80, 0x0, 0x4f, 0xff,
    0xff, 0xff, 0xff, 0xb0, 0x0, 0x0, 0x0, 0x0,
    0x8f, 0xff, 0xff, 0xff, 0x80, 0x2, 0xff, 0xff,
    0xff, 0xff, 0xfb, 0x0, 0x0, 0x0, 0x0, 0x0,
    0x8f, 0xff, 0xff, 0xff, 0x80, 0x1e, 0xff, 0xff,
    0xff, 0xff, 0xc0, 0x0, 0x0, 0x0, 0x0, 0x0,
    0x8f, 0xff, 0xff, 0xff, 0x80, 0xdf, 0xff, 0xff,
    0xff, 0xfd, 0x10, 0x0, 0x0, 0x0, 0x0, 0x0,
    0x8f, 0xff, 0xff, 0xff, 0xff, 0xff, 0xff, 0xff,
    0xff, 0xe1, 0x0, 0x0, 0x0, 0x0, 0x0, 0x0,
    0x8f, 0xff, 0xff, 0xff, 0xff, 0xff, 0xff, 0xff,
    0xfe, 0x20, 0x0, 0x0, 0x0, 0x0, 0x0, 0x0,
    0x8f, 0xff, 0xff, 0xff, 0xff, 0xff, 0xff, 0xff,
    0xf3, 0x0, 0x0, 0x0, 0x0, 0x0, 0x0, 0x0,
    0x8f, 0xff, 0xff, 0xff, 0xff, 0xff, 0xff, 0xff,
    0x40, 0x0, 0x0, 0x0, 0x0, 0x0, 0x0, 0x0,
    0x8f, 0xff, 0xff, 0xff, 0xff, 0xff, 0xff, 0xff,
    0xc0, 0x0, 0x0, 0x0, 0x0, 0x0, 0x0, 0x0,
    0x8f, 0xff, 0xff, 0xff, 0xff, 0xff, 0xff, 0xff,
    0xfb, 0x0, 0x0, 0x0, 0x0, 0x0, 0x0, 0x0,
    0x8f, 0xff, 0xff, 0xff, 0xff, 0xff, 0xff, 0xff,
    0xff, 0xa0, 0x0, 0x0, 0x0, 0x0, 0x0, 0x0,
    0x8f, 0xff, 0xff, 0xff, 0xc8, 0xff, 0xff, 0xff,
    0xff, 0xf9, 0x0, 0x0, 0x0, 0x0, 0x0, 0x0,
    0x8f, 0xff, 0xff, 0xff, 0x80, 0x6f, 0xff, 0xff,
    0xff, 0xff, 0x80, 0x0, 0x0, 0x0, 0x0, 0x0,
    0x8f, 0xff, 0xff, 0xff, 0x80, 0x8, 0xff, 0xff,
    0xff, 0xff, 0xf6, 0x0, 0x0, 0x0, 0x0, 0x0,
    0x8f, 0xff, 0xff, 0xff, 0x80, 0x0, 0xaf, 0xff,
    0xff, 0xff, 0xff, 0x50, 0x0, 0x0, 0x0, 0x0,
    0x8f, 0xff, 0xff, 0xff, 0x80, 0x0, 0xb, 0xff,
    0xff, 0xff, 0xff, 0xf4, 0x0, 0x0, 0x0, 0x0,
    0x8f, 0xff, 0xff, 0xff, 0x80, 0x0, 0x0, 0xcf,
    0xff, 0xff, 0xff, 0xff, 0x40, 0x0, 0x0, 0x0,
    0x8f, 0xff, 0xff, 0xff, 0x80, 0x0, 0x0, 0x1d,
    0xff, 0xff, 0xff, 0xff, 0xf3, 0x0, 0x0, 0x0,
    0x8f, 0xff, 0xff, 0xff, 0x80, 0x0, 0x0, 0x2,
    0xef, 0xff, 0xff, 0xff, 0xfe, 0x20, 0x0, 0x0,
    0x8f, 0xff, 0xff, 0xff, 0x80, 0x0, 0x0, 0x0,
    0x3f, 0xff, 0xff, 0xff, 0xff, 0xe1, 0x0, 0x0,
    0x8f, 0xff, 0xff, 0xff, 0x80, 0x0, 0x0, 0x0,
    0x4, 0xff, 0xff, 0xff, 0xff, 0xfd, 0x10, 0x0,
    0x8f, 0xff, 0xff, 0xff, 0x80, 0x0, 0x0, 0x0,
    0x0, 0x6f, 0xff, 0xff, 0xff, 0xff, 0xd0, 0x0,
    0x8f, 0xff, 0xff, 0xff, 0x80, 0x0, 0x0, 0x0,
    0x0, 0x8, 0xff, 0xff, 0xff, 0xff, 0xfc, 0x0,
    0x8f, 0xff, 0xff, 0xff, 0x80, 0x0, 0x0, 0x0,
    0x0, 0x0, 0x9f, 0xff, 0xff, 0xff, 0xff, 0xb0,

    /* U+006C "l" */
    0x24, 0x44, 0x44, 0x44, 0x28, 0xff, 0xff, 0xff,
    0xf8, 0x8f, 0xff, 0xff, 0xff, 0x88, 0xff, 0xff,
    0xff, 0xf8, 0x8f, 0xff, 0xff, 0xff, 0x88, 0xff,
    0xff, 0xff, 0xf8, 0x8f, 0xff, 0xff, 0xff, 0x88,
    0xff, 0xff, 0xff, 0xf8, 0x8f, 0xff, 0xff, 0xff,
    0x88, 0xff, 0xff, 0xff, 0xf8, 0x8f, 0xff, 0xff,
    0xff, 0x88, 0xff, 0xff, 0xff, 0xf8, 0x8f, 0xff,
    0xff, 0xff, 0x88, 0xff, 0xff, 0xff, 0xf8, 0x8f,
    0xff, 0xff, 0xff, 0x88, 0xff, 0xff, 0xff, 0xf8,
    0x8f, 0xff, 0xff, 0xff, 0x88, 0xff, 0xff, 0xff,
    0xf8, 0x8f, 0xff, 0xff, 0xff, 0x88, 0xff, 0xff,
    0xff, 0xf8, 0x8f, 0xff, 0xff, 0xff, 0x88, 0xff,
    0xff, 0xff, 0xf8, 0x8f, 0xff, 0xff, 0xff, 0x88,
    0xff, 0xff, 0xff, 0xf8, 0x8f, 0xff, 0xff, 0xff,
    0x88, 0xff, 0xff, 0xff, 0xf8, 0x8f, 0xff, 0xff,
    0xff, 0x88, 0xff, 0xff, 0xff, 0xf8, 0x8f, 0xff,
    0xff, 0xff, 0x88, 0xff, 0xff, 0xff, 0xf8, 0x8f,
    0xff, 0xff, 0xff, 0x88, 0xff, 0xff, 0xff, 0xf8,
    0x8f, 0xff, 0xff, 0xff, 0x88, 0xff, 0xff, 0xff,
    0xf8, 0x8f, 0xff, 0xff, 0xff, 0x88, 0xff, 0xff,
    0xff, 0xf8, 0x8f, 0xff, 0xff, 0xff, 0x88, 0xff,
    0xff, 0xff, 0xf8, 0x8f, 0xff, 0xff, 0xff, 0x88,
    0xff, 0xff, 0xff, 0xf8, 0x8f, 0xff, 0xff, 0xff,
    0x88, 0xff, 0xff, 0xff, 0xf8, 0x8f, 0xff, 0xff,
    0xff, 0x88, 0xff, 0xff, 0xff, 0xf8, 0x8f, 0xff,
    0xff, 0xff, 0x88, 0xff, 0xff, 0xff, 0xf8,

    /* U+006D "m" */
    0x1, 0x11, 0x11, 0x11, 0x0, 0x0, 0x2, 0x7a,
    0xbc, 0xb9, 0x61, 0x0, 0x0, 0x0, 0x0, 0x1,
    0x69, 0xbc, 0xca, 0x73, 0x0, 0x0, 0x0, 0x8,
    0xff, 0xff, 0xff, 0xf6, 0x0, 0x1a, 0xff, 0xff,
    0xff, 0xff, 0xf9, 0x0, 0x0, 0x0, 0x8, 0xff,
    0xff, 0xff, 0xff, 0xfd, 0x40, 0x0, 0x0, 0x8f,
    0xff, 0xff, 0xff, 0x60, 0x1d, 0xff, 0xff, 0xff,
    0xff, 0xff, 0xfc, 0x10, 0x0, 0xb, 0xff, 0xff,
    0xff, 0xff, 0xff, 0xff, 0x90, 0x0, 0x8, 0xff,
    0xff, 0xff, 0xf6, 0xd, 0xff, 0xff, 0xff, 0xff,
    0xff, 0xff, 0xfc, 0x0, 0xc, 0xff, 0xff, 0xff,
    0xff, 0xff, 0xff, 0xff, 0xa0, 0x0, 0x8f, 0xff,
    0xff, 0xff, 0xcb, 0xff, 0xff, 0xff, 0xff, 0xff,
    0xff, 0xff, 0xf8, 0x7, 0xff, 0xff, 0xff, 0xff,
    0xff, 0xff, 0xff, 0xff, 0x70, 0x8, 0xff, 0xff,
    0xff, 0xff, 0xff, 0xff, 0xff, 0xff, 0xff, 0xff,
    0xff, 0xff, 0xfd, 0xff, 0xff, 0xff, 0xff, 0xff,
    0xff, 0xff, 0xff, 0xff, 0x10, 0x8f, 0xff, 0xff,
    0xff, 0xff, 0xff, 0xff, 0xff, 0xff, 0xff, 0xff,
    0xff, 0xff, 0xff, 0xff, 0xff, 0xff, 0xff, 0xff,
    0xff, 0xff, 0xff, 0xf8, 0x8, 0xff, 0xff, 0xff,
    0xff, 0xff, 0xa4, 0x10, 0x16, 0xdf, 0xff, 0xff,
    0xff, 0xff, 0xff, 0xfa, 0x31, 0x2, 0x6d, 0xff,
    0xff, 0xff, 0xff, 0xd0, 0x8f, 0xff, 0xff, 0xff,
    0xff, 0x50, 0x0, 0x0, 0x0, 0xcf, 0xff, 0xff,
    0xff, 0xff, 0xf5, 0x0, 0x0, 0x0, 0xc, 0xff,
    0xff, 0xff, 0xff, 0x18, 0xff, 0xff, 0xff, 0xff,
    0x90, 0x0, 0x0, 0x0, 0x2, 0xff, 0xff, 0xff,
    0xff, 0xf8, 0x0, 0x0, 0x0, 0x0, 0x3f, 0xff,
    0xff, 0xff, 0xf4, 0x8f, 0xff, 0xff, 0xff, 0xf1,
    0x0, 0x0, 0x0, 0x0, 0xc, 0xff, 0xff, 0xff,
    0xff, 0x10, 0x0, 0x0, 0x0, 0x0, 0xdf, 0xff,
    0xff, 0xff, 0x58, 0xff, 0xff, 0xff, 0xfc, 0x0,
    0x0, 0x0, 0x0, 0x0, 0xaf, 0xff, 0xff, 0xff,
    0xb0, 0x0, 0x0, 0x0, 0x0, 0xa, 0xff, 0xff,
    0xff, 0xf6, 0x8f, 0xff, 0xff, 0xff, 0xa0, 0x0,
    0x0, 0x0, 0x0, 0x9, 0xff, 0xff, 0xff, 0xf9,
    0x0, 0x0, 0x0, 0x0, 0x0, 0xaf, 0xff, 0xff,
    0xff, 0x78, 0xff, 0xff, 0xff, 0xf9, 0x0, 0x0,
    0x0, 0x0, 0x0, 0x9f, 0xff, 0xff, 0xff, 0x80,
    0x0, 0x0, 0x0, 0x0, 0xa, 0xff, 0xff, 0xff,
    0xf7, 0x8f, 0xff, 0xff, 0xff, 0x80, 0x0, 0x0,
    0x0, 0x0, 0x9, 0xff, 0xff, 0xff, 0xf7, 0x0,
    0x0, 0x0, 0x0, 0x0, 0xaf, 0xff, 0xff, 0xff,
    0x78, 0xff, 0xff, 0xff, 0xf8, 0x0, 0x0, 0x0,
    0x0, 0x0, 0x9f, 0xff, 0xff, 0xff, 0x70, 0x0,
    0x0, 0x0, 0x0, 0xa, 0xff, 0xff, 0xff, 0xf7,
    0x8f, 0xff, 0xff, 0xff, 0x80, 0x0, 0x0, 0x0,
    0x0, 0x9, 0xff, 0xff, 0xff, 0xf7, 0x0, 0x0,
    0x0, 0x0, 0x0, 0xaf, 0xff, 0xff, 0xff, 0x78,
    0xff, 0xff, 0xff, 0xf8, 0x0, 0x0, 0x0, 0x0,
    0x0, 0x9f, 0xff, 0xff, 0xff, 0x70, 0x0, 0x0,
    0x0, 0x0, 0xa, 0xff, 0xff, 0xff, 0xf7, 0x8f,
    0xff, 0xff, 0xff, 0x80, 0x0, 0x0, 0x0, 0x0,
    0x9, 0xff, 0xff, 0xff, 0xf7, 0x0, 0x0, 0x0,
    0x0, 0x0, 0xaf, 0xff, 0xff, 0xff, 0x78, 0xff,
    0xff, 0xff, 0xf8, 0x0, 0x0, 0x0, 0x0, 0x0,
    0x9f, 0xff, 0xff, 0xff, 0x70, 0x0, 0x0, 0x0,
    0x0, 0xa, 0xff, 0xff, 0xff, 0xf7, 0x8f, 0xff,
    0xff, 0xff, 0x80, 0x0, 0x0, 0x0, 0x0, 0x9,
    0xff, 0xff, 0xff, 0xf7, 0x0, 0x0, 0x0, 0x0,
    0x0, 0xaf, 0xff, 0xff, 0xff, 0x78, 0xff, 0xff,
    0xff, 0xf8, 0x0, 0x0, 0x0, 0x0, 0x0, 0x9f,
    0xff, 0xff, 0xff, 0x70, 0x0, 0x0, 0x0, 0x0,
    0xa, 0xff, 0xff, 0xff, 0xf7, 0x8f, 0xff, 0xff,
    0xff, 0x80, 0x0, 0x0, 0x0, 0x0, 0x9, 0xff,
    0xff, 0xff, 0xf7, 0x0, 0x0, 0x0, 0x0, 0x0,
    0xaf, 0xff, 0xff, 0xff, 0x78, 0xff, 0xff, 0xff,
    0xf8, 0x0, 0x0, 0x0, 0x0, 0x0, 0x9f, 0xff,
    0xff, 0xff, 0x70, 0x0, 0x0, 0x0, 0x0, 0xa,
    0xff, 0xff, 0xff, 0xf7, 0x8f, 0xff, 0xff, 0xff,
    0x80, 0x0, 0x0, 0x0, 0x0, 0x9, 0xff, 0xff,
    0xff, 0xf7, 0x0, 0x0, 0x0, 0x0, 0x0, 0xaf,
    0xff, 0xff, 0xff, 0x78, 0xff, 0xff, 0xff, 0xf8,
    0x0, 0x0, 0x0, 0x0, 0x0, 0x9f, 0xff, 0xff,
    0xff, 0x70, 0x0, 0x0, 0x0, 0x0, 0xa, 0xff,
    0xff, 0xff, 0xf7, 0x8f, 0xff, 0xff, 0xff, 0x80,
    0x0, 0x0, 0x0, 0x0, 0x9, 0xff, 0xff, 0xff,
    0xf7, 0x0, 0x0, 0x0, 0x0, 0x0, 0xaf, 0xff,
    0xff, 0xff, 0x78, 0xff, 0xff, 0xff, 0xf8, 0x0,
    0x0, 0x0, 0x0, 0x0, 0x9f, 0xff, 0xff, 0xff,
    0x70, 0x0, 0x0, 0x0, 0x0, 0xa, 0xff, 0xff,
    0xff, 0xf7, 0x8f, 0xff, 0xff, 0xff, 0x80, 0x0,
    0x0, 0x0, 0x0, 0x9, 0xff, 0xff, 0xff, 0xf7,
    0x0, 0x0, 0x0, 0x0, 0x0, 0xaf, 0xff, 0xff,
    0xff, 0x78, 0xff, 0xff, 0xff, 0xf8, 0x0, 0x0,
    0x0, 0x0, 0x0, 0x9f, 0xff, 0xff, 0xff, 0x70,
    0x0, 0x0, 0x0, 0x0, 0xa, 0xff, 0xff, 0xff,
    0xf7, 0x8f, 0xff, 0xff, 0xff, 0x80, 0x0, 0x0,
    0x0, 0x0, 0x9, 0xff, 0xff, 0xff, 0xf7, 0x0,
    0x0, 0x0, 0x0, 0x0, 0xaf, 0xff, 0xff, 0xff,
    0x78, 0xff, 0xff, 0xff, 0xf8, 0x0, 0x0, 0x0,
    0x0, 0x0, 0x9f, 0xff, 0xff, 0xff, 0x70, 0x0,
    0x0, 0x0, 0x0, 0xa, 0xff, 0xff, 0xff, 0xf7,
    0x8f, 0xff, 0xff, 0xff, 0x80, 0x0, 0x0, 0x0,
    0x0, 0x9, 0xff, 0xff, 0xff, 0xf7, 0x0, 0x0,
    0x0, 0x0, 0x0, 0xaf, 0xff, 0xff, 0xff, 0x70,

    /* U+006E "n" */
    0x1, 0x11, 0x11, 0x11, 0x0, 0x0, 0x0, 0x48,
    0xbc, 0xdd, 0xc9, 0x50, 0x0, 0x0, 0x0, 0x0,
    0x8f, 0xff, 0xff, 0xff, 0x60, 0x0, 0x5d, 0xff,
    0xff, 0xff, 0xff, 0xff, 0x91, 0x0, 0x0, 0x0,
    0x8f, 0xff, 0xff, 0xff, 0x60, 0x8, 0xff, 0xff,
    0xff, 0xff, 0xff, 0xff, 0xfe, 0x40, 0x0, 0x0,
    0x8f, 0xff, 0xff, 0xff, 0x60, 0x7f, 0xff, 0xff,
    0xff, 0xff, 0xff, 0xff, 0xff, 0xf6, 0x0, 0x0,
    0x8f, 0xff, 0xff, 0xff, 0x73, 0xff, 0xff, 0xff,
    0xff, 0xff, 0xff, 0xff, 0xff, 0xff, 0x40, 0x0,
    0x8f, 0xff, 0xff, 0xff, 0xff, 0xff, 0xff, 0xff,
    0xff, 0xff, 0xff, 0xff, 0xff, 0xff, 0xe1, 0x0,
    0x8f, 0xff, 0xff, 0xff, 0xff, 0xff, 0xff, 0xff,
    0xff, 0xff, 0xff, 0xff, 0xff, 0xff, 0xf9, 0x0,
    0x8f, 0xff, 0xff, 0xff, 0xff, 0xff, 0xe7, 0x31,
    0x1, 0x49, 0xff, 0xff, 0xff, 0xff, 0xff, 0x10,
    0x8f, 0xff, 0xff, 0xff, 0xff, 0xfa, 0x0, 0x0,
    0x0, 0x0, 0x2d, 0xff, 0xff, 0xff, 0xff, 0x60,
    0x8f, 0xff, 0xff, 0xff, 0xff, 0xa0, 0x0, 0x0,
    0x0, 0x0, 0x2, 0xff, 0xff, 0xff, 0xff, 0xb0,
    0x8f, 0xff, 0xff, 0xff, 0xfe, 0x0, 0x0, 0x0,
    0x0, 0x0, 0x0, 0x9f, 0xff, 0xff, 0xff, 0xe0,
    0x8f, 0xff, 0xff, 0xff, 0xf7, 0x0, 0x0, 0x0,
    0x0, 0x0, 0x0, 0x3f, 0xff, 0xff, 0xff, 0xf1,
    0x8f, 0xff, 0xff, 0xff, 0xf1, 0x0, 0x0, 0x0,
    0x0, 0x0, 0x0, 0xf, 0xff, 0xff, 0xff, 0xf2,
    0x8f, 0xff, 0xff, 0xff, 0xd0, 0x0, 0x0, 0x0,
    0x0, 0x0, 0x0, 0xe, 0xff, 0xff, 0xff, 0xf3,
    0x8f, 0xff, 0xff, 0xff, 0xa0, 0x0, 0x0, 0x0,
    0x0, 0x0, 0x0, 0xd, 0xff, 0xff, 0xff, 0xf3,
    0x8f, 0xff, 0xff, 0xff, 0x90, 0x0, 0x0, 0x0,
    0x0, 0x0, 0x0, 0xd, 0xff, 0xff, 0xff, 0xf3,
    0x8f, 0xff, 0xff, 0xff, 0x80, 0x0, 0x0, 0x0,
    0x0, 0x0, 0x0, 0xd, 0xff, 0xff, 0xff, 0xf3,
    0x8f, 0xff, 0xff, 0xff, 0x80, 0x0, 0x0, 0x0,
    0x0, 0x0, 0x0, 0xd, 0xff, 0xff, 0xff, 0xf3,
    0x8f, 0xff, 0xff, 0xff, 0x80, 0x0, 0x0, 0x0,
    0x0, 0x0, 0x0, 0xd, 0xff, 0xff, 0xff, 0xf3,
    0x8f, 0xff, 0xff, 0xff, 0x80, 0x0, 0x0, 0x0,
    0x0, 0x0, 0x0, 0xd, 0xff, 0xff, 0xff, 0xf3,
    0x8f, 0xff, 0xff, 0xff, 0x80, 0x0, 0x0, 0x0,
    0x0, 0x0, 0x0, 0xd, 0xff, 0xff, 0xff, 0xf3,
    0x8f, 0xff, 0xff, 0xff, 0x80, 0x0, 0x0, 0x0,
    0x0, 0x0, 0x0, 0xd, 0xff, 0xff, 0xff, 0xf3,
    0x8f, 0xff, 0xff, 0xff, 0x80, 0x0, 0x0, 0x0,
    0x0, 0x0, 0x0, 0xd, 0xff, 0xff, 0xff, 0xf3,
    0x8f, 0xff, 0xff, 0xff, 0x80, 0x0, 0x0, 0x0,
    0x0, 0x0, 0x0, 0xd, 0xff, 0xff, 0xff, 0xf3,
    0x8f, 0xff, 0xff, 0xff, 0x80, 0x0, 0x0, 0x0,
    0x0, 0x0, 0x0, 0xd, 0xff, 0xff, 0xff, 0xf3,
    0x8f, 0xff, 0xff, 0xff, 0x80, 0x0, 0x0, 0x0,
    0x0, 0x0, 0x0, 0xd, 0xff, 0xff, 0xff, 0xf3,
    0x8f, 0xff, 0xff, 0xff, 0x80, 0x0, 0x0, 0x0,
    0x0, 0x0, 0x0, 0xd, 0xff, 0xff, 0xff, 0xf3,
    0x8f, 0xff, 0xff, 0xff, 0x80, 0x0, 0x0, 0x0,
    0x0, 0x0, 0x0, 0xd, 0xff, 0xff, 0xff, 0xf3,
    0x8f, 0xff, 0xff, 0xff, 0x80, 0x0, 0x0, 0x0,
    0x0, 0x0, 0x0, 0xd, 0xff, 0xff, 0xff, 0xf3,
    0x8f, 0xff, 0xff, 0xff, 0x80, 0x0, 0x0, 0x0,
    0x0, 0x0, 0x0, 0xd, 0xff, 0xff, 0xff, 0xf3,
    0x8f, 0xff, 0xff, 0xff, 0x80, 0x0, 0x0, 0x0,
    0x0, 0x0, 0x0, 0xd, 0xff, 0xff, 0xff, 0xf3,
    0x8f, 0xff, 0xff, 0xff, 0x80, 0x0, 0x0, 0x0,
    0x0, 0x0, 0x0, 0xd, 0xff, 0xff, 0xff, 0xf3,
    0x8f, 0xff, 0xff, 0xff, 0x80, 0x0, 0x0, 0x0,
    0x0, 0x0, 0x0, 0xd, 0xff, 0xff, 0xff, 0xf3,

    /* U+006F "o" */
    0x0, 0x0, 0x0, 0x0, 0x0, 0x0, 0x59, 0xbe,
    0xff, 0xfe, 0xc9, 0x61, 0x0, 0x0, 0x0, 0x0,
    0x0, 0x0, 0x0, 0x0, 0x0, 0x0, 0x3a, 0xff,
    0xff, 0xff, 0xff, 0xff, 0xff, 0xfb, 0x40, 0x0,
    0x0, 0x0, 0x0, 0x0, 0x0, 0x0, 0x2, 0xbf,
    0xff, 0xff, 0xff, 0xff, 0xff, 0xff, 0xff, 0xff,
    0xc3, 0x0, 0x0, 0x0, 0x0, 0x0, 0x0, 0x5,
    0xff, 0xff, 0xff, 0xff, 0xff, 0xff, 0xff, 0xff,
    0xff, 0xff, 0xf7, 0x0, 0x0, 0x0, 0x0, 0x0,
    0x7, 0xff, 0xff, 0xff, 0xff, 0xff, 0xff, 0xff,
    0xff, 0xff, 0xff, 0xff, 0xf9, 0x0, 0x0, 0x0,
    0x0, 0x5, 0xff, 0xff, 0xff, 0xff, 0xff, 0xff,
    0xff, 0xff, 0xff, 0xff, 0xff, 0xff, 0xf8, 0x0,
    0x0, 0x0, 0x2, 0xff, 0xff, 0xff, 0xff, 0xff,
    0xff, 0xff, 0xff, 0xff, 0xff, 0xff, 0xff, 0xff,
    0xf4, 0x0, 0x0, 0x0, 0xcf, 0xff, 0xff, 0xff,
    0xff, 0xfc, 0x75, 0x45, 0x7b, 0xff, 0xff, 0xff,
    0xff, 0xff, 0xe0, 0x0, 0x0, 0x5f, 0xff, 0xff,
    0xff, 0xff, 0xc3, 0x0, 0x0, 0x0, 0x2, 0xaf,
    0xff, 0xff, 0xff, 0xff, 0x70, 0x0, 0xc, 0xff,
    0xff, 0xff, 0xff, 0xa0, 0x0, 0x0, 0x0, 0x0,
    0x0, 0x7f, 0xff, 0xff, 0xff, 0xfe, 0x0, 0x2,
    0xff, 0xff, 0xff, 0xff, 0xc0, 0x0, 0x0, 0x0,
    0x0, 0x0, 0x0, 0x9f, 0xff, 0xff, 0xff, 0xf4,
    0x0, 0x7f, 0xff, 0xff, 0xff, 0xf2, 0x0, 0x0,
    0x0, 0x0, 0x0, 0x0, 0x0, 0xef, 0xff, 0xff,
    0xff, 0x90, 0xa, 0xff, 0xff, 0xff, 0xfb, 0x0,
    0x0, 0x0, 0x0, 0x0, 0x0, 0x0, 0x8, 0xff,
    0xff, 0xff, 0xfd, 0x0, 0xdf, 0xff, 0xff, 0xff,
    0x60, 0x0, 0x0, 0x0, 0x0, 0x0, 0x0, 0x0,
    0x3f, 0xff, 0xff, 0xff, 0xf0, 0xf, 0xff, 0xff,
    0xff, 0xf3, 0x0, 0x0, 0x0, 0x0, 0x0, 0x0,
    0x0, 0x0, 0xff, 0xff, 0xff, 0xff, 0x10, 0xff,
    0xff, 0xff, 0xff, 0x10, 0x0, 0x0, 0x0, 0x0,
    0x0, 0x0, 0x0, 0xe, 0xff, 0xff, 0xff, 0xf2,
    0xf, 0xff, 0xff, 0xff, 0xf0, 0x0, 0x0, 0x0,
    0x0, 0x0, 0x0, 0x0, 0x0, 0xdf, 0xff, 0xff,
    0xff, 0x30, 0xff, 0xff, 0xff, 0xff, 0x0, 0x0,
    0x0, 0x0, 0x0, 0x0, 0x0, 0x0, 0xd, 0xff,
    0xff, 0xff, 0xf3, 0xf, 0xff, 0xff, 0xff, 0xf1,
    0x0, 0x0, 0x0, 0x0, 0x0, 0x0, 0x0, 0x0,
    0xef, 0xff, 0xff, 0xff, 0x20, 0xff, 0xff, 0xff,
    0xff, 0x30, 0x0, 0x0, 0x0, 0x0, 0x0, 0x0,
    0x0, 0xf, 0xff, 0xff, 0xff, 0xf1, 0xd, 0xff,
    0xff, 0xff, 0xf6, 0x0, 0x0, 0x0, 0x0, 0x0,
    0x0, 0x0, 0x3, 0xff, 0xff, 0xff, 0xff, 0x0,
    0xaf, 0xff, 0xff, 0xff, 0xb0, 0x0, 0x0, 0x0,
    0x0, 0x0, 0x0, 0x0, 0x8f, 0xff, 0xff, 0xff,
    0xd0, 0x7, 0xff, 0xff, 0xff, 0xff, 0x20, 0x0,
    0x0, 0x0, 0x0, 0x0, 0x0, 0xe, 0xff, 0xff,
    0xff, 0xf9, 0x0, 0x2f, 0xff, 0xff, 0xff, 0xfc,
    0x0, 0x0, 0x0, 0x0, 0x0, 0x0, 0xa, 0xff,
    0xff, 0xff, 0xff, 0x40, 0x0, 0xcf, 0xff, 0xff,
    0xff, 0xfa, 0x0, 0x0, 0x0, 0x0, 0x0, 0x8,
    0xff, 0xff, 0xff, 0xff, 0xe0, 0x0, 0x5, 0xff,
    0xff, 0xff, 0xff, 0xfc, 0x30, 0x0, 0x0, 0x0,
    0x2b, 0xff, 0xff, 0xff, 0xff, 0xf7, 0x0, 0x0,
    0xc, 0xff, 0xff, 0xff, 0xff, 0xff, 0xc7, 0x54,
    0x57, 0xbf, 0xff, 0xff, 0xff, 0xff, 0xfe, 0x0,
    0x0, 0x0, 0x2f, 0xff, 0xff, 0xff, 0xff, 0xff,
    0xff, 0xff, 0xff, 0xff, 0xff, 0xff, 0xff, 0xff,
    0x40, 0x0, 0x0, 0x0, 0x6f, 0xff, 0xff, 0xff,
    0xff, 0xff, 0xff, 0xff, 0xff, 0xff, 0xff, 0xff,
    0xff, 0x80, 0x0, 0x0, 0x0, 0x0, 0x7f, 0xff,
    0xff, 0xff, 0xff, 0xff, 0xff, 0xff, 0xff, 0xff,
    0xff, 0xff, 0x90, 0x0, 0x0, 0x0, 0x0, 0x0,
    0x5f, 0xff, 0xff, 0xff, 0xff, 0xff, 0xff, 0xff,
    0xff, 0xff, 0xff, 0x70, 0x0, 0x0, 0x0, 0x0,
    0x0, 0x0, 0x2b, 0xff, 0xff, 0xff, 0xff, 0xff,
    0xff, 0xff, 0xff, 0xfc, 0x30, 0x0, 0x0, 0x0,
    0x0, 0x0, 0x0, 0x0, 0x4, 0xbf, 0xff, 0xff,
    0xff, 0xff, 0xff, 0xff, 0xc5, 0x0, 0x0, 0x0,
    0x0, 0x0, 0x0, 0x0, 0x0, 0x0, 0x0, 0x15,
    0x9c, 0xef, 0xff, 0xec, 0x96, 0x10, 0x0, 0x0,
    0x0, 0x0, 0x0,

    /* U+0070 "p" */
    0x0, 0x0, 0x0, 0x0, 0x0, 0x0, 0x0, 0x38,
    0xbe, 0xff, 0xfd, 0xa6, 0x10, 0x0, 0x0, 0x0,
    0x0, 0x8f, 0xff, 0xff, 0xff, 0x60, 0x0, 0x2c,
    0xff, 0xff, 0xff, 0xff, 0xff, 0xfa, 0x20, 0x0,
    0x0, 0x0, 0x8f, 0xff, 0xff, 0xff, 0x60, 0x5,
    0xff, 0xff, 0xff, 0xff, 0xff, 0xff, 0xff, 0xf7,
    0x0, 0x0, 0x0, 0x8f, 0xff, 0xff, 0xff, 0x60,
    0x5f, 0xff, 0xff, 0xff, 0xff, 0xff, 0xff, 0xff,
    0xff, 0xb0, 0x0, 0x0, 0x8f, 0xff, 0xff, 0xff,
    0x62, 0xff, 0xff, 0xff, 0xff, 0xff, 0xff, 0xff,
    0xff, 0xff, 0xfb, 0x0, 0x0, 0x8f, 0xff, 0xff,
    0xff, 0xff, 0xff, 0xff, 0xff, 0xff, 0xff, 0xff,
    0xff, 0xff, 0xff, 0xff, 0x90, 0x0, 0x8f, 0xff,
    0xff, 0xff, 0xff, 0xff, 0xff, 0xff, 0xff, 0xff,
    0xff, 0xff, 0xff, 0xff, 0xff, 0xf4, 0x0, 0x8f,
    0xff, 0xff, 0xff, 0xff, 0xff, 0xfd, 0x84, 0x22,
    0x37, 0xcf, 0xff, 0xff, 0xff, 0xff, 0xfd, 0x0,
    0x8f, 0xff, 0xff, 0xff, 0xff, 0xfe, 0x50, 0x0,
    0x0, 0x0, 0x3, 0xdf, 0xff, 0xff, 0xff, 0xff,
    0x50, 0x8f, 0xff, 0xff, 0xff, 0xff, 0xe2, 0x0,
    0x0, 0x0, 0x0, 0x0, 0xb, 0xff, 0xff, 0xff,
    0xff, 0xc0, 0x8f, 0xff, 0xff, 0xff, 0xff, 0x30,
    0x0, 0x0, 0x0, 0x0, 0x0, 0x1, 0xdf, 0xff,
    0xff, 0xff, 0xf1, 0x8f, 0xff, 0xff, 0xff, 0xf8,
    0x0, 0x0, 0x0, 0x0, 0x0, 0x0, 0x0, 0x4f,
    0xff, 0xff, 0xff, 0xf5, 0x8f, 0xff, 0xff, 0xff,
    0xf1, 0x0, 0x0, 0x0, 0x0, 0x0, 0x0, 0x0,
    0xd, 0xff, 0xff, 0xff, 0xf8, 0x8f, 0xff, 0xff,
    0xff, 0xc0, 0x0, 0x0, 0x0, 0x0, 0x0, 0x0,
    0x0, 0x9, 0xff, 0xff, 0xff, 0xfb, 0x8f, 0xff,
    0xff, 0xff, 0x90, 0x0, 0x0, 0x0, 0x0, 0x0,
    0x0, 0x0, 0x5, 0xff, 0xff, 0xff, 0xfc, 0x8f,
    0xff, 0xff, 0xff, 0x80, 0x0, 0x0, 0x0, 0x0,
    0x0, 0x0, 0x0, 0x4, 0xff, 0xff, 0xff, 0xfd,
    0x8f, 0xff, 0xff, 0xff, 0x60, 0x0, 0x0, 0x0,
    0x0, 0x0, 0x0, 0x0, 0x3, 0xff, 0xff, 0xff,
    0xfe, 0x8f, 0xff, 0xff, 0xff, 0x60, 0x0, 0x0,
    0x0, 0x0, 0x0, 0x0, 0x0, 0x3, 0xff, 0xff,
    0xff, 0xfe, 0x8f, 0xff, 0xff, 0xff, 0x80, 0x0,
    0x0, 0x0, 0x0, 0x0, 0x0, 0x0, 0x4, 0xff,
    0xff, 0xff, 0xfd, 0x8f, 0xff, 0xff, 0xff, 0x90,
    0x0, 0x0, 0x0, 0x0, 0x0, 0x0, 0x0, 0x5,
    0xff, 0xff, 0xff, 0xfc, 0x8f, 0xff, 0xff, 0xff,
    0xc0, 0x0, 0x0, 0x0, 0x0, 0x0, 0x0, 0x0,
    0x9, 0xff, 0xff, 0xff, 0xfb, 0x8f, 0xff, 0xff,
    0xff, 0xf1, 0x0, 0x0, 0x0, 0x0, 0x0, 0x0,
    0x0, 0xd, 0xff, 0xff, 0xff, 0xf8, 0x8f, 0xff,
    0xff, 0xff, 0xf8, 0x0, 0x0, 0x0, 0x0, 0x0,
    0x0, 0x0, 0x4f, 0xff, 0xff, 0xff, 0xf5, 0x8f,
    0xff, 0xff, 0xff, 0xff, 0x20, 0x0, 0x0, 0x0,
    0x0, 0x0, 0x0, 0xdf, 0xff, 0xff, 0xff, 0xf1,
    0x8f, 0xff, 0xff, 0xff, 0xff, 0xd2, 0x0, 0x0,
    0x0, 0x0, 0x0, 0xb, 0xff, 0xff, 0xff, 0xff,
    0xc0, 0x8f, 0xff, 0xff, 0xff, 0xff, 0xfe, 0x50,
    0x0, 0x0, 0x0, 0x3, 0xdf, 0xff, 0xff, 0xff,
    0xff, 0x50, 0x8f, 0xff, 0xff, 0xff, 0xff, 0xff,
    0xfd, 0x84, 0x22, 0x36, 0xbf, 0xff, 0xff, 0xff,
    0xff, 0xfd, 0x0, 0x8f, 0xff, 0xff, 0xff, 0xff,
    0xff, 0xff, 0xff, 0xff, 0xff, 0xff, 0xff, 0xff,
    0xff, 0xff, 0xf4, 0x0, 0x8f, 0xff, 0xff, 0xff,
    0xff, 0xff, 0xff, 0xff, 0xff, 0xff, 0xff, 0xff,
    0xff, 0xff, 0xff, 0x90, 0x0, 0x8f, 0xff, 0xff,
    0xff, 0xc9, 0xff, 0xff, 0xff, 0xff, 0xff, 0xff,
    0xff, 0xff, 0xff, 0xfc, 0x0, 0x0, 0x8f, 0xff,
    0xff, 0xff, 0x80, 0x8f, 0xff, 0xff, 0xff, 0xff,
    0xff, 0xff, 0xff, 0xff, 0xb0, 0x0, 0x0, 0x8f,
    0xff, 0xff, 0xff, 0x80, 0x8, 0xff, 0xff, 0xff,
    0xff, 0xff, 0xff, 0xff, 0xf8, 0x0, 0x0, 0x0,
    0x8f, 0xff, 0xff, 0xff, 0x80, 0x0, 0x4d, 0xff,
    0xff, 0xff, 0xff, 0xff, 0xfa, 0x20, 0x0, 0x0,
    0x0, 0x8f, 0xff, 0xff, 0xff, 0x80, 0x0, 0x0,
    0x38, 0xbe, 0xff, 0xfd, 0xa6, 0x10, 0x0, 0x0,
    0x0, 0x0, 0x8f, 0xff, 0xff, 0xff, 0x80, 0x0,
    0x0, 0x0, 0x0, 0x0, 0x0, 0x0, 0x0, 0x0,
    0x0, 0x0, 0x0, 0x8f, 0xff, 0xff, 0xff, 0x80,
    0x0, 0x0, 0x0, 0x0, 0x0, 0x0, 0x0, 0x0,
    0x0, 0x0, 0x0, 0x0, 0x8f, 0xff, 0xff, 0xff,
    0x80, 0x0, 0x0, 0x0, 0x0, 0x0, 0x0, 0x0,
    0x0, 0x0, 0x0, 0x0, 0x0, 0x8f, 0xff, 0xff,
    0xff, 0x80, 0x0, 0x0, 0x0, 0x0, 0x0, 0x0,
    0x0, 0x0, 0x0, 0x0, 0x0, 0x0, 0x8f, 0xff,
    0xff, 0xff, 0x80, 0x0, 0x0, 0x0, 0x0, 0x0,
    0x0, 0x0, 0x0, 0x0, 0x0, 0x0, 0x0, 0x8f,
    0xff, 0xff, 0xff, 0x80, 0x0, 0x0, 0x0, 0x0,
    0x0, 0x0, 0x0, 0x0, 0x0, 0x0, 0x0, 0x0,
    0x8f, 0xff, 0xff, 0xff, 0x80, 0x0, 0x0, 0x0,
    0x0, 0x0, 0x0, 0x0, 0x0, 0x0, 0x0, 0x0,
    0x0, 0x8f, 0xff, 0xff, 0xff, 0x80, 0x0, 0x0,
    0x0, 0x0, 0x0, 0x0, 0x0, 0x0, 0x0, 0x0,
    0x0, 0x0, 0x8f, 0xff, 0xff, 0xff, 0x80, 0x0,
    0x0, 0x0, 0x0, 0x0, 0x0, 0x0, 0x0, 0x0,
    0x0, 0x0, 0x0, 0x8f, 0xff, 0xff, 0xff, 0x80,
    0x0, 0x0, 0x0, 0x0, 0x0, 0x0, 0x0, 0x0,
    0x0, 0x0, 0x0, 0x0, 0x8f, 0xff, 0xff, 0xff,
    0x80, 0x0, 0x0, 0x0, 0x0, 0x0, 0x0, 0x0,
    0x0, 0x0, 0x0, 0x0, 0x0, 0x8f, 0xff, 0xff,
    0xff, 0x80, 0x0, 0x0, 0x0, 0x0, 0x0, 0x0,
    0x0, 0x0, 0x0, 0x0, 0x0, 0x0,

    /* U+0071 "q" */
    0x0, 0x0, 0x0, 0x0, 0x0, 0x27, 0xbd, 0xff,
    0xfd, 0xb7, 0x20, 0x0, 0x0, 0x0, 0x0, 0x0,
    0x0, 0x0, 0x0, 0x0, 0x0, 0x3, 0xbf, 0xff,
    0xff, 0xff, 0xff, 0xff, 0xa1, 0x0, 0x9, 0xff,
    0xff, 0xff, 0xf5, 0x0, 0x0, 0x0, 0x9, 0xff,
    0xff, 0xff, 0xff, 0xff, 0xff, 0xff, 0xe3, 0x0,
    0x9f, 0xff, 0xff, 0xff, 0x50, 0x0, 0x0, 0x1d,
    0xff, 0xff, 0xff, 0xff, 0xff, 0xff, 0xff, 0xff,
    0xf3, 0x9, 0xff, 0xff, 0xff, 0xf5, 0x0, 0x0,
    0x1d, 0xff, 0xff, 0xff, 0xff, 0xff, 0xff, 0xff,
    0xff, 0xff, 0xe0, 0x9f, 0xff, 0xff, 0xff, 0x50,
    0x0, 0xb, 0xff, 0xff, 0xff, 0xff, 0xff, 0xff,
    0xff, 0xff, 0xff, 0xff, 0xff, 0xff, 0xff, 0xff,
    0xf5, 0x0, 0x7, 0xff, 0xff, 0xff, 0xff, 0xff,
    0xff, 0xff, 0xff, 0xff, 0xff, 0xff, 0xff, 0xff,
    0xff, 0xff, 0x50, 0x1, 0xff, 0xff, 0xff, 0xff,
    0xff, 0xfb, 0x63, 0x23, 0x49, 0xef, 0xff, 0xff,
    0xff, 0xff, 0xff, 0xf5, 0x0, 0x8f, 0xff, 0xff,
    0xff, 0xff, 0xb2, 0x0, 0x0, 0x0, 0x0, 0x7f,
    0xff, 0xff, 0xff, 0xff, 0xff, 0x50, 0xe, 0xff,
    0xff, 0xff, 0xff, 0x90, 0x0, 0x0, 0x0, 0x0,
    0x0, 0x3f, 0xff, 0xff, 0xff, 0xff, 0xf5, 0x3,
    0xff, 0xff, 0xff, 0xff, 0xb0, 0x0, 0x0, 0x0,
    0x0, 0x0, 0x0, 0x5f, 0xff, 0xff, 0xff, 0xff,
    0x50, 0x8f, 0xff, 0xff, 0xff, 0xf2, 0x0, 0x0,
    0x0, 0x0, 0x0, 0x0, 0x0, 0xbf, 0xff, 0xff,
    0xff, 0xf5, 0xb, 0xff, 0xff, 0xff, 0xfa, 0x0,
    0x0, 0x0, 0x0, 0x0, 0x0, 0x0, 0x4, 0xff,
    0xff, 0xff, 0xff, 0x50, 0xdf, 0xff, 0xff, 0xff,
    0x60, 0x0, 0x0, 0x0, 0x0, 0x0, 0x0, 0x0,
    0xf, 0xff, 0xff, 0xff, 0xf5, 0xf, 0xff, 0xff,
    0xff, 0xf2, 0x0, 0x0, 0x0, 0x0, 0x0, 0x0,
    0x0, 0x0, 0xcf, 0xff, 0xff, 0xff, 0x50, 0xff,
    0xff, 0xff, 0xff, 0x10, 0x0, 0x0, 0x0, 0x0,
    0x0, 0x0, 0x0, 0xa, 0xff, 0xff, 0xff, 0xf5,
    0xf, 0xff, 0xff, 0xff, 0xf0, 0x0, 0x0, 0x0,
    0x0, 0x0, 0x0, 0x0, 0x0, 0x9f, 0xff, 0xff,
    0xff, 0x50, 0xff, 0xff, 0xff, 0xff, 0x0, 0x0,
    0x0, 0x0, 0x0, 0x0, 0x0, 0x0, 0x9, 0xff,
    0xff, 0xff, 0xf5, 0xf, 0xff, 0xff, 0xff, 0xf1,
    0x0, 0x0, 0x0, 0x0, 0x0, 0x0, 0x0, 0x0,
    0xaf, 0xff, 0xff, 0xff, 0x50, 0xff, 0xff, 0xff,
    0xff, 0x20, 0x0, 0x0, 0x0, 0x0, 0x0, 0x0,
    0x0, 0xc, 0xff, 0xff, 0xff, 0xf5, 0xd, 0xff,
    0xff, 0xff, 0xf6, 0x0, 0x0, 0x0, 0x0, 0x0,
    0x0, 0x0, 0x0, 0xff, 0xff, 0xff, 0xff, 0x50,
    0xbf, 0xff, 0xff, 0xff, 0xa0, 0x0, 0x0, 0x0,
    0x0, 0x0, 0x0, 0x0, 0x3f, 0xff, 0xff, 0xff,
    0xf5, 0x8, 0xff, 0xff, 0xff, 0xff, 0x20, 0x0,
    0x0, 0x0, 0x0, 0x0, 0x0, 0xb, 0xff, 0xff,
    0xff, 0xff, 0x50, 0x4f, 0xff, 0xff, 0xff, 0xfb,
    0x0, 0x0, 0x0, 0x0, 0x0, 0x0, 0x4, 0xff,
    0xff, 0xff, 0xff, 0xf5, 0x0, 0xef, 0xff, 0xff,
    0xff, 0xf9, 0x0, 0x0, 0x0, 0x0, 0x0, 0x3,
    0xff, 0xff, 0xff, 0xff, 0xff, 0x50, 0x8, 0xff,
    0xff, 0xff, 0xff, 0xfb, 0x20, 0x0, 0x0, 0x0,
    0x6, 0xff, 0xff, 0xff, 0xff, 0xff, 0xf5, 0x0,
    0x1f, 0xff, 0xff, 0xff, 0xff, 0xff, 0xa6, 0x32,
    0x34, 0x8e, 0xff, 0xff, 0xff, 0xff, 0xff, 0xff,
    0x50, 0x0, 0x7f, 0xff, 0xff, 0xff, 0xff, 0xff,
    0xff, 0xff, 0xff, 0xff, 0xff, 0xff, 0xff, 0xff,
    0xff, 0xf5, 0x0, 0x0, 0xcf, 0xff, 0xff, 0xff,
    0xff, 0xff, 0xff, 0xff, 0xff, 0xff, 0xff, 0xff,
    0xff, 0xff, 0xff, 0x50, 0x0, 0x1, 0xdf, 0xff,
    0xff, 0xff, 0xff, 0xff, 0xff, 0xff, 0xff, 0xff,
    0x8d, 0xff, 0xff, 0xff, 0xf5, 0x0, 0x0, 0x1,
    0xdf, 0xff, 0xff, 0xff, 0xff, 0xff, 0xff, 0xff,
    0xff, 0x60, 0xbf, 0xff, 0xff, 0xff, 0x50, 0x0,
    0x0, 0x0, 0xaf, 0xff, 0xff, 0xff, 0xff, 0xff,
    0xff, 0xff, 0x60, 0xb, 0xff, 0xff, 0xff, 0xf5,
    0x0, 0x0, 0x0, 0x0, 0x4c, 0xff, 0xff, 0xff,
    0xff, 0xff, 0xfb, 0x20, 0x0, 0xbf, 0xff, 0xff,
    0xff, 0x50, 0x0, 0x0, 0x0, 0x0, 0x2, 0x7b,
    0xef, 0xfe, 0xdb, 0x72, 0x0, 0x0, 0xb, 0xff,
    0xff, 0xff, 0xf5, 0x0, 0x0, 0x0, 0x0, 0x0,
    0x0, 0x0, 0x0, 0x0, 0x0, 0x0, 0x0, 0x0,
    0xbf, 0xff, 0xff, 0xff, 0x50, 0x0, 0x0, 0x0,
    0x0, 0x0, 0x0, 0x0, 0x0, 0x0, 0x0, 0x0,
    0x0, 0xb, 0xff, 0xff, 0xff, 0xf5, 0x0, 0x0,
    0x0, 0x0, 0x0, 0x0, 0x0, 0x0, 0x0, 0x0,
    0x0, 0x0, 0x0, 0xbf, 0xff, 0xff, 0xff, 0x50,
    0x0, 0x0, 0x0, 0x0, 0x0, 0x0, 0x0, 0x0,
    0x0, 0x0, 0x0, 0x0, 0xb, 0xff, 0xff, 0xff,
    0xf5, 0x0, 0x0, 0x0, 0x0, 0x0, 0x0, 0x0,
    0x0, 0x0, 0x0, 0x0, 0x0, 0x0, 0xbf, 0xff,
    0xff, 0xff, 0x50, 0x0, 0x0, 0x0, 0x0, 0x0,
    0x0, 0x0, 0x0, 0x0, 0x0, 0x0, 0x0, 0xb,
    0xff, 0xff, 0xff, 0xf5, 0x0, 0x0, 0x0, 0x0,
    0x0, 0x0, 0x0, 0x0, 0x0, 0x0, 0x0, 0x0,
    0x0, 0xbf, 0xff, 0xff, 0xff, 0x50, 0x0, 0x0,
    0x0, 0x0, 0x0, 0x0, 0x0, 0x0, 0x0, 0x0,
    0x0, 0x0, 0xb, 0xff, 0xff, 0xff, 0xf5, 0x0,
    0x0, 0x0, 0x0, 0x0, 0x0, 0x0, 0x0, 0x0,
    0x0, 0x0, 0x0, 0x0, 0xbf, 0xff, 0xff, 0xff,
    0x50, 0x0, 0x0, 0x0, 0x0, 0x0, 0x0, 0x0,
    0x0, 0x0, 0x0, 0x0, 0x0, 0xb, 0xff, 0xff,
    0xff, 0xf5, 0x0, 0x0, 0x0, 0x0, 0x0, 0x0,
    0x0, 0x0, 0x0, 0x0, 0x0, 0x0, 0x0, 0xbf,
    0xff, 0xff, 0xff, 0x50, 0x0, 0x0, 0x0, 0x0,
    0x0, 0x0, 0x0, 0x0, 0x0, 0x0, 0x0, 0x0,
    0xb, 0xff, 0xff, 0xff, 0xf5,

    /* U+0072 "r" */
    0x12, 0x22, 0x22, 0x22, 0x0, 0x0, 0x0, 0x1,
    0x22, 0x21, 0x8f, 0xff, 0xff, 0xff, 0x60, 0x1,
    0x7d, 0xff, 0xff, 0xf8, 0x8f, 0xff, 0xff, 0xff,
    0x60, 0x2d, 0xff, 0xff, 0xff, 0xf8, 0x8f, 0xff,
    0xff, 0xff, 0x60, 0xdf, 0xff, 0xff, 0xff, 0xf8,
    0x8f, 0xff, 0xff, 0xff, 0xba, 0xff, 0xff, 0xff,
    0xff, 0xf8, 0x8f, 0xff, 0xff, 0xff, 0xff, 0xff,
    0xff, 0xff, 0xff, 0xf8, 0x8f, 0xff, 0xff, 0xff,
    0xff, 0xff, 0xff, 0xff, 0xff, 0xf8, 0x8f, 0xff,
    0xff, 0xff, 0xff, 0xff, 0xff, 0xff, 0xff, 0xf8,
    0x8f, 0xff, 0xff, 0xff, 0xff, 0xfe, 0x84, 0x10,
    0x0, 0x0, 0x8f, 0xff, 0xff, 0xff, 0xff, 0xb1,
    0x0, 0x0, 0x0, 0x0, 0x8f, 0xff, 0xff, 0xff,
    0xfc, 0x0, 0x0, 0x0, 0x0, 0x0, 0x8f, 0xff,
    0xff, 0xff, 0xf2, 0x0, 0x0, 0x0, 0x0, 0x0,
    0x8f, 0xff, 0xff, 0xff, 0xd0, 0x0, 0x0, 0x0,
    0x0, 0x0, 0x8f, 0xff, 0xff, 0xff, 0xa0, 0x0,
    0x0, 0x0, 0x0, 0x0, 0x8f, 0xff, 0xff, 0xff,
    0x90, 0x0, 0x0, 0x0, 0x0, 0x0, 0x8f, 0xff,
    0xff, 0xff, 0x80, 0x0, 0x0, 0x0, 0x0, 0x0,
    0x8f, 0xff, 0xff, 0xff, 0x80, 0x0, 0x0, 0x0,
    0x0, 0x0, 0x8f, 0xff, 0xff, 0xff, 0x80, 0x0,
    0x0, 0x0, 0x0, 0x0, 0x8f, 0xff, 0xff, 0xff,
    0x80, 0x0, 0x0, 0x0, 0x0, 0x0, 0x8f, 0xff,
    0xff, 0xff, 0x80, 0x0, 0x0, 0x0, 0x0, 0x0,
    0x8f, 0xff, 0xff, 0xff, 0x80, 0x0, 0x0, 0x0,
    0x0, 0x0, 0x8f, 0xff, 0xff, 0xff, 0x80, 0x0,
    0x0, 0x0, 0x0, 0x0, 0x8f, 0xff, 0xff, 0xff,
    0x80, 0x0, 0x0, 0x0, 0x0, 0x0, 0x8f, 0xff,
    0xff, 0xff, 0x80, 0x0, 0x0, 0x0, 0x0, 0x0,
    0x8f, 0xff, 0xff, 0xff, 0x80, 0x0, 0x0, 0x0,
    0x0, 0x0, 0x8f, 0xff, 0xff, 0xff, 0x80, 0x0,
    0x0, 0x0, 0x0, 0x0, 0x8f, 0xff, 0xff, 0xff,
    0x80, 0x0, 0x0, 0x0, 0x0, 0x0, 0x8f, 0xff,
    0xff, 0xff, 0x80, 0x0, 0x0, 0x0, 0x0, 0x0,
    0x8f, 0xff, 0xff, 0xff, 0x80, 0x0, 0x0, 0x0,
    0x0, 0x0, 0x8f, 0xff, 0xff, 0xff, 0x80, 0x0,
    0x0, 0x0, 0x0, 0x0, 0x8f, 0xff, 0xff, 0xff,
    0x80, 0x0, 0x0, 0x0, 0x0, 0x0, 0x8f, 0xff,
    0xff, 0xff, 0x80, 0x0, 0x0, 0x0, 0x0, 0x0,
    0x8f, 0xff, 0xff, 0xff, 0x80, 0x0, 0x0, 0x0,
    0x0, 0x0,

    /* U+0073 "s" */
    0x0, 0x0, 0x0, 0x0, 0x16, 0x9c, 0xef, 0xfe,
    0xdb, 0x84, 0x0, 0x0, 0x0, 0x0, 0x0, 0x0,
    0x0, 0x2, 0xaf, 0xff, 0xff, 0xff, 0xff, 0xff,
    0xfe, 0x81, 0x0, 0x0, 0x0, 0x0, 0x0, 0x8,
    0xff, 0xff, 0xff, 0xff, 0xff, 0xff, 0xff, 0xff,
    0xe6, 0x0, 0x0, 0x0, 0x0, 0xa, 0xff, 0xff,
    0xff, 0xff, 0xff, 0xff, 0xff, 0xff, 0xff, 0xf9,
    0x0, 0x0, 0x0, 0x8, 0xff, 0xff, 0xff, 0xff,
    0xff, 0xff, 0xff, 0xff, 0xff, 0xff, 0xf8, 0x0,
    0x0, 0x2, 0xff, 0xff, 0xff, 0xff, 0xff, 0xff,
    0xff, 0xff, 0xff, 0xff, 0xff, 0xf5, 0x0, 0x0,
    0x8f, 0xff, 0xff, 0xff, 0xfe, 0xa8, 0x78, 0xcf,
    0xff, 0xff, 0xff, 0xff, 0xe0, 0x0, 0xd, 0xff,
    0xff, 0xff, 0xf9, 0x0, 0x0, 0x0, 0x2b, 0xff,
    0xff, 0xff, 0xff, 0x60, 0x0, 0xff, 0xff, 0xff,
    0xfd, 0x0, 0x0, 0x0, 0x0, 0xb, 0xff, 0xff,
    0xff, 0xf9, 0x0, 0x1f, 0xff, 0xff, 0xff, 0xa0,
    0x0, 0x0, 0x0, 0x0, 0x2f, 0xff, 0xfb, 0x61,
    0x0, 0x1, 0xff, 0xff, 0xff, 0xfd, 0x0, 0x0,
    0x0, 0x0, 0x0, 0xba, 0x50, 0x0, 0x0, 0x0,
    0xf, 0xff, 0xff, 0xff, 0xf8, 0x0, 0x0, 0x0,
    0x0, 0x0, 0x0, 0x0, 0x0, 0x0, 0x0, 0xdf,
    0xff, 0xff, 0xff, 0xfe, 0x84, 0x0, 0x0, 0x0,
    0x0, 0x0, 0x0, 0x0, 0x0, 0x7, 0xff, 0xff,
    0xff, 0xff, 0xff, 0xff, 0xda, 0x63, 0x0, 0x0,
    0x0, 0x0, 0x0, 0x0, 0xe, 0xff, 0xff, 0xff,
    0xff, 0xff, 0xff, 0xff, 0xff, 0xa5, 0x0, 0x0,
    0x0, 0x0, 0x0, 0x3f, 0xff, 0xff, 0xff, 0xff,
    0xff, 0xff, 0xff, 0xff, 0xff, 0xa2, 0x0, 0x0,
    0x0, 0x0, 0x3e, 0xff, 0xff, 0xff, 0xff, 0xff,
    0xff, 0xff, 0xff, 0xff, 0xf8, 0x0, 0x0, 0x0,
    0x0, 0x9, 0xff, 0xff, 0xff, 0xff, 0xff, 0xff,
    0xff, 0xff, 0xff, 0xfa, 0x0, 0x0, 0x0, 0x0,
    0x1, 0x7d, 0xff, 0xff, 0xff, 0xff, 0xff, 0xff,
    0xff, 0xff, 0xf9, 0x0, 0x0, 0x0, 0x0, 0x0,
    0x2, 0x7b, 0xef, 0xff, 0xff, 0xff, 0xff, 0xff,
    0xff, 0xf2, 0x0, 0x0, 0x0, 0x0, 0x0, 0x0,
    0x0, 0x25, 0x8c, 0xff, 0xff, 0xff, 0xff, 0xff,
    0x80, 0x0, 0x0, 0x0, 0x41, 0x0, 0x0, 0x0,
    0x0, 0x1, 0x8f, 0xff, 0xff, 0xff, 0xfc, 0x0,
    0x3, 0x8c, 0xff, 0x60, 0x0, 0x0, 0x0, 0x0,
    0x0, 0x5f, 0xff, 0xff, 0xff, 0xe2, 0xbf, 0xff,
    0xff, 0xfb, 0x0, 0x0, 0x0, 0x0, 0x0, 0x0,
    0xef, 0xff, 0xff, 0xff, 0x1f, 0xff, 0xff, 0xff,
    0xf3, 0x0, 0x0, 0x0, 0x0, 0x0, 0xe, 0xff,
    0xff, 0xff, 0xd0, 0xcf, 0xff, 0xff, 0xff, 0xd2,
    0x0, 0x0, 0x0, 0x0, 0x4, 0xff, 0xff, 0xff,
    0xfc, 0x6, 0xff, 0xff, 0xff, 0xff, 0xe6, 0x0,
    0x0, 0x0, 0x4, 0xef, 0xff, 0xff, 0xff, 0x80,
    0xe, 0xff, 0xff, 0xff, 0xff, 0xff, 0xb8, 0x78,
    0x9d, 0xff, 0xff, 0xff, 0xff, 0xf3, 0x0, 0x4f,
    0xff, 0xff, 0xff, 0xff, 0xff, 0xff, 0xff, 0xff,
    0xff, 0xff, 0xff, 0xfb, 0x0, 0x0, 0x8f, 0xff,
    0xff, 0xff, 0xff, 0xff, 0xff, 0xff, 0xff, 0xff,
    0xff, 0xff, 0x10, 0x0, 0x0, 0x7f, 0xff, 0xff,
    0xff, 0xff, 0xff, 0xff, 0xff, 0xff, 0xff, 0xfe,
    0x30, 0x0, 0x0, 0x0, 0x4d, 0xff, 0xff, 0xff,
    0xff, 0xff, 0xff, 0xff, 0xff, 0xfc, 0x20, 0x0,
    0x0, 0x0, 0x0, 0x6, 0xcf, 0xff, 0xff, 0xff,
    0xff, 0xff, 0xff, 0xc5, 0x0, 0x0, 0x0, 0x0,
    0x0, 0x0, 0x0, 0x26, 0x9c, 0xee, 0xff, 0xed,
    0xa7, 0x20, 0x0, 0x0, 0x0,

    /* U+0074 "t" */
    0x0, 0x0, 0x0, 0x0, 0x6f, 0xff, 0xff, 0xff,
    0xa0, 0x0, 0x0, 0x0, 0x0, 0x0, 0x0, 0x0,
    0x0, 0x6f, 0xff, 0xff, 0xff, 0xa0, 0x0, 0x0,
    0x0, 0x0, 0x0, 0x0, 0x0, 0x0, 0x6f, 0xff,
    0xff, 0xff, 0xa0, 0x0, 0x0, 0x0, 0x0, 0x0,
    0x0, 0x0, 0x0, 0x6f, 0xff, 0xff, 0xff, 0xa0,
    0x0, 0x0, 0x0, 0x0, 0x0, 0x0, 0x0, 0x0,
    0x6f, 0xff, 0xff, 0xff, 0xa0, 0x0, 0x0, 0x0,
    0x0, 0x0, 0x0, 0x0, 0x0, 0x6f, 0xff, 0xff,
    0xff, 0xa0, 0x0, 0x0, 0x0, 0x0, 0x0, 0x0,
    0x0, 0x0, 0x6f, 0xff, 0xff, 0xff, 0xa0, 0x0,
    0x0, 0x0, 0x0, 0x0, 0x0, 0x0, 0x0, 0x6f,
    0xff, 0xff, 0xff, 0xa0, 0x0, 0x0, 0x0, 0x0,
    0x0, 0x0, 0x0, 0x0, 0x6f, 0xff, 0xff, 0xff,
    0xa0, 0x0, 0x0, 0x0, 0x0, 0x0, 0x0, 0x0,
    0x0, 0x6f, 0xff, 0xff, 0xff, 0xa0, 0x0, 0x0,
    0x0, 0x0, 0x5f, 0xff, 0xff, 0xff, 0xff, 0xff,
    0xff, 0xff, 0xff, 0xff, 0xff, 0xff, 0xf6, 0x5f,
    0xff, 0xff, 0xff, 0xff, 0xff, 0xff, 0xff, 0xff,
    0xff, 0xff, 0xff, 0xf6, 0x5f, 0xff, 0xff, 0xff,
    0xff, 0xff, 0xff, 0xff, 0xff, 0xff, 0xff, 0xff,
    0xf6, 0x5f, 0xff, 0xff, 0xff, 0xff, 0xff, 0xff,
    0xff, 0xff, 0xff, 0xff, 0xff, 0xf6, 0x5f, 0xff,
    0xff, 0xff, 0xff, 0xff, 0xff, 0xff, 0xff, 0xff,
    0xff, 0xff, 0xf6, 0x5f, 0xff, 0xff, 0xff, 0xff,
    0xff, 0xff, 0xff, 0xff, 0xff, 0xff, 0xff, 0xf6,
    0x4b, 0xbb, 0xbb, 0xbb, 0xdf, 0xff, 0xff, 0xff,
    0xeb, 0xbb, 0xbb, 0xbb, 0xb4, 0x0, 0x0, 0x0,
    0x0, 0x6f, 0xff, 0xff, 0xff, 0xa0, 0x0, 0x0,
    0x0, 0x0, 0x0, 0x0, 0x0, 0x0, 0x6f, 0xff,
    0xff, 0xff, 0xa0, 0x0, 0x0, 0x0, 0x0, 0x0,
    0x0, 0x0, 0x0, 0x6f, 0xff, 0xff, 0xff, 0xa0,
    0x0, 0x0, 0x0, 0x0, 0x0, 0x0, 0x0, 0x0,
    0x6f, 0xff, 0xff, 0xff, 0xa0, 0x0, 0x0, 0x0,
    0x0, 0x0, 0x0, 0x0, 0x0, 0x6f, 0xff, 0xff,
    0xff, 0xa0, 0x0, 0x0, 0x0, 0x0, 0x0, 0x0,
    0x0, 0x0, 0x6f, 0xff, 0xff, 0xff, 0xa0, 0x0,
    0x0, 0x0, 0x0, 0x0, 0x0, 0x0, 0x0, 0x6f,
    0xff, 0xff, 0xff, 0xa0, 0x0, 0x0, 0x0, 0x0,
    0x0, 0x0, 0x0, 0x0, 0x6f, 0xff, 0xff, 0xff,
    0xa0, 0x0, 0x0, 0x0, 0x0, 0x0, 0x0, 0x0,
    0x0, 0x6f, 0xff, 0xff, 0xff, 0xa0, 0x0, 0x0,
    0x0, 0x0, 0x0, 0x0, 0x0, 0x0, 0x6f, 0xff,
    0xff, 0xff, 0xa0, 0x0, 0x0, 0x0, 0x0, 0x0,
    0x0, 0x0, 0x0, 0x6f, 0xff, 0xff, 0xff, 0xa0,
    0x0, 0x0, 0x0, 0x0, 0x0, 0x0, 0x0, 0x0,
    0x6f, 0xff, 0xff, 0xff, 0xa0, 0x0, 0x0, 0x0,
    0x0, 0x0, 0x0, 0x0, 0x0, 0x6f, 0xff, 0xff,
    0xff, 0xa0, 0x0, 0x0, 0x0, 0x0, 0x0, 0x0,
    0x0, 0x0, 0x6f, 0xff, 0xff, 0xff, 0xa0, 0x0,
    0x0, 0x0, 0x0, 0x0, 0x0, 0x0, 0x0, 0x6f,
    0xff, 0xff, 0xff, 0xa0, 0x0, 0x0, 0x0, 0x0,
    0x0, 0x0, 0x0, 0x0, 0x6f, 0xff, 0xff, 0xff,
    0xa0, 0x0, 0x0, 0x0, 0x0, 0x0, 0x0, 0x0,
    0x0, 0x6f, 0xff, 0xff, 0xff, 0xa0, 0x0, 0x0,
    0x0, 0x0, 0x0, 0x0, 0x0, 0x0, 0x6f, 0xff,
    0xff, 0xff, 0xe1, 0x0, 0x0, 0x0, 0x0, 0x0,
    0x0, 0x0, 0x0, 0x5f, 0xff, 0xff, 0xff, 0xfe,
    0xbb, 0xbb, 0xbb, 0x60, 0x0, 0x0, 0x0, 0x0,
    0x3f, 0xff, 0xff, 0xff, 0xff, 0xff, 0xff, 0xff,
    0x90, 0x0, 0x0, 0x0, 0x0, 0xf, 0xff, 0xff,
    0xff, 0xff, 0xff, 0xff, 0xff, 0x90, 0x0, 0x0,
    0x0, 0x0, 0x8, 0xff, 0xff, 0xff, 0xff, 0xff,
    0xff, 0xff, 0x90, 0x0, 0x0, 0x0, 0x0, 0x0,
    0xdf, 0xff, 0xff, 0xff, 0xff, 0xff, 0xff, 0x90,
    0x0, 0x0, 0x0, 0x0, 0x0, 0x1c, 0xff, 0xff,
    0xff, 0xff, 0xff, 0xff, 0x90, 0x0, 0x0, 0x0,
    0x0, 0x0, 0x0, 0x5b, 0xef, 0xff, 0xff, 0xff,
    0xff, 0x90,

    /* U+0075 "u" */
    0xcf, 0xff, 0xff, 0xff, 0x40, 0x0, 0x0, 0x0,
    0x0, 0x0, 0x0, 0x2f, 0xff, 0xff, 0xff, 0xfc,
    0xff, 0xff, 0xff, 0xf4, 0x0, 0x0, 0x0, 0x0,
    0x0, 0x0, 0x2, 0xff, 0xff, 0xff, 0xff, 0xcf,
    0xff, 0xff, 0xff, 0x40, 0x0, 0x0, 0x0, 0x0,
    0x0, 0x0, 0x2f, 0xff, 0xff, 0xff, 0xfc, 0xff,
    0xff, 0xff, 0xf4, 0x0, 0x0, 0x0, 0x0, 0x0,
    0x0, 0x2, 0xff, 0xff, 0xff, 0xff, 0xcf, 0xff,
    0xff, 0xff, 0x40, 0x0, 0x0, 0x0, 0x0, 0x0,
    0x0, 0x2f, 0xff, 0xff, 0xff, 0xfc, 0xff, 0xff,
    0xff, 0xf4, 0x0, 0x0, 0x0, 0x0, 0x0, 0x0,
    0x2, 0xff, 0xff, 0xff, 0xff, 0xcf, 0xff, 0xff,
    0xff, 0x40, 0x0, 0x0, 0x0, 0x0, 0x0, 0x0,
    0x2f, 0xff, 0xff, 0xff, 0xfc, 0xff, 0xff, 0xff,
    0xf4, 0x0, 0x0, 0x0, 0x0, 0x0, 0x0, 0x2,
    0xff, 0xff, 0xff, 0xff, 0xcf, 0xff, 0xff, 0xff,
    0x40, 0x0, 0x0, 0x0, 0x0, 0x0, 0x0, 0x2f,
    0xff, 0xff, 0xff, 0xfc, 0xff, 0xff, 0xff, 0xf4,
    0x0, 0x0, 0x0, 0x0, 0x0, 0x0, 0x2, 0xff,
    0xff, 0xff, 0xff, 0xcf, 0xff, 0xff, 0xff, 0x40,
    0x0, 0x0, 0x0, 0x0, 0x0, 0x0, 0x2f, 0xff,
    0xff, 0xff, 0xfc, 0xff, 0xff, 0xff, 0xf4, 0x0,
    0x0, 0x0, 0x0, 0x0, 0x0, 0x2, 0xff, 0xff,
    0xff, 0xff, 0xcf, 0xff, 0xff, 0xff, 0x40, 0x0,
    0x0, 0x0, 0x0, 0x0, 0x0, 0x2f, 0xff, 0xff,
    0xff, 0xfc, 0xff, 0xff, 0xff, 0xf4, 0x0, 0x0,
    0x0, 0x0, 0x0, 0x0, 0x2, 0xff, 0xff, 0xff,
    0xff, 0xcf, 0xff, 0xff, 0xff, 0x40, 0x0, 0x0,
    0x0, 0x0, 0x0, 0x0, 0x2f, 0xff, 0xff, 0xff,
    0xfc, 0xff, 0xff, 0xff, 0xf4, 0x0, 0x0, 0x0,
    0x0, 0x0, 0x0, 0x2, 0xff, 0xff, 0xff, 0xff,
    0xcf, 0xff, 0xff, 0xff, 0x40, 0x0, 0x0, 0x0,
    0x0, 0x0, 0x0, 0x2f, 0xff, 0xff, 0xff, 0xfc,
    0xff, 0xff, 0xff, 0xf4, 0x0, 0x0, 0x0, 0x0,
    0x0, 0x0, 0x2, 0xff, 0xff, 0xff, 0xff, 0xcf,
    0xff, 0xff, 0xff, 0x40, 0x0, 0x0, 0x0, 0x0,
    0x0, 0x0, 0x3f, 0xff, 0xff, 0xff, 0xfc, 0xff,
    0xff, 0xff, 0xf5, 0x0, 0x0, 0x0, 0x0, 0x0,
    0x0, 0x6, 0xff, 0xff, 0xff, 0xff, 0xbf, 0xff,
    0xff, 0xff, 0x60, 0x0, 0x0, 0x0, 0x0, 0x0,
    0x0, 0xaf, 0xff, 0xff, 0xff, 0xfa, 0xff, 0xff,
    0xff, 0xf9, 0x0, 0x0, 0x0, 0x0, 0x0, 0x0,
    0xf, 0xff, 0xff, 0xff, 0xff, 0x8f, 0xff, 0xff,
    0xff, 0xe0, 0x0, 0x0, 0x0, 0x0, 0x0, 0x7,
    0xff, 0xff, 0xff, 0xff, 0xf4, 0xff, 0xff, 0xff,
    0xff, 0x70, 0x0, 0x0, 0x0, 0x0, 0x2, 0xff,
    0xff, 0xff, 0xff, 0xff, 0xf, 0xff, 0xff, 0xff,
    0xff, 0x50, 0x0, 0x0, 0x0, 0x3, 0xef, 0xff,
    0xff, 0xff, 0xff, 0xf0, 0xaf, 0xff, 0xff, 0xff,
    0xff, 0xa3, 0x0, 0x0, 0x39, 0xff, 0xff, 0xff,
    0xff, 0xff, 0xff, 0x3, 0xff, 0xff, 0xff, 0xff,
    0xff, 0xff, 0xee, 0xff, 0xff, 0xff, 0xff, 0xff,
    0xff, 0xff, 0xf0, 0xa, 0xff, 0xff, 0xff, 0xff,
    0xff, 0xff, 0xff, 0xff, 0xff, 0xff, 0xff, 0xff,
    0xff, 0xff, 0x0, 0x1d, 0xff, 0xff, 0xff, 0xff,
    0xff, 0xff, 0xff, 0xff, 0xfa, 0x2f, 0xff, 0xff,
    0xff, 0xf0, 0x0, 0x2e, 0xff, 0xff, 0xff, 0xff,
    0xff, 0xff, 0xff, 0xfe, 0x10, 0xff, 0xff, 0xff,
    0xff, 0x0, 0x0, 0x2d, 0xff, 0xff, 0xff, 0xff,
    0xff, 0xff, 0xfe, 0x20, 0xf, 0xff, 0xff, 0xff,
    0xf0, 0x0, 0x0, 0x7, 0xff, 0xff, 0xff, 0xff,
    0xff, 0xfa, 0x10, 0x0, 0xff, 0xff, 0xff, 0xff,
    0x0, 0x0, 0x0, 0x0, 0x5a, 0xdf, 0xff, 0xeb,
    0x83, 0x0, 0x0, 0x1, 0x11, 0x11, 0x11, 0x10,

    /* U+0076 "v" */
    0xdf, 0xff, 0xff, 0xff, 0xb0, 0x0, 0x0, 0x0,
    0x0, 0x0, 0x0, 0x0, 0xaf, 0xff, 0xff, 0xff,
    0xe0, 0x7f, 0xff, 0xff, 0xff, 0xf0, 0x0, 0x0,
    0x0, 0x0, 0x0, 0x0, 0x0, 0xff, 0xff, 0xff,
    0xff, 0x90, 0x2f, 0xff, 0xff, 0xff, 0xf4, 0x0,
    0x0, 0x0, 0x0, 0x0, 0x0, 0x3, 0xff, 0xff,
    0xff, 0xff, 0x40, 0xd, 0xff, 0xff, 0xff, 0xf9,
    0x0, 0x0, 0x0, 0x0, 0x0, 0x0, 0x8, 0xff,
    0xff, 0xff, 0xfe, 0x0, 0x8, 0xff, 0xff, 0xff,
    0xfd, 0x0, 0x0, 0x0, 0x0, 0x0, 0x0, 0xc,
    0xff, 0xff, 0xff, 0xf9, 0x0, 0x3, 0xff, 0xff,
    0xff, 0xff, 0x20, 0x0, 0x0, 0x0, 0x0, 0x0,
    0x1f, 0xff, 0xff, 0xff, 0xf4, 0x0, 0x0, 0xef,
    0xff, 0xff, 0xff, 0x60, 0x0, 0x0, 0x0, 0x0,
    0x0, 0x5f, 0xff, 0xff, 0xff, 0xf0, 0x0, 0x0,
    0x9f, 0xff, 0xff, 0xff, 0xb0, 0x0, 0x0, 0x0,
    0x0, 0x0, 0xaf, 0xff, 0xff, 0xff, 0xa0, 0x0,
    0x0, 0x4f, 0xff, 0xff, 0xff, 0xf0, 0x0, 0x0,
    0x0, 0x0, 0x0, 0xef, 0xff, 0xff, 0xff, 0x50,
    0x0, 0x0, 0xf, 0xff, 0xff, 0xff, 0xf4, 0x0,
    0x0, 0x0, 0x0, 0x3, 0xff, 0xff, 0xff, 0xff,
    0x10, 0x0, 0x0, 0xa, 0xff, 0xff, 0xff, 0xf8,
    0x0, 0x0, 0x0, 0x0, 0x8, 0xff, 0xff, 0xff,
    0xfb, 0x0, 0x0, 0x0, 0x5, 0xff, 0xff, 0xff,
    0xfd, 0x0, 0x0, 0x0, 0x0, 0xc, 0xff, 0xff,
    0xff, 0xf6, 0x0, 0x0, 0x0, 0x0, 0xff, 0xff,
    0xff, 0xff, 0x20, 0x0, 0x0, 0x0, 0x1f, 0xff,
    0xff, 0xff, 0xf1, 0x0, 0x0, 0x0, 0x0, 0xbf,
    0xff, 0xff, 0xff, 0x60, 0x0, 0x0, 0x0, 0x5f,
    0xff, 0xff, 0xff, 0xc0, 0x0, 0x0, 0x0, 0x0,
    0x6f, 0xff, 0xff, 0xff, 0xb0, 0x0, 0x0, 0x0,
    0xaf, 0xff, 0xff, 0xff, 0x70, 0x0, 0x0, 0x0,
    0x0, 0x1f, 0xff, 0xff, 0xff, 0xf0, 0x0, 0x0,
    0x0, 0xef, 0xff, 0xff, 0xff, 0x20, 0x0, 0x0,
    0x0, 0x0, 0xc, 0xff, 0xff, 0xff, 0xf4, 0x0,
    0x0, 0x3, 0xff, 0xff, 0xff, 0xfd, 0x0, 0x0,
    0x0, 0x0, 0x0, 0x7, 0xff, 0xff, 0xff, 0xf8,
    0x0, 0x0, 0x7, 0xff, 0xff, 0xff, 0xf8, 0x0,
    0x0, 0x0, 0x0, 0x0, 0x2, 0xff, 0xff, 0xff,
    0xfd, 0x0, 0x0, 0xc, 0xff, 0xff, 0xff, 0xf3,
    0x0, 0x0, 0x0, 0x0, 0x0, 0x0, 0xcf, 0xff,
    0xff, 0xff, 0x10, 0x0, 0xf, 0xff, 0xff, 0xff,
    0xe0, 0x0, 0x0, 0x0, 0x0, 0x0, 0x0, 0x7f,
    0xff, 0xff, 0xff, 0x60, 0x0, 0x5f, 0xff, 0xff,
    0xff, 0x90, 0x0, 0x0, 0x0, 0x0, 0x0, 0x0,
    0x2f, 0xff, 0xff, 0xff, 0xa0, 0x0, 0x9f, 0xff,
    0xff, 0xff, 0x40, 0x0, 0x0, 0x0, 0x0, 0x0,
    0x0, 0xd, 0xff, 0xff, 0xff, 0xe0, 0x0, 0xef,
    0xff, 0xff, 0xfe, 0x0, 0x0, 0x0, 0x0, 0x0,
    0x0, 0x0, 0x8, 0xff, 0xff, 0xff, 0xf3, 0x2,
    0xff, 0xff, 0xff, 0xf9, 0x0, 0x0, 0x0, 0x0,
    0x0, 0x0, 0x0, 0x3, 0xff, 0xff, 0xff, 0xf8,
    0x7, 0xff, 0xff, 0xff, 0xf4, 0x0, 0x0, 0x0,
    0x0, 0x0, 0x0, 0x0, 0x0, 0xef, 0xff, 0xff,
    0xfc, 0xb, 0xff, 0xff, 0xff, 0xf0, 0x0, 0x0,
    0x0, 0x0, 0x0, 0x0, 0x0, 0x0, 0x9f, 0xff,
    0xff, 0xff, 0xff, 0xff, 0xff, 0xff, 0xa0, 0x0,
    0x0, 0x0, 0x0, 0x0, 0x0, 0x0, 0x0, 0x4f,
    0xff, 0xff, 0xff, 0xff, 0xff, 0xff, 0xff, 0x50,
    0x0, 0x0, 0x0, 0x0, 0x0, 0x0, 0x0, 0x0,
    0xf, 0xff, 0xff, 0xff, 0xff, 0xff, 0xff, 0xff,
    0x10, 0x0, 0x0, 0x0, 0x0, 0x0, 0x0, 0x0,
    0x0, 0xa, 0xff, 0xff, 0xff, 0xff, 0xff, 0xff,
    0xfb, 0x0, 0x0, 0x0, 0x0, 0x0, 0x0, 0x0,
    0x0, 0x0, 0x5, 0xff, 0xff, 0xff, 0xff, 0xff,
    0xff, 0xf6, 0x0, 0x0, 0x0, 0x0, 0x0, 0x0,
    0x0, 0x0, 0x0, 0x0, 0xff, 0xff, 0xff, 0xff,
    0xff, 0xff, 0xf1, 0x0, 0x0, 0x0, 0x0, 0x0,

    /* U+0077 "w" */
    0x5f, 0xff, 0xff, 0xff, 0x90, 0x0, 0x0, 0x0,
    0x7f, 0xff, 0xff, 0xff, 0xff, 0xff, 0xf9, 0x0,
    0x0, 0x0, 0x7, 0xff, 0xff, 0xff, 0xf8, 0x3f,
    0xff, 0xff, 0xff, 0xb0, 0x0, 0x0, 0x0, 0x9f,
    0xff, 0xff, 0xff, 0xff, 0xff, 0xfc, 0x0, 0x0,
    0x0, 0x8, 0xff, 0xff, 0xff, 0xf6, 0x1f, 0xff,
    0xff, 0xff, 0xd0, 0x0, 0x0, 0x0, 0xcf, 0xff,
    0xff, 0xff, 0xff, 0xff, 0xfe, 0x0, 0x0, 0x0,
    0xa, 0xff, 0xff, 0xff, 0xf4, 0xf, 0xff, 0xff,
    0xff, 0xe0, 0x0, 0x0, 0x0, 0xef, 0xff, 0xff,
    0xff, 0xff, 0xff, 0xff, 0x10, 0x0, 0x0, 0xc,
    0xff, 0xff, 0xff, 0xf1, 0xc, 0xff, 0xff, 0xff,
    0xf0, 0x0, 0x0, 0x1, 0xff, 0xff, 0xff, 0xff,
    0xff, 0xff, 0xff, 0x30, 0x0, 0x0, 0xd, 0xff,
    0xff, 0xff, 0xf0, 0xa, 0xff, 0xff, 0xff, 0xf2,
    0x0, 0x0, 0x3, 0xff, 0xff, 0xff, 0xba, 0xff,
    0xff, 0xff, 0x60, 0x0, 0x0, 0xf, 0xff, 0xff,
    0xff, 0xd0, 0x8, 0xff, 0xff, 0xff, 0xf4, 0x0,
    0x0, 0x6, 0xff, 0xff, 0xff, 0x53, 0xff, 0xff,
    0xff, 0x80, 0x0, 0x0, 0x1f, 0xff, 0xff, 0xff,
    0xb0, 0x6, 0xff, 0xff, 0xff, 0xf5, 0x0, 0x0,
    0x8, 0xff, 0xff, 0xff, 0x30, 0xff, 0xff, 0xff,
    0xb0, 0x0, 0x0, 0x3f, 0xff, 0xff, 0xff, 0x80,
    0x4, 0xff, 0xff, 0xff, 0xf7, 0x0, 0x0, 0xb,
    0xff, 0xff, 0xff, 0x0, 0xef, 0xff, 0xff, 0xd0,
    0x0, 0x0, 0x4f, 0xff, 0xff, 0xff, 0x60, 0x1,
    0xff, 0xff, 0xff, 0xf9, 0x0, 0x0, 0xd, 0xff,
    0xff, 0xfe, 0x0, 0xbf, 0xff, 0xff, 0xf0, 0x0,
    0x0, 0x6f, 0xff, 0xff, 0xff, 0x40, 0x0, 0xff,
    0xff, 0xff, 0xfa, 0x0, 0x0, 0xf, 0xff, 0xff,
    0xfb, 0x0, 0x9f, 0xff, 0xff, 0xf2, 0x0, 0x0,
    0x8f, 0xff, 0xff, 0xff, 0x20, 0x0, 0xdf, 0xff,
    0xff, 0xfc, 0x0, 0x0, 0x2f, 0xff, 0xff, 0xf9,
    0x0, 0x6f, 0xff, 0xff, 0xf5, 0x0, 0x0, 0x9f,
    0xff, 0xff, 0xff, 0x0, 0x0, 0xbf, 0xff, 0xff,
    0xfe, 0x0, 0x0, 0x4f, 0xff, 0xff, 0xf6, 0x0,
    0x4f, 0xff, 0xff, 0xf7, 0x0, 0x0, 0xbf, 0xff,
    0xff, 0xfd, 0x0, 0x0, 0x8f, 0xff, 0xff, 0xff,
    0x0, 0x0, 0x7f, 0xff, 0xff, 0xf4, 0x0, 0x1f,
    0xff, 0xff, 0xfa, 0x0, 0x0, 0xdf, 0xff, 0xff,
    0xfb, 0x0, 0x0, 0x6f, 0xff, 0xff, 0xff, 0x10,
    0x0, 0x9f, 0xff, 0xff, 0xf1, 0x0, 0xf, 0xff,
    0xff, 0xfc, 0x0, 0x0, 0xef, 0xff, 0xff, 0xf9,
    0x0, 0x0, 0x4f, 0xff, 0xff, 0xff, 0x30, 0x0,
    0xcf, 0xff, 0xff, 0xf0, 0x0, 0xc, 0xff, 0xff,
    0xff, 0x0, 0x0, 0xff, 0xff, 0xff, 0xf7, 0x0,
    0x0, 0x2f, 0xff, 0xff, 0xff, 0x40, 0x0, 0xef,
    0xff, 0xff, 0xd0, 0x0, 0xa, 0xff, 0xff, 0xff,
    0x10, 0x2, 0xff, 0xff, 0xff, 0xf4, 0x0, 0x0,
    0xf, 0xff, 0xff, 0xff, 0x60, 0x1, 0xff, 0xff,
    0xff, 0xa0, 0x0, 0x7, 0xff, 0xff, 0xff, 0x30,
    0x4, 0xff, 0xff, 0xff, 0xf2, 0x0, 0x0, 0xd,
    0xff, 0xff, 0xff, 0x80, 0x3, 0xff, 0xff, 0xff,
    0x80, 0x0, 0x5, 0xff, 0xff, 0xff, 0x60, 0x5,
    0xff, 0xff, 0xff, 0xf0, 0x0, 0x0, 0xb, 0xff,
    0xff, 0xff, 0xa0, 0x6, 0xff, 0xff, 0xff, 0x50,
    0x0, 0x2, 0xff, 0xff, 0xff, 0x80, 0x7, 0xff,
    0xff, 0xff, 0xe0, 0x0, 0x0, 0x9, 0xff, 0xff,
    0xff, 0xb0, 0x8, 0xff, 0xff, 0xff, 0x30, 0x0,
    0x0, 0xff, 0xff, 0xff, 0xb0, 0x9, 0xff, 0xff,
    0xff, 0xb0, 0x0, 0x0, 0x6, 0xff, 0xff, 0xff,
    0xd0, 0xb, 0xff, 0xff, 0xff, 0x0, 0x0, 0x0,
    0xdf, 0xff, 0xff, 0xd0, 0xa, 0xff, 0xff, 0xff,
    0x90, 0x0, 0x0, 0x4, 0xff, 0xff, 0xff, 0xf0,
    0xd, 0xff, 0xff, 0xfe, 0x0, 0x0, 0x0, 0xbf,
    0xff, 0xff, 0xf0, 0xc, 0xff, 0xff, 0xff, 0x70,
    0x0, 0x0, 0x2, 0xff, 0xff, 0xff, 0xf0, 0xf,
    0xff, 0xff, 0xfb, 0x0, 0x0, 0x0, 0x8f, 0xff,
    0xff, 0xf2, 0xe, 0xff, 0xff, 0xff, 0x50, 0x0,
    0x0, 0x0, 0xff, 0xff, 0xff, 0xf2, 0x2f, 0xff,
    0xff, 0xf9, 0x0, 0x0, 0x0, 0x6f, 0xff, 0xff,
    0xf5, 0xf, 0xff, 0xff, 0xff, 0x20, 0x0, 0x0,
    0x0, 0xdf, 0xff, 0xff, 0xf4, 0x5f, 0xff, 0xff,
    0xf6, 0x0, 0x0, 0x0, 0x3f, 0xff, 0xff, 0xf7,
    0x1f, 0xff, 0xff, 0xff, 0x0, 0x0, 0x0, 0x0,
    0xbf, 0xff, 0xff, 0xfa, 0xbf, 0xff, 0xff, 0xf4,
    0x0, 0x0, 0x0, 0x1f, 0xff, 0xff, 0xfc, 0x9f,
    0xff, 0xff, 0xfe, 0x0, 0x0, 0x0, 0x0, 0x9f,
    0xff, 0xff, 0xff, 0xff, 0xff, 0xff, 0xf1, 0x0,
    0x0, 0x0, 0xe, 0xff, 0xff, 0xff, 0xff, 0xff,
    0xff, 0xfc, 0x0, 0x0, 0x0, 0x0, 0x7f, 0xff,
    0xff, 0xff, 0xff, 0xff, 0xff, 0xf0, 0x0, 0x0,
    0x0, 0xc, 0xff, 0xff, 0xff, 0xff, 0xff, 0xff,
    0xfa, 0x0, 0x0, 0x0, 0x0, 0x4f, 0xff, 0xff,
    0xff, 0xff, 0xff, 0xff, 0xc0, 0x0, 0x0, 0x0,
    0xa, 0xff, 0xff, 0xff, 0xff, 0xff, 0xff, 0xf7,
    0x0, 0x0, 0x0, 0x0, 0x2f, 0xff, 0xff, 0xff,
    0xff, 0xff, 0xff, 0xa0, 0x0, 0x0, 0x0, 0x7,
    0xff, 0xff, 0xff, 0xff, 0xff, 0xff, 0xf5, 0x0,
    0x0, 0x0, 0x0, 0xf, 0xff, 0xff, 0xff, 0xff,
    0xff, 0xff, 0x70, 0x0, 0x0, 0x0, 0x5, 0xff,
    0xff, 0xff, 0xff, 0xff, 0xff, 0xf3, 0x0, 0x0,

    /* U+0078 "x" */
    0x1, 0x11, 0x11, 0x11, 0x11, 0x0, 0x0, 0x0,
    0x0, 0x0, 0x0, 0x0, 0x0, 0x11, 0x11, 0x11,
    0x11, 0x10, 0xc, 0xff, 0xff, 0xff, 0xff, 0x80,
    0x0, 0x0, 0x0, 0x0, 0x0, 0x0, 0xa, 0xff,
    0xff, 0xff, 0xff, 0xa0, 0x1, 0xef, 0xff, 0xff,
    0xff, 0xf3, 0x0, 0x0, 0x0, 0x0, 0x0, 0x0,
    0x5f, 0xff, 0xff, 0xff, 0xfe, 0x10, 0x0, 0x5f,
    0xff, 0xff, 0xff, 0xfd, 0x0, 0x0, 0x0, 0x0,
    0x0, 0x1, 0xef, 0xff, 0xff, 0xff, 0xf3, 0x0,
    0x0, 0x9, 0xff, 0xff, 0xff, 0xff, 0x90, 0x0,
    0x0, 0x0, 0x0, 0xb, 0xff, 0xff, 0xff, 0xff,
    0x70, 0x0, 0x0, 0x0, 0xdf, 0xff, 0xff, 0xff,
    0xf4, 0x0, 0x0, 0x0, 0x0, 0x6f, 0xff, 0xff,
    0xff, 0xfc, 0x0, 0x0, 0x0, 0x0, 0x2f, 0xff,
    0xff, 0xff, 0xfe, 0x10, 0x0, 0x0, 0x2, 0xff,
    0xff, 0xff, 0xff, 0xe1, 0x0, 0x0, 0x0, 0x0,
    0x6, 0xff, 0xff, 0xff, 0xff, 0xb0, 0x0, 0x0,
    0xc, 0xff, 0xff, 0xff, 0xff, 0x50, 0x0, 0x0,
    0x0, 0x0, 0x0, 0xbf, 0xff, 0xff, 0xff, 0xf6,
    0x0, 0x0, 0x7f, 0xff, 0xff, 0xff, 0xf9, 0x0,
    0x0, 0x0, 0x0, 0x0, 0x0, 0x1e, 0xff, 0xff,
    0xff, 0xff, 0x10, 0x3, 0xff, 0xff, 0xff, 0xff,
    0xd0, 0x0, 0x0, 0x0, 0x0, 0x0, 0x0, 0x4,
    0xff, 0xff, 0xff, 0xff, 0xc0, 0xd, 0xff, 0xff,
    0xff, 0xff, 0x20, 0x0, 0x0, 0x0, 0x0, 0x0,
    0x0, 0x0, 0x8f, 0xff, 0xff, 0xff, 0xfb, 0xbf,
    0xff, 0xff, 0xff, 0xf6, 0x0, 0x0, 0x0, 0x0,
    0x0, 0x0, 0x0, 0x0, 0xc, 0xff, 0xff, 0xff,
    0xff, 0xff, 0xff, 0xff, 0xff, 0xb0, 0x0, 0x0,
    0x0, 0x0, 0x0, 0x0, 0x0, 0x0, 0x2, 0xff,
    0xff, 0xff, 0xff, 0xff, 0xff, 0xff, 0xfe, 0x10,
    0x0, 0x0, 0x0, 0x0, 0x0, 0x0, 0x0, 0x0,
    0x0, 0x5f, 0xff, 0xff, 0xff, 0xff, 0xff, 0xff,
    0xf4, 0x0, 0x0, 0x0, 0x0, 0x0, 0x0, 0x0,
    0x0, 0x0, 0x0, 0xa, 0xff, 0xff, 0xff, 0xff,
    0xff, 0xff, 0x80, 0x0, 0x0, 0x0, 0x0, 0x0,
    0x0, 0x0, 0x0, 0x0, 0x0, 0x0, 0xff, 0xff,
    0xff, 0xff, 0xff, 0xfe, 0x0, 0x0, 0x0, 0x0,
    0x0, 0x0, 0x0, 0x0, 0x0, 0x0, 0x0, 0x6,
    0xff, 0xff, 0xff, 0xff, 0xff, 0xff, 0x50, 0x0,
    0x0, 0x0, 0x0, 0x0, 0x0, 0x0, 0x0, 0x0,
    0x0, 0x2f, 0xff, 0xff, 0xff, 0xff, 0xff, 0xff,
    0xe1, 0x0, 0x0, 0x0, 0x0, 0x0, 0x0, 0x0,
    0x0, 0x0, 0x0, 0xcf, 0xff, 0xff, 0xff, 0xff,
    0xff, 0xff, 0xfb, 0x0, 0x0, 0x0, 0x0, 0x0,
    0x0, 0x0, 0x0, 0x0, 0x8, 0xff, 0xff, 0xff,
    0xff, 0xff, 0xff, 0xff, 0xff, 0x60, 0x0, 0x0,
    0x0, 0x0, 0x0, 0x0, 0x0, 0x0, 0x4f, 0xff,
    0xff, 0xff, 0xff, 0xff, 0xff, 0xff, 0xff, 0xf2,
    0x0, 0x0, 0x0, 0x0, 0x0, 0x0, 0x0, 0x1,
    0xef, 0xff, 0xff, 0xff, 0xf1, 0x2f, 0xff, 0xff,
    0xff, 0xfc, 0x0, 0x0, 0x0, 0x0, 0x0, 0x0,
    0x0, 0xa, 0xff, 0xff, 0xff, 0xff, 0x60, 0x8,
    0xff, 0xff, 0xff, 0xff, 0x80, 0x0, 0x0, 0x0,
    0x0, 0x0, 0x0, 0x5f, 0xff, 0xff, 0xff, 0xfb,
    0x0, 0x0, 0xdf, 0xff, 0xff, 0xff, 0xf3, 0x0,
    0x0, 0x0, 0x0, 0x0, 0x1, 0xff, 0xff, 0xff,
    0xff, 0xf1, 0x0, 0x0, 0x3f, 0xff, 0xff, 0xff,
    0xfe, 0x0, 0x0, 0x0, 0x0, 0x0, 0xc, 0xff,
    0xff, 0xff, 0xff, 0x60, 0x0, 0x0, 0x8, 0xff,
    0xff, 0xff, 0xff, 0xa0, 0x0, 0x0, 0x0, 0x0,
    0x7f, 0xff, 0xff, 0xff, 0xfc, 0x0, 0x0, 0x0,
    0x0, 0xdf, 0xff, 0xff, 0xff, 0xf5, 0x0, 0x0,
    0x0, 0x3, 0xff, 0xff, 0xff, 0xff, 0xf2, 0x0,
    0x0, 0x0, 0x0, 0x3f, 0xff, 0xff, 0xff, 0xfe,
    0x10, 0x0, 0x0, 0xd, 0xff, 0xff, 0xff, 0xff,
    0x70, 0x0, 0x0, 0x0, 0x0, 0x8, 0xff, 0xff,
    0xff, 0xff, 0xb0, 0x0, 0x0, 0x9f, 0xff, 0xff,
    0xff, 0xfc, 0x0, 0x0, 0x0, 0x0, 0x0, 0x0,
    0xdf, 0xff, 0xff, 0xff, 0xf7, 0x0, 0x4, 0xff,
    0xff, 0xff, 0xff, 0xf2, 0x0, 0x0, 0x0, 0x0,
    0x0, 0x0, 0x3f, 0xff, 0xff, 0xff, 0xff, 0x20,
    0x1e, 0xff, 0xff, 0xff, 0xff, 0x70, 0x0, 0x0,
    0x0, 0x0, 0x0, 0x0, 0x9, 0xff, 0xff, 0xff,
    0xff, 0xd0,

    /* U+0079 "y" */
    0xcf, 0xff, 0xff, 0xff, 0x40, 0x0, 0x0, 0x0,
    0x0, 0x0, 0x0, 0x2f, 0xff, 0xff, 0xff, 0xfc,
    0xff, 0xff, 0xff, 0xf4, 0x0, 0x0, 0x0, 0x0,
    0x0, 0x0, 0x2, 0xff, 0xff, 0xff, 0xff, 0xcf,
    0xff, 0xff, 0xff, 0x40, 0x0, 0x0, 0x0, 0x0,
    0x0, 0x0, 0x2f, 0xff, 0xff, 0xff, 0xfc, 0xff,
    0xff, 0xff, 0xf4, 0x0, 0x0, 0x0, 0x0, 0x0,
    0x0, 0x2, 0xff, 0xff, 0xff, 0xff, 0xcf, 0xff,
    0xff, 0xff, 0x40, 0x0, 0x0, 0x0, 0x0, 0x0,
    0x0, 0x2f, 0xff, 0xff, 0xff, 0xfc, 0xff, 0xff,
    0xff, 0xf4, 0x0, 0x0, 0x0, 0x0, 0x0, 0x0,
    0x2, 0xff, 0xff, 0xff, 0xff, 0xcf, 0xff, 0xff,
    0xff, 0x40, 0x0, 0x0, 0x0, 0x0, 0x0, 0x0,
    0x2f, 0xff, 0xff, 0xff, 0xfc, 0xff, 0xff, 0xff,
    0xf4, 0x0, 0x0, 0x0, 0x0, 0x0, 0x0, 0x2,
    0xff, 0xff, 0xff, 0xff, 0xcf, 0xff, 0xff, 0xff,
    0x40, 0x0, 0x0, 0x0, 0x0, 0x0, 0x0, 0x2f,
    0xff, 0xff, 0xff, 0xfc, 0xff, 0xff, 0xff, 0xf4,
    0x0, 0x0, 0x0, 0x0, 0x0, 0x0, 0x2, 0xff,
    0xff, 0xff, 0xff, 0xcf, 0xff, 0xff, 0xff, 0x40,
    0x0, 0x0, 0x0, 0x0, 0x0, 0x0, 0x2f, 0xff,
    0xff, 0xff, 0xfc, 0xff, 0xff, 0xff, 0xf4, 0x0,
    0x0, 0x0, 0x0, 0x0, 0x0, 0x2, 0xff, 0xff,
    0xff, 0xff, 0xcf, 0xff, 0xff, 0xff, 0x40, 0x0,
    0x0, 0x0, 0x0, 0x0, 0x0, 0x2f, 0xff, 0xff,
    0xff, 0xfc, 0xff, 0xff, 0xff, 0xf4, 0x0, 0x0,
    0x0, 0x0, 0x0, 0x0, 0x2, 0xff, 0xff, 0xff,
    0xff, 0xcf, 0xff, 0xff, 0xff, 0x40, 0x0, 0x0,
    0x0, 0x0, 0x0, 0x0, 0x2f, 0xff, 0xff, 0xff,
    0xfc, 0xff, 0xff, 0xff, 0xf4, 0x0, 0x0, 0x0,
    0x0, 0x0, 0x0, 0x2, 0xff, 0xff, 0xff, 0xff,
    0xcf, 0xff, 0xff, 0xff, 0x40, 0x0, 0x0, 0x0,
    0x0, 0x0, 0x0, 0x2f, 0xff, 0xff, 0xff, 0xfc,
    0xff, 0xff, 0xff, 0xf4, 0x0, 0x0, 0x0, 0x0,
    0x0, 0x0, 0x3, 0xff, 0xff, 0xff, 0xff, 0xcf,
    0xff, 0xff, 0xff, 0x40, 0x0, 0x0, 0x0, 0x0,
    0x0, 0x0, 0x4f, 0xff, 0xff, 0xff, 0xfc, 0xff,
    0xff, 0xff, 0xf5, 0x0, 0x0, 0x0, 0x0, 0x0,
    0x0, 0x7, 0xff, 0xff, 0xff, 0xff, 0xbf, 0xff,
    0xff, 0xff, 0x60, 0x0, 0x0, 0x0, 0x0, 0x0,
    0x0, 0xaf, 0xff, 0xff, 0xff, 0xfa, 0xff, 0xff,
    0xff, 0xfa, 0x0, 0x0, 0x0, 0x0, 0x0, 0x0,
    0x1f, 0xff, 0xff, 0xff, 0xff, 0x7f, 0xff, 0xff,
    0xff, 0xf0, 0x0, 0x0, 0x0, 0x0, 0x0, 0x8,
    0xff, 0xff, 0xff, 0xff, 0xf4, 0xff, 0xff, 0xff,
    0xff, 0x80, 0x0, 0x0, 0x0, 0x0, 0x3, 0xff,
    0xff, 0xff, 0xff, 0xff, 0xf, 0xff, 0xff, 0xff,
    0xff, 0x70, 0x0, 0x0, 0x0, 0x5, 0xff, 0xff,
    0xff, 0xff, 0xff, 0xf0, 0x9f, 0xff, 0xff, 0xff,
    0xff, 0xc6, 0x20, 0x2, 0x5b, 0xff, 0xff, 0xff,
    0xff, 0xff, 0xff, 0x2, 0xff, 0xff, 0xff, 0xff,
    0xff, 0xff, 0xff, 0xff, 0xff, 0xff, 0xff, 0xff,
    0xff, 0xff, 0xf0, 0x9, 0xff, 0xff, 0xff, 0xff,
    0xff, 0xff, 0xff, 0xff, 0xff, 0xff, 0xff, 0xff,
    0xff, 0xff, 0x0, 0xc, 0xff, 0xff, 0xff, 0xff,
    0xff, 0xff, 0xff, 0xff, 0xfa, 0x2f, 0xff, 0xff,
    0xff, 0xf0, 0x0, 0x1d, 0xff, 0xff, 0xff, 0xff,
    0xff, 0xff, 0xff, 0xfe, 0x10, 0xff, 0xff, 0xff,
    0xff, 0x0, 0x0, 0x1b, 0xff, 0xff, 0xff, 0xff,
    0xff, 0xff, 0xfd, 0x20, 0xf, 0xff, 0xff, 0xff,
    0xf0, 0x0, 0x0, 0x5, 0xdf, 0xff, 0xff, 0xff,
    0xff, 0xf9, 0x10, 0x0, 0xff, 0xff, 0xff, 0xff,
    0x0, 0x0, 0x0, 0x0, 0x38, 0xbc, 0xdd, 0xc9,
    0x61, 0x0, 0x0, 0xf, 0xff, 0xff, 0xff, 0xf0,
    0x0, 0x0, 0x0, 0x0, 0x0, 0x0, 0x0, 0x0,
    0x0, 0x0, 0x0, 0xff, 0xff, 0xff, 0xff, 0x0,
    0x0, 0x0, 0x0, 0x0, 0x0, 0x0, 0x0, 0x0,
    0x0, 0x0, 0xf, 0xff, 0xff, 0xff, 0xf0, 0x0,
    0x0, 0x0, 0x0, 0x0, 0x0, 0x0, 0x0, 0x0,
    0x0, 0x0, 0xff, 0xff, 0xff, 0xff, 0x0, 0x0,
    0x0, 0x0, 0x0, 0x0, 0x0, 0x0, 0x0, 0x0,
    0x0, 0xf, 0xff, 0xff, 0xff, 0xf0, 0x0, 0x1,
    0x11, 0x11, 0x11, 0x11, 0x11, 0x11, 0x11, 0x11,
    0x29, 0xff, 0xff, 0xff, 0xfe, 0x0, 0x1, 0xff,
    0xff, 0xff, 0xff, 0xff, 0xff, 0xff, 0xff, 0xff,
    0xff, 0xff, 0xff, 0xff, 0xe0, 0x0, 0x1f, 0xff,
    0xff, 0xff, 0xff, 0xff, 0xff, 0xff, 0xff, 0xff,
    0xff, 0xff, 0xff, 0xfc, 0x0, 0x1, 0xff, 0xff,
    0xff, 0xff, 0xff, 0xff, 0xff, 0xff, 0xff, 0xff,
    0xff, 0xff, 0xff, 0x80, 0x0, 0x1f, 0xff, 0xff,
    0xff, 0xff, 0xff, 0xff, 0xff, 0xff, 0xff, 0xff,
    0xff, 0xff, 0xf1, 0x0, 0x1, 0xff, 0xff, 0xff,
    0xff, 0xff, 0xff, 0xff, 0xff, 0xff, 0xff, 0xff,
    0xff, 0xf6, 0x0, 0x0, 0x1f, 0xff, 0xff, 0xff,
    0xff, 0xff, 0xff, 0xff, 0xff, 0xff, 0xff, 0xff,
    0xf7, 0x0, 0x0, 0x1, 0xff, 0xff, 0xff, 0xff,
    0xff, 0xff, 0xff, 0xff, 0xff, 0xff, 0xfd, 0x92,
    0x0, 0x0,

    /* U+007A "z" */
    0xf, 0xff, 0xff, 0xff, 0xff, 0xff, 0xff, 0xff,
    0xff, 0xff, 0xff, 0xff, 0xff, 0x90, 0xf, 0xff,
    0xff, 0xff, 0xff, 0xff, 0xff, 0xff, 0xff, 0xff,
    0xff, 0xff, 0xff, 0x90, 0xf, 0xff, 0xff, 0xff,
    0xff, 0xff, 0xff, 0xff, 0xff, 0xff, 0xff, 0xff,
    0xff, 0x90, 0xf, 0xff, 0xff, 0xff, 0xff, 0xff,
    0xff, 0xff, 0xff, 0xff, 0xff, 0xff, 0xff, 0x90,
    0xf, 0xff, 0xff, 0xff, 0xff, 0xff, 0xff, 0xff,
    0xff, 0xff, 0xff, 0xff, 0xff, 0x90, 0xf, 0xff,
    0xff, 0xff, 0xff, 0xff, 0xff, 0xff, 0xff, 0xff,
    0xff, 0xff, 0xff, 0x90, 0xb, 0xbb, 0xbb, 0xbb,
    0xbb, 0xbb, 0xbb, 0xbb, 0xbc, 0xff, 0xff, 0xff,
    0xff, 0x90, 0x0, 0x0, 0x0, 0x0, 0x0, 0x0,
    0x0, 0x0, 0x4, 0xff, 0xff, 0xff, 0xff, 0x90,
    0x0, 0x0, 0x0, 0x0, 0x0, 0x0, 0x0, 0x0,
    0x3e, 0xff, 0xff, 0xff, 0xff, 0x90, 0x0, 0x0,
    0x0, 0x0, 0x0, 0x0, 0x0, 0x5, 0xff, 0xff,
    0xff, 0xff, 0xff, 0x80, 0x0, 0x0, 0x0, 0x0,
    0x0, 0x0, 0x0, 0x8f, 0xff, 0xff, 0xff, 0xff,
    0xf9, 0x0, 0x0, 0x0, 0x0, 0x0, 0x0, 0x0,
    0xb, 0xff, 0xff, 0xff, 0xff, 0xff, 0x60, 0x0,
    0x0, 0x0, 0x0, 0x0, 0x0, 0x1, 0xdf, 0xff,
    0xff, 0xff, 0xff, 0xe4, 0x0, 0x0, 0x0, 0x0,
    0x0, 0x0, 0x0, 0x3e, 0xff, 0xff, 0xff, 0xff,
    0xfd, 0x20, 0x0, 0x0, 0x0, 0x0, 0x0, 0x0,
    0x5, 0xff, 0xff, 0xff, 0xff, 0xff, 0xb1, 0x0,
    0x0, 0x0, 0x0, 0x0, 0x0, 0x0, 0x8f, 0xff,
    0xff, 0xff, 0xff, 0xf9, 0x0, 0x0, 0x0, 0x0,
    0x0, 0x0, 0x0, 0xa, 0xff, 0xff, 0xff, 0xff,
    0xff, 0x60, 0x0, 0x0, 0x0, 0x0, 0x0, 0x0,
    0x1, 0xcf, 0xff, 0xff, 0xff, 0xff, 0xf4, 0x0,
    0x0, 0x0, 0x0, 0x0, 0x0, 0x0, 0x3e, 0xff,
    0xff, 0xff, 0xff, 0xfd, 0x20, 0x0, 0x0, 0x0,
    0x0, 0x0, 0x0, 0x5, 0xff, 0xff, 0xff, 0xff,
    0xff, 0xb1, 0x0, 0x0, 0x0, 0x0, 0x0, 0x0,
    0x0, 0x8f, 0xff, 0xff, 0xff, 0xff, 0xf9, 0x0,
    0x0, 0x0, 0x0, 0x0, 0x0, 0x0, 0xa, 0xff,
    0xff, 0xff, 0xff, 0xff, 0x70, 0x0, 0x0, 0x0,
    0x0, 0x0, 0x0, 0x0, 0x9f, 0xff, 0xff, 0xff,
    0xff, 0xf4, 0x0, 0x0, 0x0, 0x0, 0x0, 0x0,
    0x0, 0x0, 0xaf, 0xff, 0xff, 0xff, 0xfd, 0x20,
    0x0, 0x0, 0x0, 0x0, 0x0, 0x0, 0x0, 0x0,
    0xaf, 0xff, 0xff, 0xff, 0xf3, 0x0, 0x0, 0x0,
    0x0, 0x0, 0x0, 0x0, 0x0, 0x0, 0xaf, 0xff,
    0xff, 0xff, 0xfc, 0xbb, 0xbb, 0xbb, 0xbb, 0xbb,
    0xbb, 0xbb, 0xbb, 0xb0, 0xaf, 0xff, 0xff, 0xff,
    0xff, 0xff, 0xff, 0xff, 0xff, 0xff, 0xff, 0xff,
    0xff, 0xf1, 0xaf, 0xff, 0xff, 0xff, 0xff, 0xff,
    0xff, 0xff, 0xff, 0xff, 0xff, 0xff, 0xff, 0xf1,
    0xaf, 0xff, 0xff, 0xff, 0xff, 0xff, 0xff, 0xff,
    0xff, 0xff, 0xff, 0xff, 0xff, 0xf1, 0xaf, 0xff,
    0xff, 0xff, 0xff, 0xff, 0xff, 0xff, 0xff, 0xff,
    0xff, 0xff, 0xff, 0xf1, 0xaf, 0xff, 0xff, 0xff,
    0xff, 0xff, 0xff, 0xff, 0xff, 0xff, 0xff, 0xff,
    0xff, 0xf1, 0xaf, 0xff, 0xff, 0xff, 0xff, 0xff,
    0xff, 0xff, 0xff, 0xff, 0xff, 0xff, 0xff, 0xf1,

    /* U+007B "{" */
    0x0, 0x0, 0x0, 0x0, 0x0, 0x0, 0x29, 0xdf,
    0xff, 0xff, 0xff, 0xff, 0xff, 0xc0, 0x0, 0x0,
    0x0, 0x0, 0x0, 0x5f, 0xff, 0xff, 0xff, 0xff,
    0xff, 0xff, 0xfc, 0x0, 0x0, 0x0, 0x0, 0x0,
    0x4f, 0xff, 0xff, 0xff, 0xff, 0xff, 0xff, 0xff,
    0xc0, 0x0, 0x0, 0x0, 0x0, 0xd, 0xff, 0xff,
    0xff, 0xff, 0xff, 0xff, 0xff, 0xfc, 0x0, 0x0,
    0x0, 0x0, 0x4, 0xff, 0xff, 0xff, 0xff, 0xff,
    0xff, 0xff, 0xff, 0xc0, 0x0, 0x0, 0x0, 0x0,
    0x8f, 0xff, 0xff, 0xff, 0xff, 0xff, 0xff, 0xff,
    0xfc, 0x0, 0x0, 0x0, 0x0, 0x9, 0xff, 0xff,
    0xff, 0xff, 0xff, 0xff, 0xff, 0xff, 0xc0, 0x0,
    0x0, 0x0, 0x0, 0x9f, 0xff, 0xff, 0xff, 0xb1,
    0x0, 0x0, 0x0, 0x0, 0x0, 0x0, 0x0, 0x0,
    0x9, 0xff, 0xff, 0xff, 0xf4, 0x0, 0x0, 0x0,
    0x0, 0x0, 0x0, 0x0, 0x0, 0x0, 0x9f, 0xff,
    0xff, 0xff, 0x30, 0x0, 0x0, 0x0, 0x0, 0x0,
    0x0, 0x0, 0x0, 0x9, 0xff, 0xff, 0xff, 0xf3,
    0x0, 0x0, 0x0, 0x0, 0x0, 0x0, 0x0, 0x0,
    0x0, 0x9f, 0xff, 0xff, 0xff, 0x30, 0x0, 0x0,
    0x0, 0x0, 0x0, 0x0, 0x0, 0x0, 0x9, 0xff,
    0xff, 0xff, 0xf3, 0x0, 0x0, 0x0, 0x0, 0x0,
    0x0, 0x0, 0x0, 0x0, 0x9f, 0xff, 0xff, 0xff,
    0x30, 0x0, 0x0, 0x0, 0x0, 0x0, 0x0, 0x0,
    0x0, 0x9, 0xff, 0xff, 0xff, 0xf3, 0x0, 0x0,
    0x0, 0x0, 0x0, 0x0, 0x0, 0x0, 0x0, 0x9f,
    0xff, 0xff, 0xff, 0x30, 0x0, 0x0, 0x0, 0x0,
    0x0, 0x0, 0x0, 0x0, 0x9, 0xff, 0xff, 0xff,
    0xf3, 0x0, 0x0, 0x0, 0x0, 0x0, 0x0, 0x0,
    0x0, 0x0, 0x9f, 0xff, 0xff, 0xff, 0x30, 0x0,
    0x0, 0x0, 0x0, 0x0, 0x0, 0x0, 0x0, 0x9,
    0xff, 0xff, 0xff, 0xf3, 0x0, 0x0, 0x0, 0x0,
    0x0, 0x0, 0x0, 0x0, 0x0, 0x9f, 0xff, 0xff,
    0xff, 0x30, 0x0, 0x0, 0x0, 0x0, 0x0, 0x0,
    0x0, 0x0, 0x9, 0xff, 0xff, 0xff, 0xf3, 0x0,
    0x0, 0x0, 0x0, 0x0, 0x0, 0x0, 0x0, 0x0,
    0x9f, 0xff, 0xff, 0xff, 0x30, 0x0, 0x0, 0x0,
    0x0, 0x0, 0x0, 0x0, 0x0, 0x9, 0xff, 0xff,
    0xff, 0xf3, 0x0, 0x0, 0x0, 0x0, 0x0, 0x0,
    0x0, 0x0, 0x0, 0x9f, 0xff, 0xff, 0xff, 0x30,
    0x0, 0x0, 0x0, 0x0, 0x0, 0x0, 0x0, 0x0,
    0x9, 0xff, 0xff, 0xff, 0xf3, 0x0, 0x0, 0x0,
    0x0, 0x0, 0x0, 0x0, 0x0, 0x0, 0x9f, 0xff,
    0xff, 0xff, 0x30, 0x0, 0x0, 0x0, 0x0, 0x0,
    0x0, 0x0, 0x0, 0x9, 0xff, 0xff, 0xff, 0xf3,
    0x0, 0x0, 0x0, 0x0, 0x0, 0x0, 0x0, 0x0,
    0x0, 0xaf, 0xff, 0xff, 0xff, 0x20, 0x0, 0x0,
    0x0, 0x0, 0x0, 0x0, 0x0, 0x0, 0x3f, 0xff,
    0xff, 0xff, 0xf0, 0x0, 0x0, 0x0, 0x0, 0xb,
    0xff, 0xff, 0xff, 0xff, 0xff, 0xff, 0xff, 0xfa,
    0x0, 0x0, 0x0, 0x0, 0x0, 0xbf, 0xff, 0xff,
    0xff, 0xff, 0xff, 0xff, 0xfe, 0x10, 0x0, 0x0,
    0x0, 0x0, 0xb, 0xff, 0xff, 0xff, 0xff, 0xff,
    0xff, 0xfc, 0x20, 0x0, 0x0, 0x0, 0x0, 0x0,
    0xbf, 0xff, 0xff, 0xff, 0xff, 0xf6, 0x42, 0x0,
    0x0, 0x0, 0x0, 0x0, 0x0, 0xb, 0xff, 0xff,
    0xff, 0xff, 0xff, 0xa8, 0x61, 0x0, 0x0, 0x0,
    0x0, 0x0, 0x0, 0xbf, 0xff, 0xff, 0xff, 0xff,
    0xff, 0xff, 0xf5, 0x0, 0x0, 0x0, 0x0, 0x0,
    0xb, 0xff, 0xff, 0xff, 0xff, 0xff, 0xff, 0xff,
    0xf4, 0x0, 0x0, 0x0, 0x0, 0x0, 0x8c, 0xcc,
    0xcc, 0xcc, 0xef, 0xff, 0xff, 0xff, 0xc0, 0x0,
    0x0, 0x0, 0x0, 0x0, 0x0, 0x0, 0x0, 0x0,
    0xdf, 0xff, 0xff, 0xff, 0x10, 0x0, 0x0, 0x0,
    0x0, 0x0, 0x0, 0x0, 0x0, 0xa, 0xff, 0xff,
    0xff, 0xf3, 0x0, 0x0, 0x0, 0x0, 0x0, 0x0,
    0x0, 0x0, 0x0, 0x9f, 0xff, 0xff, 0xff, 0x30,
    0x0, 0x0, 0x0, 0x0, 0x0, 0x0, 0x0, 0x0,
    0x9, 0xff, 0xff, 0xff, 0xf3, 0x0, 0x0, 0x0,
    0x0, 0x0, 0x0, 0x0, 0x0, 0x0, 0x9f, 0xff,
    0xff, 0xff, 0x30, 0x0, 0x0, 0x0, 0x0, 0x0,
    0x0, 0x0, 0x0, 0x9, 0xff, 0xff, 0xff, 0xf3,
    0x0, 0x0, 0x0, 0x0, 0x0, 0x0, 0x0, 0x0,
    0x0, 0x9f, 0xff, 0xff, 0xff, 0x30, 0x0, 0x0,
    0x0, 0x0, 0x0, 0x0, 0x0, 0x0, 0x9, 0xff,
    0xff, 0xff, 0xf3, 0x0, 0x0, 0x0, 0x0, 0x0,
    0x0, 0x0, 0x0, 0x0, 0x9f, 0xff, 0xff, 0xff,
    0x30, 0x0, 0x0, 0x0, 0x0, 0x0, 0x0, 0x0,
    0x0, 0x9, 0xff, 0xff, 0xff, 0xf3, 0x0, 0x0,
    0x0, 0x0, 0x0, 0x0, 0x0, 0x0, 0x0, 0x9f,
    0xff, 0xff, 0xff, 0x30, 0x0, 0x0, 0x0, 0x0,
    0x0, 0x0, 0x0, 0x0, 0x9, 0xff, 0xff, 0xff,
    0xf3, 0x0, 0x0, 0x0, 0x0, 0x0, 0x0, 0x0,
    0x0, 0x0, 0x9f, 0xff, 0xff, 0xff, 0x30, 0x0,
    0x0, 0x0, 0x0, 0x0, 0x0, 0x0, 0x0, 0x9,
    0xff, 0xff, 0xff, 0xf3, 0x0, 0x0, 0x0, 0x0,
    0x0, 0x0, 0x0, 0x0, 0x0, 0x9f, 0xff, 0xff,
    0xff, 0x30, 0x0, 0x0, 0x0, 0x0, 0x0, 0x0,
    0x0, 0x0, 0x9, 0xff, 0xff, 0xff, 0xf3, 0x0,
    0x0, 0x0, 0x0, 0x0, 0x0, 0x0, 0x0, 0x0,
    0x9f, 0xff, 0xff, 0xff, 0x30, 0x0, 0x0, 0x0,
    0x0, 0x0, 0x0, 0x0, 0x0, 0x9, 0xff, 0xff,
    0xff, 0xf3, 0x0, 0x0, 0x0, 0x0, 0x0, 0x0,
    0x0, 0x0, 0x0, 0x9f, 0xff, 0xff, 0xff, 0x30,
    0x0, 0x0, 0x0, 0x0, 0x0, 0x0, 0x0, 0x0,
    0x9, 0xff, 0xff, 0xff, 0xf4, 0x0, 0x0, 0x0,
    0x0, 0x0, 0x0, 0x0, 0x0, 0x0, 0x9f, 0xff,
    0xff, 0xff, 0xb1, 0x0, 0x0, 0x0, 0x0, 0x0,
    0x0, 0x0, 0x0, 0x9, 0xff, 0xff, 0xff, 0xff,
    0xff, 0xff, 0xff, 0xff, 0xc0, 0x0, 0x0, 0x0,
    0x0, 0x8f, 0xff, 0xff, 0xff, 0xff, 0xff, 0xff,
    0xff, 0xfc, 0x0, 0x0, 0x0, 0x0, 0x5, 0xff,
    0xff, 0xff, 0xff, 0xff, 0xff, 0xff, 0xff, 0xc0,
    0x0, 0x0, 0x0, 0x0, 0xe, 0xff, 0xff, 0xff,
    0xff, 0xff, 0xff, 0xff, 0xfc, 0x0, 0x0, 0x0,
    0x0, 0x0, 0x5f, 0xff, 0xff, 0xff, 0xff, 0xff,
    0xff, 0xff, 0xc0, 0x0, 0x0, 0x0, 0x0, 0x0,
    0x6f, 0xff, 0xff, 0xff, 0xff, 0xff, 0xff, 0xfc,
    0x0, 0x0, 0x0, 0x0, 0x0, 0x0, 0x29, 0xdf,
    0xff, 0xff, 0xff, 0xff, 0xff, 0xc0,

    /* U+007C "|" */
    0x1, 0x11, 0x11, 0x11, 0xc, 0xff, 0xff, 0xff,
    0xf4, 0xcf, 0xff, 0xff, 0xff, 0x4c, 0xff, 0xff,
    0xff, 0xf4, 0xcf, 0xff, 0xff, 0xff, 0x4c, 0xff,
    0xff, 0xff, 0xf4, 0xcf, 0xff, 0xff, 0xff, 0x4c,
    0xff, 0xff, 0xff, 0xf4, 0xcf, 0xff, 0xff, 0xff,
    0x4c, 0xff, 0xff, 0xff, 0xf4, 0xcf, 0xff, 0xff,
    0xff, 0x4c, 0xff, 0xff, 0xff, 0xf4, 0xcf, 0xff,
    0xff, 0xff, 0x4c, 0xff, 0xff, 0xff, 0xf4, 0xcf,
    0xff, 0xff, 0xff, 0x4c, 0xff, 0xff, 0xff, 0xf4,
    0xcf, 0xff, 0xff, 0xff, 0x4c, 0xff, 0xff, 0xff,
    0xf4, 0xcf, 0xff, 0xff, 0xff, 0x4c, 0xff, 0xff,
    0xff, 0xf4, 0xcf, 0xff, 0xff, 0xff, 0x4c, 0xff,
    0xff, 0xff, 0xf4, 0xcf, 0xff, 0xff, 0xff, 0x4c,
    0xff, 0xff, 0xff, 0xf4, 0xcf, 0xff, 0xff, 0xff,
    0x4c, 0xff, 0xff, 0xff, 0xf4, 0xcf, 0xff, 0xff,
    0xff, 0x4c, 0xff, 0xff, 0xff, 0xf4, 0xcf, 0xff,
    0xff, 0xff, 0x4c, 0xff, 0xff, 0xff, 0xf4, 0xcf,
    0xff, 0xff, 0xff, 0x4c, 0xff, 0xff, 0xff, 0xf4,
    0xcf, 0xff, 0xff, 0xff, 0x4c, 0xff, 0xff, 0xff,
    0xf4, 0xcf, 0xff, 0xff, 0xff, 0x4c, 0xff, 0xff,
    0xff, 0xf4, 0xcf, 0xff, 0xff, 0xff, 0x4c, 0xff,
    0xff, 0xff, 0xf4, 0xcf, 0xff, 0xff, 0xff, 0x4c,
    0xff, 0xff, 0xff, 0xf4, 0xcf, 0xff, 0xff, 0xff,
    0x4c, 0xff, 0xff, 0xff, 0xf4, 0xcf, 0xff, 0xff,
    0xff, 0x4c, 0xff, 0xff, 0xff, 0xf4, 0xcf, 0xff,
    0xff, 0xff, 0x4c, 0xff, 0xff, 0xff, 0xf4, 0xcf,
    0xff, 0xff, 0xff, 0x4c, 0xff, 0xff, 0xff, 0xf4,
    0xcf, 0xff, 0xff, 0xff, 0x4c, 0xff, 0xff, 0xff,
    0xf4, 0xcf, 0xff, 0xff, 0xff, 0x4c, 0xff, 0xff,
    0xff, 0xf4, 0xcf, 0xff, 0xff, 0xff, 0x4c, 0xff,
    0xff, 0xff, 0xf4, 0xcf, 0xff, 0xff, 0xff, 0x4c,
    0xff, 0xff, 0xff, 0xf4, 0xcf, 0xff, 0xff, 0xff,
    0x4c, 0xff, 0xff, 0xff, 0xf4, 0xcf, 0xff, 0xff,
    0xff, 0x4c, 0xff, 0xff, 0xff, 0xf4, 0xcf, 0xff,
    0xff, 0xff, 0x4c, 0xff, 0xff, 0xff, 0xf4, 0xcf,
    0xff, 0xff, 0xff, 0x4c, 0xff, 0xff, 0xff, 0xf4,
    0xcf, 0xff, 0xff, 0xff, 0x4c, 0xff, 0xff, 0xff,
    0xf4, 0xcf, 0xff, 0xff, 0xff, 0x4c, 0xff, 0xff,
    0xff, 0xf4, 0xcf, 0xff, 0xff, 0xff, 0x40,

    /* U+007D "}" */
    0xff, 0xff, 0xff, 0xff, 0xff, 0xff, 0xc8, 0x10,
    0x0, 0x0, 0x0, 0x0, 0x0, 0xf, 0xff, 0xff,
    0xff, 0xff, 0xff, 0xff, 0xfe, 0x30, 0x0, 0x0,
    0x0, 0x0, 0x0, 0xff, 0xff, 0xff, 0xff, 0xff,
    0xff, 0xff, 0xff, 0x20, 0x0, 0x0, 0x0, 0x0,
    0xf, 0xff, 0xff, 0xff, 0xff, 0xff, 0xff, 0xff,
    0xfb, 0x0, 0x0, 0x0, 0x0, 0x0, 0xff, 0xff,
    0xff, 0xff, 0xff, 0xff, 0xff, 0xff, 0xf1, 0x0,
    0x0, 0x0, 0x0, 0xf, 0xff, 0xff, 0xff, 0xff,
    0xff, 0xff, 0xff, 0xff, 0x50, 0x0, 0x0, 0x0,
    0x0, 0xff, 0xff, 0xff, 0xff, 0xff, 0xff, 0xff,
    0xff, 0xf6, 0x0, 0x0, 0x0, 0x0, 0x0, 0x0,
    0x0, 0x0, 0x2, 0xdf, 0xff, 0xff, 0xff, 0x70,
    0x0, 0x0, 0x0, 0x0, 0x0, 0x0, 0x0, 0x0,
    0x6, 0xff, 0xff, 0xff, 0xf7, 0x0, 0x0, 0x0,
    0x0, 0x0, 0x0, 0x0, 0x0, 0x0, 0x6f, 0xff,
    0xff, 0xff, 0x70, 0x0, 0x0, 0x0, 0x0, 0x0,
    0x0, 0x0, 0x0, 0x6, 0xff, 0xff, 0xff, 0xf7,
    0x0, 0x0, 0x0, 0x0, 0x0, 0x0, 0x0, 0x0,
    0x0, 0x6f, 0xff, 0xff, 0xff, 0x70, 0x0, 0x0,
    0x0, 0x0, 0x0, 0x0, 0x0, 0x0, 0x6, 0xff,
    0xff, 0xff, 0xf7, 0x0, 0x0, 0x0, 0x0, 0x0,
    0x0, 0x0, 0x0, 0x0, 0x6f, 0xff, 0xff, 0xff,
    0x70, 0x0, 0x0, 0x0, 0x0, 0x0, 0x0, 0x0,
    0x0, 0x6, 0xff, 0xff, 0xff, 0xf7, 0x0, 0x0,
    0x0, 0x0, 0x0, 0x0, 0x0, 0x0, 0x0, 0x6f,
    0xff, 0xff, 0xff, 0x70, 0x0, 0x0, 0x0, 0x0,
    0x0, 0x0, 0x0, 0x0, 0x6, 0xff, 0xff, 0xff,
    0xf7, 0x0, 0x0, 0x0, 0x0, 0x0, 0x0, 0x0,
    0x0, 0x0, 0x6f, 0xff, 0xff, 0xff, 0x70, 0x0,
    0x0, 0x0, 0x0, 0x0, 0x0, 0x0, 0x0, 0x6,
    0xff, 0xff, 0xff, 0xf7, 0x0, 0x0, 0x0, 0x0,
    0x0, 0x0, 0x0, 0x0, 0x0, 0x6f, 0xff, 0xff,
    0xff, 0x70, 0x0, 0x0, 0x0, 0x0, 0x0, 0x0,
    0x0, 0x0, 0x6, 0xff, 0xff, 0xff, 0xf7, 0x0,
    0x0, 0x0, 0x0, 0x0, 0x0, 0x0, 0x0, 0x0,
    0x6f, 0xff, 0xff, 0xff, 0x70, 0x0, 0x0, 0x0,
    0x0, 0x0, 0x0, 0x0, 0x0, 0x6, 0xff, 0xff,
    0xff, 0xf7, 0x0, 0x0, 0x0, 0x0, 0x0, 0x0,
    0x0, 0x0, 0x0, 0x6f, 0xff, 0xff, 0xff, 0x70,
    0x0, 0x0, 0x0, 0x0, 0x0, 0x0, 0x0, 0x0,
    0x6, 0xff, 0xff, 0xff, 0xf7, 0x0, 0x0, 0x0,
    0x0, 0x0, 0x0, 0x0, 0x0, 0x0, 0x6f, 0xff,
    0xff, 0xff, 0x70, 0x0, 0x0, 0x0, 0x0, 0x0,
    0x0, 0x0, 0x0, 0x6, 0xff, 0xff, 0xff, 0xf7,
    0x0, 0x0, 0x0, 0x0, 0x0, 0x0, 0x0, 0x0,
    0x0, 0x5f, 0xff, 0xff, 0xff, 0x70, 0x0, 0x0,
    0x0, 0x0, 0x0, 0x0, 0x0, 0x0, 0x2, 0xff,
    0xff, 0xff, 0xfd, 0x20, 0x0, 0x0, 0x0, 0x0,
    0x0, 0x0, 0x0, 0x0, 0xd, 0xff, 0xff, 0xff,
    0xff, 0xff, 0xff, 0xff, 0xf8, 0x0, 0x0, 0x0,
    0x0, 0x0, 0x3f, 0xff, 0xff, 0xff, 0xff, 0xff,
    0xff, 0xff, 0x80, 0x0, 0x0, 0x0, 0x0, 0x0,
    0x3d, 0xff, 0xff, 0xff, 0xff, 0xff, 0xff, 0xf8,
    0x0, 0x0, 0x0, 0x0, 0x0, 0x0, 0x2, 0x48,
    0xff, 0xff, 0xff, 0xff, 0xff, 0x80, 0x0, 0x0,
    0x0, 0x0, 0x0, 0x1, 0x68, 0xbf, 0xff, 0xff,
    0xff, 0xff, 0xf8, 0x0, 0x0, 0x0, 0x0, 0x0,
    0x7, 0xff, 0xff, 0xff, 0xff, 0xff, 0xff, 0xff,
    0x80, 0x0, 0x0, 0x0, 0x0, 0x6, 0xff, 0xff,
    0xff, 0xff, 0xff, 0xff, 0xff, 0xf8, 0x0, 0x0,
    0x0, 0x0, 0x0, 0xef, 0xff, 0xff, 0xff, 0xec,
    0xcc, 0xcc, 0xcc, 0x60, 0x0, 0x0, 0x0, 0x0,
    0x4f, 0xff, 0xff, 0xff, 0xb0, 0x0, 0x0, 0x0,
    0x0, 0x0, 0x0, 0x0, 0x0, 0x5, 0xff, 0xff,
    0xff, 0xf7, 0x0, 0x0, 0x0, 0x0, 0x0, 0x0,
    0x0, 0x0, 0x0, 0x6f, 0xff, 0xff, 0xff, 0x70,
    0x0, 0x0, 0x0, 0x0, 0x0, 0x0, 0x0, 0x0,
    0x6, 0xff, 0xff, 0xff, 0xf7, 0x0, 0x0, 0x0,
    0x0, 0x0, 0x0, 0x0, 0x0, 0x0, 0x6f, 0xff,
    0xff, 0xff, 0x70, 0x0, 0x0, 0x0, 0x0, 0x0,
    0x0, 0x0, 0x0, 0x6, 0xff, 0xff, 0xff, 0xf7,
    0x0, 0x0, 0x0, 0x0, 0x0, 0x0, 0x0, 0x0,
    0x0, 0x6f, 0xff, 0xff, 0xff, 0x70, 0x0, 0x0,
    0x0, 0x0, 0x0, 0x0, 0x0, 0x0, 0x6, 0xff,
    0xff, 0xff, 0xf7, 0x0, 0x0, 0x0, 0x0, 0x0,
    0x0, 0x0, 0x0, 0x0, 0x6f, 0xff, 0xff, 0xff,
    0x70, 0x0, 0x0, 0x0, 0x0, 0x0, 0x0, 0x0,
    0x0, 0x6, 0xff, 0xff, 0xff, 0xf7, 0x0, 0x0,
    0x0, 0x0, 0x0, 0x0, 0x0, 0x0, 0x0, 0x6f,
    0xff, 0xff, 0xff, 0x70, 0x0, 0x0, 0x0, 0x0,
    0x0, 0x0, 0x0, 0x0, 0x6, 0xff, 0xff, 0xff,
    0xf7, 0x0, 0x0, 0x0, 0x0, 0x0, 0x0, 0x0,
    0x0, 0x0, 0x6f, 0xff, 0xff, 0xff, 0x70, 0x0,
    0x0, 0x0, 0x0, 0x0, 0x0, 0x0, 0x0, 0x6,
    0xff, 0xff, 0xff, 0xf7, 0x0, 0x0, 0x0, 0x0,
    0x0, 0x0, 0x0, 0x0, 0x0, 0x6f, 0xff, 0xff,
    0xff, 0x70, 0x0, 0x0, 0x0, 0x0, 0x0, 0x0,
    0x0, 0x0, 0x6, 0xff, 0xff, 0xff, 0xf7, 0x0,
    0x0, 0x0, 0x0, 0x0, 0x0, 0x0, 0x0, 0x0,
    0x6f, 0xff, 0xff, 0xff, 0x70, 0x0, 0x0, 0x0,
    0x0, 0x0, 0x0, 0x0, 0x0, 0x6, 0xff, 0xff,
    0xff, 0xf7, 0x0, 0x0, 0x0, 0x0, 0x0, 0x0,
    0x0, 0x0, 0x0, 0x6f, 0xff, 0xff, 0xff, 0x70,
    0x0, 0x0, 0x0, 0x0, 0x0, 0x0, 0x0, 0x0,
    0x6, 0xff, 0xff, 0xff, 0xf7, 0x0, 0x0, 0x0,
    0x0, 0x0, 0x0, 0x0, 0x0, 0x2, 0xdf, 0xff,
    0xff, 0xff, 0x70, 0x0, 0x0, 0x0, 0x0, 0xff,
    0xff, 0xff, 0xff, 0xff, 0xff, 0xff, 0xff, 0xf6,
    0x0, 0x0, 0x0, 0x0, 0xf, 0xff, 0xff, 0xff,
    0xff, 0xff, 0xff, 0xff, 0xff, 0x50, 0x0, 0x0,
    0x0, 0x0, 0xff, 0xff, 0xff, 0xff, 0xff, 0xff,
    0xff, 0xff, 0xf2, 0x0, 0x0, 0x0, 0x0, 0xf,
    0xff, 0xff, 0xff, 0xff, 0xff, 0xff, 0xff, 0xfc,
    0x0, 0x0, 0x0, 0x0, 0x0, 0xff, 0xff, 0xff,
    0xff, 0xff, 0xff, 0xff, 0xff, 0x30, 0x0, 0x0,
    0x0, 0x0, 0xf, 0xff, 0xff, 0xff, 0xff, 0xff,
    0xff, 0xfe, 0x40, 0x0, 0x0, 0x0, 0x0, 0x0,
    0xff, 0xff, 0xff, 0xff, 0xff, 0xff, 0xd8, 0x10,
    0x0, 0x0, 0x0, 0x0, 0x0, 0x0,

    /* U+007E "~" */
    0x0, 0x0, 0x0, 0x0, 0x0, 0x0, 0x0, 0x0,
    0x0, 0x0, 0x0, 0x0, 0x0, 0x0, 0x0, 0x10,
    0x0, 0x0, 0x0, 0x0, 0x0, 0x0, 0x0, 0x5a,
    0xde, 0xc9, 0x20, 0x0, 0x0, 0x0, 0x0, 0x0,
    0xae, 0x10, 0x0, 0x0, 0x0, 0x0, 0x0, 0x4,
    0xdf, 0xff, 0xff, 0xff, 0x60, 0x0, 0x0, 0x0,
    0x2, 0xdf, 0xfb, 0x0, 0x0, 0x0, 0x0, 0x0,
    0x9, 0xff, 0xff, 0xff, 0xff, 0xff, 0x60, 0x0,
    0x0, 0x5, 0xff, 0xff, 0xf7, 0x0, 0x0, 0x0,
    0x0, 0x2c, 0xff, 0xff, 0xff, 0xff, 0xff, 0xff,
    0x30, 0x0, 0x9, 0xff, 0xff, 0xff, 0xf3, 0x0,
    0x0, 0x0, 0x4e, 0xff, 0xff, 0xff, 0xff, 0xff,
    0xff, 0xfe, 0x20, 0x3d, 0xff, 0xff, 0xff, 0xff,
    0xd0, 0x0, 0x0, 0x8f, 0xff, 0xff, 0xff, 0xff,
    0xff, 0xff, 0xff, 0xff, 0xff, 0xff, 0xff, 0xff,
    0xff, 0xff, 0x90, 0x1, 0xcf, 0xff, 0xff, 0xff,
    0xff, 0xff, 0xff, 0xff, 0xff, 0xff, 0xff, 0xff,
    0xff, 0xff, 0xff, 0xc1, 0x4, 0xef, 0xff, 0xff,
    0xff, 0xff, 0xff, 0xff, 0xff, 0xff, 0xff, 0xff,
    0xff, 0xff, 0xff, 0xff, 0x80, 0x1, 0xff, 0xff,
    0xff, 0xff, 0xff, 0xff, 0xff, 0xff, 0xff, 0xff,
    0xff, 0xff, 0xff, 0xff, 0xff, 0x50, 0x0, 0x5,
    0xff, 0xff, 0xff, 0xff, 0xfa, 0x20, 0x7f, 0xff,
    0xff, 0xff, 0xff, 0xff, 0xff, 0xfc, 0x20, 0x0,
    0x0, 0x9, 0xff, 0xff, 0xff, 0xf5, 0x0, 0x0,
    0x9f, 0xff, 0xff, 0xff, 0xff, 0xff, 0xf9, 0x0,
    0x0, 0x0, 0x0, 0xd, 0xff, 0xff, 0xc2, 0x0,
    0x0, 0x0, 0xcf, 0xff, 0xff, 0xff, 0xff, 0xf5,
    0x0, 0x0, 0x0, 0x0, 0x0, 0x2f, 0xff, 0x90,
    0x0, 0x0, 0x0, 0x1, 0xcf, 0xff, 0xff, 0xff,
    0xc2, 0x0, 0x0, 0x0, 0x0, 0x0, 0x0, 0x5f,
    0x50, 0x0, 0x0, 0x0, 0x0, 0x0, 0x6c, 0xef,
    0xda, 0x40, 0x0, 0x0, 0x0, 0x0, 0x0, 0x0,
    0x0, 0x10, 0x0, 0x0, 0x0, 0x0, 0x0, 0x0,
    0x0, 0x0, 0x0, 0x0, 0x0, 0x0, 0x0, 0x0,

    /* U+00AE "®" */
    0x0, 0x0, 0x0, 0x0, 0x17, 0xad, 0xff, 0xfd,
    0xa7, 0x20, 0x0, 0x0, 0x0, 0x0, 0x0, 0x0,
    0x2, 0xaf, 0xff, 0xff, 0xff, 0xff, 0xff, 0xb3,
    0x0, 0x0, 0x0, 0x0, 0x0, 0x8, 0xff, 0xff,
    0xfe, 0xcb, 0xce, 0xff, 0xff, 0xf8, 0x0, 0x0,
    0x0, 0x0, 0xb, 0xff, 0xfc, 0x61, 0x0, 0x0,
    0x1, 0x5c, 0xff, 0xfb, 0x0, 0x0, 0x0, 0xb,
    0xff, 0xf5, 0x0, 0x0, 0x0, 0x0, 0x0, 0x5,
    0xef, 0xfb, 0x0, 0x0, 0x8, 0xff, 0xd2, 0x0,
    0x0, 0x0, 0x0, 0x0, 0x0, 0x2, 0xdf, 0xf8,
    0x0, 0x2, 0xff, 0xf2, 0x0, 0x1f, 0xff, 0xff,
    0xfe, 0xa2, 0x0, 0x2, 0xff, 0xf2, 0x0, 0xaf,
    0xf6, 0x0, 0x1, 0xff, 0xff, 0xff, 0xff, 0xf2,
    0x0, 0x6, 0xff, 0xa0, 0x1f, 0xfe, 0x0, 0x0,
    0x1f, 0xfc, 0x77, 0x7c, 0xff, 0xc0, 0x0, 0xd,
    0xff, 0x16, 0xff, 0x80, 0x0, 0x1, 0xff, 0x90,
    0x0, 0xd, 0xff, 0x10, 0x0, 0x7f, 0xf6, 0x9f,
    0xf4, 0x0, 0x0, 0x1f, 0xf9, 0x0, 0x0, 0x9f,
    0xf1, 0x0, 0x3, 0xff, 0xac, 0xff, 0x0, 0x0,
    0x1, 0xff, 0x90, 0x0, 0xb, 0xfe, 0x0, 0x0,
    0xf, 0xfc, 0xdf, 0xf0, 0x0, 0x0, 0x1f, 0xf9,
    0x0, 0x6, 0xff, 0x70, 0x0, 0x0, 0xff, 0xee,
    0xfe, 0x0, 0x0, 0x1, 0xff, 0xff, 0xff, 0xff,
    0x70, 0x0, 0x0, 0xe, 0xff, 0xdf, 0xf0, 0x0,
    0x0, 0x1f, 0xff, 0xff, 0xff, 0x90, 0x0, 0x0,
    0x0, 0xff, 0xec, 0xff, 0x0, 0x0, 0x1, 0xff,
    0xc7, 0x77, 0xcf, 0xe2, 0x0, 0x0, 0xf, 0xfd,
    0x9f, 0xf3, 0x0, 0x0, 0x1f, 0xf9, 0x0, 0x2,
    0xff, 0x80, 0x0, 0x3, 0xff, 0xa6, 0xff, 0x80,
    0x0, 0x1, 0xff, 0x90, 0x0, 0x1f, 0xf9, 0x0,
    0x0, 0x7f, 0xf6, 0x1f, 0xfe, 0x0, 0x0, 0x1f,
    0xf9, 0x0, 0x1, 0xff, 0xa0, 0x0, 0xd, 0xff,
    0x10, 0xaf, 0xf6, 0x0, 0x1, 0xff, 0x90, 0x0,
    0x1f, 0xfa, 0x0, 0x6, 0xff, 0xa0, 0x2, 0xff,
    0xf2, 0x0, 0x1f, 0xf9, 0x0, 0x1, 0xff, 0xa0,
    0x2, 0xff, 0xf2, 0x0, 0x8, 0xff, 0xd2, 0x0,
    0x0, 0x0, 0x0, 0x0, 0x0, 0x2, 0xdf, 0xf8,
    0x0, 0x0, 0xb, 0xff, 0xf5, 0x0, 0x0, 0x0,
    0x0, 0x0, 0x5, 0xef, 0xfb, 0x0, 0x0, 0x0,
    0xb, 0xff, 0xfc, 0x61, 0x0, 0x0, 0x1, 0x5c,
    0xff, 0xfb, 0x0, 0x0, 0x0, 0x0, 0x8, 0xff,
    0xff, 0xfe, 0xcb, 0xce, 0xff, 0xff, 0xf8, 0x0,
    0x0, 0x0, 0x0, 0x0, 0x3, 0xbf, 0xff, 0xff,
    0xff, 0xff, 0xff, 0xb3, 0x0, 0x0, 0x0, 0x0,
    0x0, 0x0, 0x0, 0x27, 0xbd, 0xff, 0xfd, 0xb7,
    0x20, 0x0, 0x0, 0x0, 0x0,

    /* U+00B0 "°" */
    0x0, 0x0, 0x0, 0x39, 0xce, 0xff, 0xd9, 0x40,
    0x0, 0x0, 0x0, 0x0, 0x0, 0x2c, 0xff, 0xff,
    0xff, 0xff, 0xfd, 0x40, 0x0, 0x0, 0x0, 0x6,
    0xff, 0xff, 0xff, 0xff, 0xff, 0xff, 0xf9, 0x0,
    0x0, 0x0, 0x6f, 0xff, 0xff, 0xff, 0xff, 0xff,
    0xff, 0xff, 0x90, 0x0, 0x3, 0xff, 0xff, 0xff,
    0xff, 0xff, 0xff, 0xff, 0xff, 0xf6, 0x0, 0xc,
    0xff, 0xff, 0xff, 0xff, 0xff, 0xff, 0xff, 0xff,
    0xfe, 0x0, 0x3f, 0xff, 0xff, 0xff, 0xc5, 0x35,
    0xaf, 0xff, 0xff, 0xff, 0x70, 0x8f, 0xff, 0xff,
    0xf9, 0x0, 0x0, 0x5, 0xff, 0xff, 0xff, 0xc0,
    0xcf, 0xff, 0xff, 0xd0, 0x0, 0x0, 0x0, 0xaf,
    0xff, 0xff, 0xf0, 0xef, 0xff, 0xff, 0x90, 0x0,
    0x0, 0x0, 0x5f, 0xff, 0xff, 0xf1, 0xff, 0xff,
    0xff, 0x70, 0x0, 0x0, 0x0, 0x4f, 0xff, 0xff,
    0xf2, 0xef, 0xff, 0xff, 0x90, 0x0, 0x0, 0x0,
    0x5f, 0xff, 0xff, 0xf1, 0xcf, 0xff, 0xff, 0xd0,
    0x0, 0x0, 0x0, 0xaf, 0xff, 0xff, 0xf0, 0x8f,
    0xff, 0xff, 0xf9, 0x0, 0x0, 0x6, 0xff, 0xff,
    0xff, 0xc0, 0x3f, 0xff, 0xff, 0xff, 0xc5, 0x34,
    0xaf, 0xff, 0xff, 0xff, 0x60, 0xc, 0xff, 0xff,
    0xff, 0xff, 0xff, 0xff, 0xff, 0xff, 0xfe, 0x0,
    0x2, 0xff, 0xff, 0xff, 0xff, 0xff, 0xff, 0xff,
    0xff, 0xf6, 0x0, 0x0, 0x6f, 0xff, 0xff, 0xff,
    0xff, 0xff, 0xff, 0xff, 0x90, 0x0, 0x0, 0x6,
    0xff, 0xff, 0xff, 0xff, 0xff, 0xff, 0xf9, 0x0,
    0x0, 0x0, 0x0, 0x3c, 0xff, 0xff, 0xff, 0xff,
    0xfd, 0x50, 0x0, 0x0, 0x0, 0x0, 0x0, 0x39,
    0xce, 0xff, 0xda, 0x50, 0x0, 0x0, 0x0,

    /* U+00B5 "µ" */
    0xcf, 0xff, 0xff, 0xff, 0x40, 0x0, 0x0, 0x0,
    0x0, 0x0, 0x0, 0x6f, 0xff, 0xff, 0xff, 0xb0,
    0x0, 0x0, 0xcf, 0xff, 0xff, 0xff, 0x40, 0x0,
    0x0, 0x0, 0x0, 0x0, 0x0, 0x6f, 0xff, 0xff,
    0xff, 0xb0, 0x0, 0x0, 0xcf, 0xff, 0xff, 0xff,
    0x40, 0x0, 0x0, 0x0, 0x0, 0x0, 0x0, 0x6f,
    0xff, 0xff, 0xff, 0xb0, 0x0, 0x0, 0xcf, 0xff,
    0xff, 0xff, 0x40, 0x0, 0x0, 0x0, 0x0, 0x0,
    0x0, 0x6f, 0xff, 0xff, 0xff, 0xb0, 0x0, 0x0,
    0xcf, 0xff, 0xff, 0xff, 0x40, 0x0, 0x0, 0x0,
    0x0, 0x0, 0x0, 0x6f, 0xff, 0xff, 0xff, 0xb0,
    0x0, 0x0, 0xcf, 0xff, 0xff, 0xff, 0x40, 0x0,
    0x0, 0x0, 0x0, 0x0, 0x0, 0x6f, 0xff, 0xff,
    0xff, 0xb0, 0x0, 0x0, 0xcf, 0xff, 0xff, 0xff,
    0x40, 0x0, 0x0, 0x0, 0x0, 0x0, 0x0, 0x6f,
    0xff, 0xff, 0xff, 0xb0, 0x0, 0x0, 0xcf, 0xff,
    0xff, 0xff, 0x40, 0x0, 0x0, 0x0, 0x0, 0x0,
    0x0, 0x6f, 0xff, 0xff, 0xff, 0xb0, 0x0, 0x0,
    0xcf, 0xff, 0xff, 0xff, 0x40, 0x0, 0x0, 0x0,
    0x0, 0x0, 0x0, 0x6f, 0xff, 0xff, 0xff, 0xb0,
    0x0, 0x0, 0xcf, 0xff, 0xff, 0xff, 0x40, 0x0,
    0x0, 0x0, 0x0, 0x0, 0x0, 0x6f, 0xff, 0xff,
    0xff, 0xb0, 0x0, 0x0, 0xcf, 0xff, 0xff, 0xff,
    0x40, 0x0, 0x0, 0x0, 0x0, 0x0, 0x0, 0x6f,
    0xff, 0xff, 0xff, 0xb0, 0x0, 0x0, 0xcf, 0xff,
    0xff, 0xff, 0x40, 0x0, 0x0, 0x0, 0x0, 0x0,
    0x0, 0x6f, 0xff, 0xff, 0xff, 0xb0, 0x0, 0x0,
    0xcf, 0xff, 0xff, 0xff, 0x40, 0x0, 0x0, 0x0,
    0x0, 0x0, 0x0, 0x6f, 0xff, 0xff, 0xff, 0xb0,
    0x0, 0x0, 0xcf, 0xff, 0xff, 0xff, 0x40, 0x0,
    0x0, 0x0, 0x0, 0x0, 0x0, 0x6f, 0xff, 0xff,
    0xff, 0xb0, 0x0, 0x0, 0xcf, 0xff, 0xff, 0xff,
    0x40, 0x0, 0x0, 0x0, 0x0, 0x0, 0x0, 0x6f,
    0xff, 0xff, 0xff, 0xb0, 0x0, 0x0, 0xcf, 0xff,
    0xff, 0xff, 0x40, 0x0, 0x0, 0x0, 0x0, 0x0,
    0x0, 0x6f, 0xff, 0xff, 0xff, 0xb0, 0x0, 0x0,
    0xcf, 0xff, 0xff, 0xff, 0x40, 0x0, 0x0, 0x0,
    0x0, 0x0, 0x0, 0x6f, 0xff, 0xff, 0xff, 0xb0,
    0x0, 0x0, 0xcf, 0xff, 0xff, 0xff, 0x40, 0x0,
    0x0, 0x0, 0x0, 0x0, 0x0, 0x6f, 0xff, 0xff,
    0xff, 0xb0, 0x0, 0x0, 0xcf, 0xff, 0xff, 0xff,
    0x40, 0x0, 0x0, 0x0, 0x0, 0x0, 0x0, 0x7f,
    0xff, 0xff, 0xff, 0xb0, 0x0, 0x0, 0xcf, 0xff,
    0xff, 0xff, 0x50, 0x0, 0x0, 0x0, 0x0, 0x0,
    0x0, 0x9f, 0xff, 0xff, 0xff, 0xb0, 0x0, 0x0,
    0xcf, 0xff, 0xff, 0xff, 0x60, 0x0, 0x0, 0x0,
    0x0, 0x0, 0x0, 0xcf, 0xff, 0xff, 0xff, 0xb0,
    0x0, 0x0, 0xcf, 0xff, 0xff, 0xff, 0xa0, 0x0,
    0x0, 0x0, 0x0, 0x0, 0x2, 0xff, 0xff, 0xff,
    0xff, 0xb0, 0x0, 0x0, 0xcf, 0xff, 0xff, 0xff,
    0xf1, 0x0, 0x0, 0x0, 0x0, 0x0, 0x9, 0xff,
    0xff, 0xff, 0xff, 0xb0, 0x0, 0x0, 0xcf, 0xff,
    0xff, 0xff, 0xf9, 0x0, 0x0, 0x0, 0x0, 0x0,
    0x3f, 0xff, 0xff, 0xff, 0xff, 0xb0, 0x0, 0x0,
    0xcf, 0xff, 0xff, 0xff, 0xff, 0x80, 0x0, 0x0,
    0x0, 0x4, 0xff, 0xff, 0xff, 0xff, 0xff, 0xe1,
    0x0, 0x0, 0xcf, 0xff, 0xff, 0xff, 0xff, 0xfd,
    0x62, 0x0, 0x15, 0xbf, 0xff, 0xff, 0xff, 0xff,
    0xff, 0xfe, 0xcb, 0xb0, 0xcf, 0xff, 0xff, 0xff,
    0xff, 0xff, 0xff, 0xff, 0xff, 0xff, 0xff, 0xff,
    0xff, 0xff, 0xff, 0xff, 0xff, 0xf0, 0xcf, 0xff,
    0xff, 0xff, 0xff, 0xff, 0xff, 0xff, 0xff, 0xff,
    0xff, 0xf7, 0xef, 0xff, 0xff, 0xff, 0xff, 0xf0,
    0xcf, 0xff, 0xff, 0xff, 0xff, 0xff, 0xff, 0xff,
    0xff, 0xff, 0xff, 0x80, 0xbf, 0xff, 0xff, 0xff,
    0xff, 0xf0, 0xcf, 0xff, 0xff, 0xff, 0xff, 0xff,
    0xff, 0xff, 0xff, 0xff, 0xfd, 0x0, 0x5f, 0xff,
    0xff, 0xff, 0xff, 0xf0, 0xcf, 0xff, 0xff, 0xff,
    0xef, 0xff, 0xff, 0xff, 0xff, 0xff, 0xd1, 0x0,
    0xa, 0xff, 0xff, 0xff, 0xff, 0xf0, 0xcf, 0xff,
    0xff, 0xff, 0x3, 0xdf, 0xff, 0xff, 0xff, 0xfa,
    0x10, 0x0, 0x0, 0x5b, 0xef, 0xff, 0xff, 0xf0,
    0xcf, 0xff, 0xff, 0xff, 0x0, 0x5, 0xac, 0xdc,
    0xb7, 0x20, 0x0, 0x0, 0x0, 0x0, 0x0, 0x0,
    0x0, 0x0, 0xcf, 0xff, 0xff, 0xff, 0x0, 0x0,
    0x0, 0x0, 0x0, 0x0, 0x0, 0x0, 0x0, 0x0,
    0x0, 0x0, 0x0, 0x0, 0xcf, 0xff, 0xff, 0xff,
    0x0, 0x0, 0x0, 0x0, 0x0, 0x0, 0x0, 0x0,
    0x0, 0x0, 0x0, 0x0, 0x0, 0x0, 0xcf, 0xff,
    0xff, 0xff, 0x0, 0x0, 0x0, 0x0, 0x0, 0x0,
    0x0, 0x0, 0x0, 0x0, 0x0, 0x0, 0x0, 0x0,
    0xcf, 0xff, 0xff, 0xff, 0x0, 0x0, 0x0, 0x0,
    0x0, 0x0, 0x0, 0x0, 0x0, 0x0, 0x0, 0x0,
    0x0, 0x0, 0xcf, 0xff, 0xff, 0xff, 0x0, 0x0,
    0x0, 0x0, 0x0, 0x0, 0x0, 0x0, 0x0, 0x0,
    0x0, 0x0, 0x0, 0x0, 0xcf, 0xff, 0xff, 0xff,
    0x0, 0x0, 0x0, 0x0, 0x0, 0x0, 0x0, 0x0,
    0x0, 0x0, 0x0, 0x0, 0x0, 0x0, 0xcf, 0xff,
    0xff, 0xff, 0x0, 0x0, 0x0, 0x0, 0x0, 0x0,
    0x0, 0x0, 0x0, 0x0, 0x0, 0x0, 0x0, 0x0,
    0xcf, 0xff, 0xff, 0xff, 0x0, 0x0, 0x0, 0x0,
    0x0, 0x0, 0x0, 0x0, 0x0, 0x0, 0x0, 0x0,
    0x0, 0x0, 0xcf, 0xff, 0xff, 0xff, 0x0, 0x0,
    0x0, 0x0, 0x0, 0x0, 0x0, 0x0, 0x0, 0x0,
    0x0, 0x0, 0x0, 0x0, 0xcf, 0xff, 0xff, 0xff,
    0x0, 0x0, 0x0, 0x0, 0x0, 0x0, 0x0, 0x0,
    0x0, 0x0, 0x0, 0x0, 0x0, 0x0, 0xcf, 0xff,
    0xff, 0xff, 0x0, 0x0, 0x0, 0x0, 0x0, 0x0,
    0x0, 0x0, 0x0, 0x0, 0x0, 0x0, 0x0, 0x0,
    0xcf, 0xff, 0xff, 0xff, 0x0, 0x0, 0x0, 0x0,
    0x0, 0x0, 0x0, 0x0, 0x0, 0x0, 0x0, 0x0,
    0x0, 0x0
};


/*---------------------
 *  GLYPH DESCRIPTION
 *--------------------*/

static const lv_font_fmt_txt_glyph_dsc_t glyph_dsc[] = {
    {.bitmap_index = 0, .adv_w = 0, .box_w = 0, .box_h = 0, .ofs_x = 0, .ofs_y = 0} /* id = 0 reserved */,
    {.bitmap_index = 0, .adv_w = 260, .box_w = 0, .box_h = 0, .ofs_x = 0, .ofs_y = 0},
    {.bitmap_index = 0, .adv_w = 305, .box_w = 13, .box_h = 46, .ofs_x = 3, .ofs_y = -1},
    {.bitmap_index = 299, .adv_w = 526, .box_w = 27, .box_h = 21, .ofs_x = 3, .ofs_y = 25},
    {.bitmap_index = 583, .adv_w = 651, .box_w = 37, .box_h = 46, .ofs_x = 2, .ofs_y = 0},
    {.bitmap_index = 1434, .adv_w = 621, .box_w = 35, .box_h = 61, .ofs_x = 2, .ofs_y = -8},
    {.bitmap_index = 2502, .adv_w = 776, .box_w = 46, .box_h = 48, .ofs_x = 1, .ofs_y = -2},
    {.bitmap_index = 3606, .adv_w = 605, .box_w = 36, .box_h = 45, .ofs_x = 1, .ofs_y = 0},
    {.bitmap_index = 4416, .adv_w = 301, .box_w = 13, .box_h = 21, .ofs_x = 3, .ofs_y = 25},
    {.bitmap_index = 4553, .adv_w = 408, .box_w = 22, .box_h = 65, .ofs_x = 3, .ofs_y = -16},
    {.bitmap_index = 5268, .adv_w = 399, .box_w = 22, .box_h = 65, .ofs_x = 0, .ofs_y = -16},
    {.bitmap_index = 5983, .adv_w = 553, .box_w = 30, .box_h = 30, .ofs_x = 2, .ofs_y = 16},
    {.bitmap_index = 6433, .adv_w = 635, .box_w = 28, .box_h = 28, .ofs_x = 6, .ofs_y = 9},
    {.bitmap_index = 6825, .adv_w = 301, .box_w = 13, .box_h = 21, .ofs_x = 3, .ofs_y = -10},
    {.bitmap_index = 6962, .adv_w = 442, .box_w = 20, .box_h = 8, .ofs_x = 4, .ofs_y = 13},
    {.bitmap_index = 7042, .adv_w = 305, .box_w = 13, .box_h = 13, .ofs_x = 3, .ofs_y = -1},
    {.bitmap_index = 7127, .adv_w = 397, .box_w = 28, .box_h = 58, .ofs_x = -2, .ofs_y = -13},
    {.bitmap_index = 7939, .adv_w = 664, .box_w = 36, .box_h = 47, .ofs_x = 3, .ofs_y = -1},
    {.bitmap_index = 8785, .adv_w = 463, .box_w = 25, .box_h = 46, .ofs_x = 0, .ofs_y = 0},
    {.bitmap_index = 9360, .adv_w = 608, .box_w = 34, .box_h = 47, .ofs_x = 2, .ofs_y = 0},
    {.bitmap_index = 10159, .adv_w = 623, .box_w = 35, .box_h = 47, .ofs_x = 2, .ofs_y = -1},
    {.bitmap_index = 10982, .adv_w = 651, .box_w = 39, .box_h = 45, .ofs_x = 1, .ofs_y = 0},
    {.bitmap_index = 11860, .adv_w = 614, .box_w = 35, .box_h = 46, .ofs_x = 2, .ofs_y = -1},
    {.bitmap_index = 12665, .adv_w = 633, .box_w = 34, .box_h = 47, .ofs_x = 3, .ofs_y = -1},
    {.bitmap_index = 13464, .adv_w = 567, .box_w = 33, .box_h = 46, .ofs_x = 1, .ofs_y = 0},
    {.bitmap_index = 14223, .adv_w = 614, .box_w = 36, .box_h = 47, .ofs_x = 1, .ofs_y = -1},
    {.bitmap_index = 15069, .adv_w = 633, .box_w = 35, .box_h = 47, .ofs_x = 2, .ofs_y = -1},
    {.bitmap_index = 15892, .adv_w = 305, .box_w = 13, .box_h = 34, .ofs_x = 3, .ofs_y = -1},
    {.bitmap_index = 16113, .adv_w = 305, .box_w = 13, .box_h = 43, .ofs_x = 3, .ofs_y = -10},
    {.bitmap_index = 16393, .adv_w = 635, .box_w = 28, .box_h = 29, .ofs_x = 6, .ofs_y = 8},
    {.bitmap_index = 16799, .adv_w = 635, .box_w = 28, .box_h = 19, .ofs_x = 6, .ofs_y = 13},
    {.bitmap_index = 17065, .adv_w = 635, .box_w = 28, .box_h = 29, .ofs_x = 6, .ofs_y = 8},
    {.bitmap_index = 17471, .adv_w = 592, .box_w = 33, .box_h = 47, .ofs_x = 2, .ofs_y = -1},
    {.bitmap_index = 18247, .adv_w = 1038, .box_w = 57, .box_h = 59, .ofs_x = 4, .ofs_y = -13},
    {.bitmap_index = 19929, .adv_w = 649, .box_w = 39, .box_h = 46, .ofs_x = 1, .ofs_y = 0},
    {.bitmap_index = 20826, .adv_w = 680, .box_w = 38, .box_h = 45, .ofs_x = 2, .ofs_y = 0},
    {.bitmap_index = 21681, .adv_w = 659, .box_w = 36, .box_h = 47, .ofs_x = 3, .ofs_y = -1},
    {.bitmap_index = 22527, .adv_w = 682, .box_w = 38, .box_h = 45, .ofs_x = 2, .ofs_y = 0},
    {.bitmap_index = 23382, .adv_w = 567, .box_w = 30, .box_h = 45, .ofs_x = 4, .ofs_y = 0},
    {.bitmap_index = 24057, .adv_w = 547, .box_w = 29, .box_h = 46, .ofs_x = 4, .ofs_y = 0},
    {.bitmap_index = 24724, .adv_w = 678, .box_w = 36, .box_h = 47, .ofs_x = 3, .ofs_y = -1},
    {.bitmap_index = 25570, .adv_w = 672, .box_w = 34, .box_h = 46, .ofs_x = 4, .ofs_y = 0},
    {.bitmap_index = 26352, .adv_w = 270, .box_w = 9, .box_h = 46, .ofs_x = 4, .ofs_y = 0},
    {.bitmap_index = 26559, .adv_w = 625, .box_w = 35, .box_h = 46, .ofs_x = 2, .ofs_y = -1},
    {.bitmap_index = 27364, .adv_w = 641, .box_w = 36, .box_h = 46, .ofs_x = 4, .ofs_y = 0},
    {.bitmap_index = 28192, .adv_w = 555, .box_w = 30, .box_h = 46, .ofs_x = 4, .ofs_y = 0},
    {.bitmap_index = 28882, .adv_w = 903, .box_w = 49, .box_h = 46, .ofs_x = 4, .ofs_y = 0},
    {.bitmap_index = 30009, .adv_w = 686, .box_w = 35, .box_h = 45, .ofs_x = 4, .ofs_y = 0},
    {.bitmap_index = 30797, .adv_w = 692, .box_w = 38, .box_h = 47, .ofs_x = 3, .ofs_y = -1},
    {.bitmap_index = 31690, .adv_w = 618, .box_w = 33, .box_h = 46, .ofs_x = 4, .ofs_y = 0},
    {.bitmap_index = 32449, .adv_w = 692, .box_w = 38, .box_h = 58, .ofs_x = 3, .ofs_y = -12},
    {.bitmap_index = 33551, .adv_w = 647, .box_w = 34, .box_h = 45, .ofs_x = 4, .ofs_y = 0},
    {.bitmap_index = 34316, .adv_w = 621, .box_w = 35, .box_h = 47, .ofs_x = 2, .ofs_y = -1},
    {.bitmap_index = 35139, .adv_w = 602, .box_w = 36, .box_h = 46, .ofs_x = 1, .ofs_y = 0},
    {.bitmap_index = 35967, .adv_w = 688, .box_w = 37, .box_h = 46, .ofs_x = 3, .ofs_y = -1},
    {.bitmap_index = 36818, .adv_w = 633, .box_w = 38, .box_h = 46, .ofs_x = 1, .ofs_y = 0},
    {.bitmap_index = 37692, .adv_w = 920, .box_w = 55, .box_h = 46, .ofs_x = 1, .ofs_y = 0},
    {.bitmap_index = 38957, .adv_w = 659, .box_w = 39, .box_h = 46, .ofs_x = 1, .ofs_y = 0},
    {.bitmap_index = 39854, .adv_w = 639, .box_w = 40, .box_h = 46, .ofs_x = 0, .ofs_y = 0},
    {.bitmap_index = 40774, .adv_w = 590, .box_w = 33, .box_h = 45, .ofs_x = 2, .ofs_y = 0},
    {.bitmap_index = 41517, .adv_w = 367, .box_w = 18, .box_h = 65, .ofs_x = 4, .ofs_y = -16},
    {.bitmap_index = 42102, .adv_w = 397, .box_w = 28, .box_h = 58, .ofs_x = -2, .ofs_y = -13},
    {.bitmap_index = 42914, .adv_w = 367, .box_w = 18, .box_h = 65, .ofs_x = 1, .ofs_y = -16},
    {.bitmap_index = 43499, .adv_w = 635, .box_w = 32, .box_h = 19, .ofs_x = 4, .ofs_y = 27},
    {.bitmap_index = 43803, .adv_w = 635, .box_w = 32, .box_h = 8, .ofs_x = 4, .ofs_y = -10},
    {.bitmap_index = 43931, .adv_w = 303, .box_w = 15, .box_h = 10, .ofs_x = 2, .ofs_y = 36},
    {.bitmap_index = 44006, .adv_w = 592, .box_w = 34, .box_h = 34, .ofs_x = 2, .ofs_y = -1},
    {.bitmap_index = 44584, .adv_w = 653, .box_w = 34, .box_h = 47, .ofs_x = 4, .ofs_y = -1},
    {.bitmap_index = 45383, .adv_w = 600, .box_w = 34, .box_h = 34, .ofs_x = 2, .ofs_y = -1},
    {.bitmap_index = 45961, .adv_w = 653, .box_w = 35, .box_h = 47, .ofs_x = 2, .ofs_y = -1},
    {.bitmap_index = 46784, .adv_w = 591, .box_w = 33, .box_h = 34, .ofs_x = 2, .ofs_y = -1},
    {.bitmap_index = 47345, .adv_w = 446, .box_w = 26, .box_h = 46, .ofs_x = 1, .ofs_y = -1},
    {.bitmap_index = 47943, .adv_w = 653, .box_w = 35, .box_h = 46, .ofs_x = 2, .ofs_y = -13},
    {.bitmap_index = 48748, .adv_w = 631, .box_w = 32, .box_h = 46, .ofs_x = 4, .ofs_y = 0},
    {.bitmap_index = 49484, .adv_w = 272, .box_w = 11, .box_h = 47, .ofs_x = 3, .ofs_y = 0},
    {.bitmap_index = 49743, .adv_w = 274, .box_w = 16, .box_h = 59, .ofs_x = -2, .ofs_y = -13},
    {.bitmap_index = 50215, .adv_w = 578, .box_w = 32, .box_h = 46, .ofs_x = 4, .ofs_y = 0},
    {.bitmap_index = 50951, .adv_w = 272, .box_w = 9, .box_h = 46, .ofs_x = 4, .ofs_y = 0},
    {.bitmap_index = 51158, .adv_w = 874, .box_w = 47, .box_h = 33, .ofs_x = 4, .ofs_y = 0},
    {.bitmap_index = 51934, .adv_w = 631, .box_w = 32, .box_h = 33, .ofs_x = 4, .ofs_y = 0},
    {.bitmap_index = 52462, .adv_w = 627, .box_w = 35, .box_h = 34, .ofs_x = 2, .ofs_y = -1},
    {.bitmap_index = 53057, .adv_w = 653, .box_w = 34, .box_h = 46, .ofs_x = 4, .ofs_y = -13},
    {.bitmap_index = 53839, .adv_w = 653, .box_w = 35, .box_h = 46, .ofs_x = 2, .ofs_y = -13},
    {.bitmap_index = 54644, .adv_w = 406, .box_w = 20, .box_h = 33, .ofs_x = 4, .ofs_y = 0},
    {.bitmap_index = 54974, .adv_w = 537, .box_w = 29, .box_h = 34, .ofs_x = 2, .ofs_y = -1},
    {.bitmap_index = 55467, .adv_w = 467, .box_w = 26, .box_h = 42, .ofs_x = 1, .ofs_y = 0},
    {.bitmap_index = 56013, .adv_w = 631, .box_w = 31, .box_h = 33, .ofs_x = 4, .ofs_y = -1},
    {.bitmap_index = 56525, .adv_w = 561, .box_w = 34, .box_h = 32, .ofs_x = 1, .ofs_y = 0},
    {.bitmap_index = 57069, .adv_w = 803, .box_w = 46, .box_h = 32, .ofs_x = 2, .ofs_y = 0},
    {.bitmap_index = 57805, .adv_w = 606, .box_w = 36, .box_h = 33, .ofs_x = 1, .ofs_y = 0},
    {.bitmap_index = 58399, .adv_w = 631, .box_w = 31, .box_h = 45, .ofs_x = 4, .ofs_y = -13},
    {.bitmap_index = 59097, .adv_w = 530, .box_w = 28, .box_h = 32, .ofs_x = 3, .ofs_y = 0},
    {.bitmap_index = 59545, .adv_w = 477, .box_w = 27, .box_h = 65, .ofs_x = 2, .ofs_y = -16},
    {.bitmap_index = 60423, .adv_w = 264, .box_w = 9, .box_h = 69, .ofs_x = 4, .ofs_y = -16},
    {.bitmap_index = 60734, .adv_w = 477, .box_w = 27, .box_h = 65, .ofs_x = 1, .ofs_y = -16},
    {.bitmap_index = 61612, .adv_w = 635, .box_w = 35, .box_h = 16, .ofs_x = 2, .ofs_y = 15},
    {.bitmap_index = 61892, .adv_w = 528, .box_w = 27, .box_h = 27, .ofs_x = 3, .ofs_y = 19},
    {.bitmap_index = 62257, .adv_w = 403, .box_w = 22, .box_h = 21, .ofs_x = 2, .ofs_y = 26},
    {.bitmap_index = 62488, .adv_w = 639, .box_w = 36, .box_h = 45, .ofs_x = 4, .ofs_y = -13}
};

/*---------------------
 *  CHARACTER MAPPING
 *--------------------*/

static const uint16_t unicode_list_1[] = {
    0x0, 0x2, 0x7
};

/*Collect the unicode lists and glyph_id offsets*/
static const lv_font_fmt_txt_cmap_t cmaps[] =
{
    {
        .range_start = 32, .range_length = 95, .glyph_id_start = 1,
        .unicode_list = NULL, .glyph_id_ofs_list = NULL, .list_length = 0, .type = LV_FONT_FMT_TXT_CMAP_FORMAT0_TINY
    },
    {
        .range_start = 174, .range_length = 8, .glyph_id_start = 96,
        .unicode_list = unicode_list_1, .glyph_id_ofs_list = NULL, .list_length = 3, .type = LV_FONT_FMT_TXT_CMAP_SPARSE_TINY
    }
};

/*-----------------
 *    KERNING
 *----------------*/


/*Map glyph_ids to kern left classes*/
static const uint8_t kern_left_class_mapping[] =
{
    0, 1, 0, 2, 0, 0, 0, 0,
    2, 3, 0, 0, 0, 4, 5, 6,
    7, 8, 0, 9, 10, 11, 12, 13,
    14, 15, 16, 0, 0, 0, 0, 0,
    0, 0, 17, 18, 19, 20, 0, 21,
    22, 0, 0, 23, 24, 25, 0, 0,
    20, 26, 20, 27, 28, 29, 30, 31,
    32, 33, 34, 35, 36, 37, 0, 0,
    0, 0, 38, 39, 39, 0, 39, 40,
    0, 41, 42, 42, 43, 0, 41, 41,
    39, 39, 0, 44, 45, 46, 0, 47,
    48, 49, 0, 50, 36, 0, 51, 0,
    0, 0, 0
};

/*Map glyph_ids to kern right classes*/
static const uint8_t kern_right_class_mapping[] =
{
    0, 1, 0, 2, 0, 0, 0, 0,
    2, 0, 3, 0, 0, 4, 5, 4,
    6, 7, 8, 9, 0, 10, 0, 11,
    12, 13, 14, 0, 0, 0, 0, 0,
    15, 0, 16, 17, 18, 17, 0, 0,
    18, 0, 0, 19, 0, 0, 0, 0,
    18, 0, 18, 0, 20, 21, 22, 23,
    24, 25, 26, 27, 0, 28, 29, 0,
    0, 0, 30, 0, 31, 31, 31, 32,
    31, 0, 33, 34, 0, 35, 36, 36,
    31, 36, 31, 36, 37, 38, 39, 40,
    41, 42, 39, 43, 44, 0, 29, 0,
    0, 0, 0
};

/*Kern values between classes*/
static const int8_t kern_class_values[] =
{
    0, 0, 0, -27, -24, 0, 0, 0,
    0, 0, 0, 0, 0, 0, 0, -11,
    0, 0, 0, 0, -27, 0, -11, -5,
    0, -9, 0, 0, 0, 0, 0, 0,
    0, 0, 0, 0, 0, 0, 0, 0,
    0, 0, 0, -24, 0, 0, 0, 0,
    0, 0, 0, 0, 0, -38, 0, 0,
    0, 0, 0, -58, 0, 0, -71, 0,
    0, 0, 0, 0, 0, 0, 0, 0,
    0, -20, -22, 9, 0, 0, 0, 0,
    -9, 9, 0, 0, 0, 0, 0, 0,
    0, 0, 15, 0, 0, 0, -9, -27,
    -4, -36, -9, 0, -9, -9, 0, -9,
    0, -11, -36, 0, 0, 0, 0, 0,
    0, 0, 0, 0, 0, -9, -18, -9,
    0, 40, 0, 0, -9, -9, -9, -22,
    -15, 0, 0, 0, -27, 0, 0, 0,
    0, 0, -11, -47, 0, 0, -9, -31,
    0, -2, 0, 0, 0, -16, 0, 0,
    -87, -13, -60, -35, 0, -100, 0, 0,
    0, 0, -5, -60, 0, 18, 0, 0,
    0, -60, 0, -36, -22, 0, 0, 0,
    -24, 0, 0, 0, 0, 0, 0, 0,
    0, 0, 0, -40, 0, 0, 0, -7,
    0, 0, 0, 0, -69, 0, -33, -9,
    -36, -89, -15, 0, 0, 0, 0, -20,
    0, 0, 0, 0, 0, -20, 0, -11,
    -5, -33, -20, 0, -27, 0, 0, 0,
    0, 0, -11, -47, 0, 0, -9, -31,
    0, -2, 0, 0, 0, -16, 0, 0,
    -87, -13, -60, -35, 0, -100, 0, 0,
    0, 0, -5, -60, 0, 0, 0, 0,
    0, -60, 0, -36, -22, 0, 0, 0,
    0, 0, 0, 0, 0, 0, 0, 0,
    0, 0, 0, 0, 0, 0, 0, 0,
    0, 0, -16, 0, 18, 0, 18, 0,
    0, 0, 0, 0, 0, -13, -13, 0,
    27, 27, 0, 0, -9, 0, 0, 0,
    0, 0, 0, 0, 0, 0, -9, -11,
    0, 0, 0, 0, 0, 0, 0, -18,
    0, 0, 0, 0, 0, 0, 0, 0,
    0, 0, 0, 0, 0, 0, 0, 0,
    -9, 0, 0, 0, 0, 0, 0, 0,
    0, 0, 0, 0, 0, 0, 0, 0,
    0, 0, 0, 0, 0, 0, 0, 0,
    0, -15, 0, -9, 0, -4, 0, 0,
    0, 0, 0, 0, 0, 0, 0, 0,
    0, 0, 0, 0, 0, 0, 0, 0,
    0, 0, 0, 0, 0, 0, 0, 0,
    0, 0, 0, 0, 0, 0, 0, 0,
    0, 0, 0, -16, 0, 0, 0, 0,
    0, 0, 0, 0, 0, 0, 0, 0,
    0, 0, 0, 0, 0, 0, 0, 0,
    0, 0, 0, 0, 0, 0, 0, 0,
    0, 0, 0, 0, 0, 0, 0, 0,
    0, -36, 0, 0, 0, 0, 0, -35,
    0, 0, 0, -38, 0, 0, 0, 0,
    0, 0, 0, 0, 0, 0, 0, 0,
    0, 0, 0, 0, 0, 0, 0, 0,
    0, 0, 0, 0, 0, 0, 0, 0,
    0, 0, 0, 0, 0, 0, 0, 0,
    0, 0, 0, -16, -7, 0, 0, -11,
    0, 0, 0, 0, 0, 0, 0, 0,
    0, 0, 0, 0, 0, 0, 0, 0,
    0, 0, 0, 0, 0, 0, 0, 0,
    0, 0, 0, 0, 0, 0, 0, 0,
    0, 0, -9, -2, 0, 0, 0, -4,
    -4, 0, 0, -15, 0, 0, 0, 0,
    0, 0, 0, 0, 0, 0, 0, 0,
    0, 0, 0, 0, -7, 0, 0, 0,
    0, 0, 0, 0, 0, 0, 0, 0,
    0, 0, 0, 0, 0, 0, 0, -62,
    -38, 0, -4, -9, -4, -42, -4, 0,
    0, 0, 0, 0, 0, 0, 0, 0,
    0, 0, 0, 0, 0, 0, 0, 0,
    0, 0, 0, 0, 0, 0, 0, 0,
    0, 0, 0, 0, 0, 0, 0, 0,
    0, 0, -9, 0, 0, 0, 0, 0,
    0, 0, 0, -9, 0, 0, 0, 0,
    0, 0, 0, 0, 0, 0, 0, 0,
    0, 0, 0, 0, -9, 0, 0, 0,
    0, 0, 0, 0, 0, 0, 0, 0,
    0, 0, 0, 0, 0, 0, -9, -9,
    0, 0, 0, 0, 0, 0, 0, -18,
    0, 0, 0, 0, 0, 0, 0, 0,
    0, 0, 0, 0, 0, 0, 0, 0,
    -9, 0, 0, 0, 0, 0, 0, 0,
    0, 0, 0, 0, 0, 0, 0, 0,
    -11, -58, -9, 0, -7, 0, 0, 0,
    0, 0, 0, 0, 0, 0, -38, 0,
    0, -5, 0, 0, -58, -9, -42, -16,
    0, -66, 0, 0, 0, 0, 0, -24,
    0, 0, 0, 0, 0, -24, 0, -9,
    -4, 0, 0, 0, 0, 0, -4, 0,
    0, 0, 0, 0, 0, 0, 0, 0,
    0, 0, 0, -5, 0, 0, 0, 0,
    -11, 0, -5, 0, -15, -13, 0, 0,
    0, 0, 0, 0, 0, 0, 0, 0,
    0, 0, 0, 0, 0, 0, 0, 0,
    0, 0, 0, 0, 0, 0, 0, 0,
    0, 0, 0, 0, 0, 0, 0, -7,
    0, 0, 0, 0, -13, 0, -7, 0,
    -11, -16, -5, 0, 0, 0, 0, 0,
    0, 0, 0, 0, 0, 0, 0, 0,
    0, 0, 0, 0, 0, 0, -11, -16,
    0, -20, 0, 0, 0, 0, 0, 0,
    0, 0, 0, -5, -20, 0, 0, 0,
    -25, 0, -13, -5, -22, -25, -11, 0,
    0, 0, 0, 0, 0, 0, 0, 0,
    0, 0, 0, 0, 0, 0, 0, 0,
    0, 0, 0, -67, 0, -27, 0, 0,
    0, 0, 0, 0, 0, 0, 0, -40,
    0, -5, 0, 0, 0, 0, 0, 0,
    0, 0, 0, 0, 0, -7, -4, 0,
    0, 0, 0, 0, -7, 0, 0, 0,
    0, 0, 0, 0, 0, -9, 0, 0,
    0, 0, 0, 0, 0, 0, 0, 0,
    0, 0, 0, 0, 0, 0, 0, 0,
    -29, 0, -18, -5, 0, -31, 0, 0,
    0, 0, 0, 0, 0, 0, 0, 0,
    0, 0, 0, 0, 0, 0, 0, 0,
    0, 0, 0, -58, -49, -52, 0, 0,
    0, 0, 0, 0, 0, 0, 0, -35,
    0, -16, -33, 0, 0, 0, 0, 0,
    0, 0, 0, 13, 0, -31, -35, 0,
    0, 0, 0, -31, 0, 0, -31, 0,
    0, 0, 0, 0, 0, 0, 0, 0,
    -35, 0, 0, 0, 0, 0, 0, 0,
    0, 0, 0, 0, 0, -27, 0, -7,
    0, 0, 0, 0, 0, 0, 0, 0,
    0, 0, -13, -27, 0, 0, 0, 0,
    -7, -27, -11, -24, -11, 0, 0, 0,
    -27, -95, -7, 0, -33, 0, 0, 0,
    0, 0, 0, 0, 0, 0, 0, 0,
    0, -22, 0, 0, -87, -18, -64, -11,
    0, -104, 0, -35, 0, 0, 0, -44,
    0, 0, 0, 0, 0, -44, 0, -29,
    -7, 0, 0, 0, 0, 0, -5, -89,
    -27, -69, 0, 0, 0, 0, 0, 0,
    0, 0, 0, -49, -4, 0, -36, 0,
    -2, 0, -4, 0, -20, -7, -16, 0,
    0, -9, -11, 0, 0, 0, 0, 0,
    -9, 0, 0, 0, 0, 0, 0, 0,
    0, 0, -4, 0, 0, 0, 0, 0,
    0, 0, 0, 0, 0, 0, 0, 0,
    0, 0, 0, 0, -11, 0, -11, 0,
    0, -16, 0, 0, 0, 0, 0, 0,
    0, 0, 0, 0, 0, 0, 0, 0,
    0, 0, 0, 0, 0, 0, 0, 0,
    0, -7, 0, 0, 0, 0, 0, 0,
    0, 0, 0, 0, -4, 0, 0, 0,
    -20, 0, -9, 0, -13, -20, 0, 0,
    0, 0, 0, 0, 0, 0, 0, 0,
    0, 0, 0, 0, 0, 0, 0, 0,
    -27, 0, 0, -87, -69, -73, 0, 0,
    0, 0, 0, 0, 0, 0, 0, -58,
    0, -25, -80, -11, 0, 0, 0, 0,
    0, 0, 0, 18, 0, -78, -86, -55,
    -11, -11, 0, -62, -69, -55, -66, -62,
    -62, -73, -67, 0, 0, 0, 0, -13,
    0, -15, 0, 0, 0, 0, 0, 0,
    0, 0, 0, -9, 0, 0, 0, 0,
    0, 0, 0, 0, 0, 0, 0, 0,
    0, 0, 0, 0, 0, 0, 0, 0,
    0, 0, 0, 0, 0, 0, 0, 0,
    -11, 0, 0, -60, -33, -55, 0, 0,
    0, 0, 0, 0, 0, 0, 0, -42,
    0, -13, 0, -7, 0, 0, 0, 0,
    0, 0, 0, 18, 0, -27, -27, -9,
    0, 0, 0, -7, -24, -9, -11, -15,
    -13, -22, -5, 0, -5, 0, 0, -35,
    -9, -24, 0, 0, 0, 0, 0, 0,
    0, 0, 0, -16, 0, -5, 0, 0,
    0, 0, 0, 0, 0, 0, 0, 0,
    0, -5, -5, -4, 0, 0, 0, 0,
    0, -4, 0, 0, 0, 0, 0, 0,
    0, 0, 0, 0, -36, 0, 0, 0,
    0, 0, 0, 0, 0, 0, 0, 0,
    0, -22, -7, -11, 0, 0, 0, 0,
    0, 0, 0, 0, 0, -4, -15, -16,
    0, 0, 0, 0, -7, -16, -7, -13,
    -7, 0, 0, 0, -9, 0, 0, -100,
    -89, -69, 0, 0, 0, 0, 0, 0,
    0, 0, 0, -66, 0, -25, -95, -18,
    0, 0, 0, 0, 0, 0, 0, 0,
    0, -76, -80, -46, 0, 0, 0, -69,
    -73, -46, -69, -58, -56, -62, -71, 0,
    0, 0, 0, 0, -33, 0, 0, 0,
    0, 0, 0, 0, 0, 0, 0, 0,
    0, -11, 0, 0, 0, 0, 0, 0,
    0, 0, 0, 0, 0, 0, -7, -11,
    0, 0, 0, 0, -2, -11, -5, -5,
    0, 0, 0, 0, 0, 0, 0, 0,
    0, 0, -9, -27, 0, -25, -9, 0,
    -9, -7, 0, 0, 0, 0, 0, 0,
    0, 0, 0, 0, 0, 0, 0, 0,
    0, 0, -9, 0, 0, 36, 0, 0,
    0, 0, 0, 0, 0, 0, 0, 0,
    0, 0, 0, 0, 0, 0, 0, 0,
    0, 0, 0, 0, 0, 0, 0, 0,
    0, -20, -9, -7, -73, -15, -55, -24,
    0, -69, 0, 0, 0, -5, -13, -55,
    0, 67, 0, 0, -9, -55, -20, -18,
    -7, 0, 0, 0, 0, -22, -16, 0,
    -9, 0, 0, 0, 0, 0, 0, 0,
    0, 0, -22, 0, 0, 0, 0, 0,
    0, 0, 0, 0, 0, 0, 0, -18,
    0, 0, -9, -33, 0, 0, 0, 0,
    -4, -33, -13, -25, -2, 0, 0, 0,
    0, -22, -18, -5, 0, -13, 0, 0,
    0, 0, 0, 0, 0, 0, 0, 0,
    0, 0, 0, 0, 0, 0, 0, 0,
    0, 0, 0, -13, -9, 0, 0, -15,
    0, 0, 0, 0, 0, -15, 0, -13,
    -2, -29, -7, 0, 0, 9, 0, -62,
    -9, -33, 0, 0, 0, 0, 0, 0,
    0, 0, 0, 0, 0, 0, 0, 0,
    0, 0, 0, 0, 0, 0, 0, 18,
    0, -7, -15, -100, -25, -25, -25, 0,
    -4, -9, 0, 0, 0, 0, 0, 0,
    0, -16, -9, 0, 0, 0, 0, 0,
    0, 0, 0, 0, 0, 0, 0, 0,
    0, 0, 0, 0, 0, 0, 0, 0,
    0, 0, 0, -20, -2, 0, 0, -13,
    0, 0, 0, 0, 0, -13, -7, -13,
    0, 0, 0, 0, 0, 0, 0, 0,
    0, 0, 0, 0, 0, 0, 0, 0,
    0, 0, 0, 0, 0, 0, 0, 0,
    0, 0, 0, 0, 0, 0, 0, 27,
    0, 0, 0, 0, 0, 0, 0, 0,
    0, 0, 0, 0, 0, 0, 0, 0,
    0, 0, 0, 0, -33, 0, 0, 0,
    0, 0, 0, 0, 0, 0, 0, 0,
    0, 0, 0, 0, 0, 0, 0, 0,
    0, 0, 0, 0, 0, -9, -27, 0,
    0, 0, 0, 0, -13, 0, 0, 0,
    0, 0, 0, 0, 0, 0, 0, -73,
    -11, -31, 0, 0, 0, 0, 0, 0,
    0, 0, 0, 0, 0, 0, 0, 0,
    0, 0, 0, 0, 0, 0, 0, 0,
    0, -11, -16, 0, 0, 0, 0, 0,
    -11, 0, 0, 0, 0, 0, 0, 0,
    0, -13, -9, 0, 0, -9, 0, 0,
    0, 0, 0, 0, 0, 0, 0, 0,
    0, 0, 0, 0, 0, 0, 0, 0,
    0, 0, 0, -9, 0, -4, 0, -9,
    0, 0, 0, 0, 0, -9, 0, -18,
    0, -6, 0, 0, 0, 9, 0, 0,
    -18, 0, 0, 0, 0, 0, 0, 0,
    0, 0, 0, 0, 0, 0, 0, 0,
    0, 0, 0, 0, 0, 0, 0, 0,
    0, 0, -16, -22, 0, 0, 0, 0,
    0, -118, 0, 0, 0, 0, 0, 0,
    0, 0, -22, -36, -11, -18, 0, 0,
    0, 0, 0, 0, 0, 0, 0, 0,
    0, 0, 0, 0, 0, 0, 0, 0,
    0, 0, 0, 0, 0, -11, -13, 0,
    0, 0, 0, 0, -11, 0, 0, 0,
    0, 0, 0, 0, 0, 0, -15, -22,
    -5, -7, 0, 0, 0, 0, 0, 0,
    0, 0, 0, 0, 0, 0, 0, 0,
    0, 0, 0, 0, 0, 0, 0, 0,
    0, 0, -2, 0, 0, 0, 0, 0,
    0, 0, 0, 0, 0, 0, 0, 0,
    0, 0, 0, 0, -33, 0, 0, 0,
    0, 0, 0, 0, 0, 0, 0, 0,
    0, 0, 0, 0, 0, 0, 0, 0,
    0, 0, 0, 0, 0, -7, -29, 0,
    0, 0, 0, 0, -7, 0, 0, 0,
    0, 0, 0, 0, 0, 0, 0, 0,
    -20, 0, 0, 0, 0, 0, 0, 0,
    0, 0, 0, 0, 0, 0, 0, 0,
    0, 0, 0, 0, 0, 0, 0, 0,
    0, 0, -7, 0, 0, 0, 0, 0,
    0, 0, 0, 0, 0, 0, 0, 0,
    -24, 0, 0, 0, 0, 0, 0, 0,
    0, 0, 0, 0, 0, 0, 0, 0,
    0, 0, 0, 0, 0, 0, 0, 0,
    0, 0, 0, 0, 0, 0, 0, 0,
    0, 0, 0, 0, 0, 0, 0, 0,
    0, 0, 0, 0
};


/*Collect the kern class' data in one place*/
static const lv_font_fmt_txt_kern_classes_t kern_classes =
{
    .class_pair_values   = kern_class_values,
    .left_class_mapping  = kern_left_class_mapping,
    .right_class_mapping = kern_right_class_mapping,
    .left_class_cnt      = 51,
    .right_class_cnt     = 44,
};

/*--------------------
 *  ALL CUSTOM DATA
 *--------------------*/

#if LVGL_VERSION_MAJOR == 8
/*Store all the custom data of the font*/
static  lv_font_fmt_txt_glyph_cache_t cache;
#endif

#if LVGL_VERSION_MAJOR >= 8
static const lv_font_fmt_txt_dsc_t font_dsc = {
#else
static lv_font_fmt_txt_dsc_t font_dsc = {
#endif
    .glyph_bitmap = glyph_bitmap,
    .glyph_dsc = glyph_dsc,
    .cmaps = cmaps,
    .kern_dsc = &kern_classes,
    .kern_scale = 18,
    .cmap_num = 2,
    .bpp = 4,
    .kern_classes = 1,
    .bitmap_format = 0,
#if LVGL_VERSION_MAJOR == 8
    .cache = &cache
#endif
};



/*-----------------
 *  PUBLIC FONT
 *----------------*/

/*Initialize a public general font descriptor*/
#if LVGL_VERSION_MAJOR >= 8
const lv_font_t lv_font_grotesk_64 = {
#else
lv_font_t lv_font_grotesk_64 = {
#endif
    .get_glyph_dsc = lv_font_get_glyph_dsc_fmt_txt,    /*Function pointer to get glyph's data*/
    .get_glyph_bitmap = lv_font_get_bitmap_fmt_txt,    /*Function pointer to get glyph's bitmap*/
    .line_height = 69,          /*The maximum line height required by the font*/
    .base_line = 16,             /*Baseline measured from the bottom of the line*/
#if !(LVGL_VERSION_MAJOR == 6 && LVGL_VERSION_MINOR == 0)
    .subpx = LV_FONT_SUBPX_NONE,
#endif
#if LV_VERSION_CHECK(7, 4, 0) || LVGL_VERSION_MAJOR >= 8
    .underline_position = -6,
    .underline_thickness = 3,
#endif
    .dsc = &font_dsc,          /*The custom font data. Will be accessed by `get_glyph_bitmap/dsc` */
#if LV_VERSION_CHECK(8, 2, 0) || LVGL_VERSION_MAJOR >= 9
    .fallback = NULL,
#endif
    .user_data = NULL,
};



#endif /*#if LV_FONT_GROTESK_64*/

